time_stamp [], x_pos [m], y_pos [m], heading [rad], x_vel [m/s], y_vel [m/s], ang_vel [rad/s]
1640233488.140931606,0.00039238,-6.41878e-07,-0.000309292,-3.44522e-09,1.66944e-12,-5.87074e-09
1640233488.198417902,0.00039238,-6.41878e-07,-0.000309293,-3.40081e-09,1.62259e-12,-5.87074e-09
1640233488.278727293,0.00039238,-6.41878e-07,-0.000309293,-2.94668e-09,1.36972e-12,-5.54133e-09
1640233488.320918083,0.00039238,-6.41878e-07,-0.000309292,-2.63874e-09,1.20737e-12,-5.29127e-09
1640233488.399337769,0.00039238,-6.41878e-07,-0.000309293,-2.43561e-09,1.0784e-12,-5.17062e-09
1640233488.401788712,0.00039238,-6.41878e-07,-0.000309292,-2.31659e-09,1.02411e-12,-5.05023e-09
1640233488.440934896,0.00039238,-6.41878e-07,-0.000309292,-2.16893e-09,9.40406e-13,-4.93752e-09
1640233488.539988995,0.00039238,-6.41878e-07,-0.000309293,-1.90823e-09,7.7972e-13,-4.77249e-09
1640233488.580219030,0.00039238,-6.41878e-07,-0.000309293,-1.76634e-09,7.00298e-13,-4.66062e-09
1640233488.600967646,0.00039238,-6.41878e-07,-0.000309292,-1.61778e-09,6.29947e-13,-4.50199e-09
1640233488.661024094,0.00039238,-6.41878e-07,-0.000309292,-1.43154e-09,5.25827e-13,-4.34859e-09
1640233488.741055489,0.00039238,-6.41878e-07,-0.000309293,-1.25969e-09,4.17316e-13,-4.24972e-09
1640233488.781202555,0.00039238,-6.41878e-07,-0.000309293,-1.14477e-09,3.53678e-13,-4.15251e-09
1640233488.841459036,0.00039238,-6.41878e-07,-0.000309293,-1.00651e-09,2.70997e-13,-4.05768e-09
1640233488.881662130,0.00039238,-6.41878e-07,-0.000309292,-8.34487e-10,1.95433e-13,-3.8292e-09
1640233488.921829939,0.00039238,-6.41878e-07,-0.000309293,-7.76956e-10,1.5148e-13,-3.8292e-09
1640233488.940984726,0.00039238,-6.41878e-07,-0.000309292,-6.95338e-10,1.19381e-13,-3.70026e-09
1640233489.002253294,0.00039238,-6.41878e-07,-0.000309293,-5.90093e-10,4.94968e-14,-3.65761e-09
1640233489.082643032,0.00039238,-6.41878e-07,-0.000309293,-4.17133e-10,-4.35721e-14,-3.48998e-09
1640233489.122851133,0.00039238,-6.41878e-07,-0.000309293,-3.36478e-10,-8.68284e-14,-3.40999e-09
1640233489.163054943,0.00039238,-6.41878e-07,-0.000309292,-2.45832e-10,-1.23071e-13,-3.25555e-09
1640233489.223328829,0.00039238,-6.41878e-07,-0.000309292,-1.41566e-10,-1.78378e-13,-3.14416e-09
1640233489.263527632,0.00039238,-6.41878e-07,-0.000309293,-8.11222e-11,-2.22341e-13,-3.14416e-09
1640233489.343966246,0.00039238,-6.41878e-07,-0.000309293,4.7296e-11,-2.90318e-13,-3.00621e-09
1640233489.384171486,0.00039238,-6.41878e-07,-0.000309293,1.07106e-10,-3.20481e-13,-2.93262e-09
1640233489.424327612,0.00039238,-6.41878e-07,-0.000309293,1.63944e-10,-3.49747e-13,-2.86544e-09
1640233489.464732885,0.00039238,-6.41878e-07,-0.000309293,2.18413e-10,-3.77694e-13,-2.79987e-09
1640233489.504940510,0.00039238,-6.41878e-07,-0.000309292,2.58673e-10,-3.85921e-13,-2.67272e-09
1640233489.565246105,0.00039238,-6.41878e-07,-0.000309292,3.27692e-10,-4.20619e-13,-2.58121e-09
1640233489.621014357,0.00039238,-6.41878e-07,-0.000309292,3.86828e-10,-4.49992e-13,-2.49937e-09
1640233489.685795784,0.00039238,-6.41878e-07,-0.000309293,4.73008e-10,-5.06108e-13,-2.47063e-09
1640233489.726026297,0.00039238,-6.41878e-07,-0.000309292,4.86656e-10,-4.98634e-13,-2.3521e-09
1640233489.766227484,0.00039238,-6.41878e-07,-0.000309293,5.4525e-10,-5.39369e-13,-2.3521e-09
1640233489.806441545,0.00039238,-6.41878e-07,-0.000309293,5.79424e-10,-5.55536e-13,-2.29822e-09
1640233489.886806488,0.00039238,-6.41878e-07,-0.000309293,6.31701e-10,-5.7507e-13,-2.17605e-09
1640233489.920914173,0.00039238,-6.41878e-07,-0.000309292,6.36054e-10,-5.68363e-13,-2.10162e-09
1640233489.967126608,0.00039238,-6.41878e-07,-0.000309293,6.85632e-10,-5.99252e-13,-2.07728e-09
1640233490.027342081,0.00039238,-6.41878e-07,-0.000309293,7.38068e-10,-6.29089e-13,-2.02979e-09
1640233490.067584038,0.00039238,-6.41878e-07,-0.000309292,7.21469e-10,-6.05452e-13,-1.9307e-09
1640233490.147990227,0.00039238,-6.41878e-07,-0.000309293,7.9567e-10,-6.50536e-13,-1.88649e-09
1640233490.188198566,0.00039238,-6.41878e-07,-0.000309293,8.13584e-10,-6.57484e-13,-1.84329e-09
1640233490.228386879,0.00039238,-6.41878e-07,-0.000309293,8.18023e-10,-6.53912e-13,-1.78765e-09
1640233490.260933399,0.00039238,-6.41878e-07,-0.000309292,8.04125e-10,-6.37528e-13,-1.72672e-09
1640233490.308747053,0.00039238,-6.41878e-07,-0.000309293,8.46668e-10,-6.63909e-13,-1.70672e-09
1640233490.369049311,0.00039238,-6.41878e-07,-0.000309293,8.84906e-10,-6.85203e-13,-1.66773e-09
1640233490.449411154,0.00039238,-6.41878e-07,-0.000309293,8.97567e-10,-6.84453e-13,-1.58487e-09
1640233490.449411154,0.00039238,-6.41878e-07,-0.000309292,8.5689e-10,-6.53325e-13,-1.5486e-09
1640233490.529757261,0.00039238,-6.41878e-07,-0.000309293,9.13807e-10,-6.87509e-13,-1.51317e-09
1640233490.590060472,0.00039238,-6.41878e-07,-0.000309293,9.32625e-10,-6.95319e-13,-1.46893e-09
1640233490.600908995,0.00039238,-6.41878e-07,-0.000309292,8.82585e-10,-6.56847e-13,-1.41884e-09
1640233490.690572500,0.00039238,-6.41878e-07,-0.000309293,9.23053e-10,-6.78719e-13,-1.3704e-09
1640233490.730745316,0.00039238,-6.41878e-07,-0.000309293,9.26071e-10,-6.77529e-13,-1.33902e-09
1640233490.750838757,0.00039238,-6.41878e-07,-0.000309292,8.95559e-10,-6.53582e-13,-1.30095e-09
1640233490.790988207,0.00039238,-6.41878e-07,-0.000309292,8.97348e-10,-6.51838e-13,-1.27122e-09
1640233490.871473789,0.00039238,-6.41878e-07,-0.000309293,9.4182e-10,-6.78257e-13,-1.24215e-09
1640233490.940936327,0.00039238,-6.41878e-07,-0.000309292,8.97643e-10,-6.41899e-13,-1.16579e-09
1640233490.991970539,0.00039238,-6.41878e-07,-0.000309293,9.28716e-10,-6.60971e-13,-1.15234e-09
1640233491.032118082,0.00039238,-6.41878e-07,-0.000309293,9.26759e-10,-6.57199e-13,-1.12605e-09
1640233491.052205324,0.00039238,-6.41878e-07,-0.000309292,8.92295e-10,-6.31617e-13,-1.09314e-09
1640233491.092371464,0.00039238,-6.41878e-07,-0.000309292,8.89491e-10,-6.27488e-13,-1.06815e-09
1640233491.132543087,0.00039238,-6.41878e-07,-0.000309292,8.86181e-10,-6.23101e-13,-1.04372e-09
1640233491.212862253,0.00039238,-6.41878e-07,-0.000309293,9.1133e-10,-6.36831e-13,-1.01495e-09
1640233491.293308735,0.00039238,-6.41878e-07,-0.000309293,9.01431e-10,-6.26251e-13,-9.69032e-10
1640233491.333560944,0.00039238,-6.41878e-07,-0.000309293,8.95992e-10,-6.20746e-13,-9.46907e-10
1640233491.373769045,0.00039238,-6.41878e-07,-0.000309293,8.90098e-10,-6.15006e-13,-9.25264e-10
1640233491.393940210,0.00039238,-6.41878e-07,-0.000309292,8.53561e-10,-5.88961e-13,-8.97386e-10
1640233491.434149981,0.00039238,-6.41878e-07,-0.000309292,8.47301e-10,-5.83142e-13,-8.76849e-10
1640233491.474310875,0.00039238,-6.41878e-07,-0.000309292,8.40732e-10,-5.77183e-13,-8.56804e-10
1640233491.580992937,0.00039238,-6.41878e-07,-0.000309292,8.21699e-10,-5.60585e-13,-8.05607e-10
1640233491.635159492,0.00039238,-6.41878e-07,-0.000309292,8.44422e-10,-5.74373e-13,-7.96326e-10
1640233491.675325632,0.00039238,-6.41878e-07,-0.000309292,8.36345e-10,-5.67645e-13,-7.78133e-10
1640233491.715534925,0.00039238,-6.41878e-07,-0.000309292,8.28174e-10,-5.60909e-13,-7.60395e-10
1640233491.755742550,0.00039238,-6.41878e-07,-0.000309292,8.19726e-10,-5.54041e-13,-7.43027e-10
1640233491.775981903,0.00039238,-6.41878e-07,-0.000309292,7.82793e-10,-5.28519e-13,-7.19786e-10
1640233491.896533728,0.00039238,-6.41878e-07,-0.000309292,7.89055e-10,-5.29663e-13,-6.85409e-10
1640233491.920926809,0.00039238,-6.41878e-07,-0.000309292,7.51378e-10,-5.03782e-13,-6.62047e-10
1640233491.976849318,0.00039238,-6.41878e-07,-0.000309292,7.70466e-10,-5.15284e-13,-6.54419e-10
1640233492.017033815,0.00039238,-6.41878e-07,-0.000309292,7.61107e-10,-5.08117e-13,-6.39495e-10
1640233492.057205439,0.00039238,-6.41878e-07,-0.000309292,7.51479e-10,-5.00814e-13,-6.24844e-10
1640233492.117437840,0.00039238,-6.41878e-07,-0.000309292,7.06335e-10,-4.69511e-13,-5.9103e-10
1640233492.161087751,0.00039238,-6.41878e-07,-0.000309292,6.96127e-10,-4.6189e-13,-5.76347e-10
1640233492.200942516,0.00039238,-6.41878e-07,-0.000309292,6.86723e-10,-4.54914e-13,-5.63246e-10
1640233492.278114796,0.00039238,-6.41878e-07,-0.000309292,6.9801e-10,-4.60996e-13,-5.50337e-10
1640233492.320907831,0.00039238,-6.41878e-07,-0.000309292,6.58118e-10,-4.3392e-13,-5.25541e-10
1640233492.398670912,0.00039238,-6.41878e-07,-0.000309292,6.68439e-10,-4.39452e-13,-5.13557e-10
1640233492.418808699,0.00039238,-6.41878e-07,-0.000309292,6.34681e-10,-4.16936e-13,-4.96673e-10
1640233492.460928679,0.00039238,-6.41878e-07,-0.000309292,6.24622e-10,-4.09699e-13,-4.84763e-10
1640233492.500979185,0.00039238,-6.41878e-07,-0.000309292,6.15046e-10,-4.02839e-13,-4.73698e-10
1640233492.540925503,0.00039238,-6.41878e-07,-0.000309292,6.05405e-10,-3.95965e-13,-4.62861e-10
1640233492.619788885,0.00039238,-6.41878e-07,-0.000309292,6.13998e-10,-4.00503e-13,-4.52328e-10
1640233492.700149059,0.00039238,-6.41878e-07,-0.000309292,5.9407e-10,-3.86456e-13,-4.31838e-10
1640233492.740310431,0.00039238,-6.41878e-07,-0.000309292,5.8441e-10,-3.79668e-13,-4.22035e-10
1640233492.760394096,0.00039238,-6.41878e-07,-0.000309292,5.53453e-10,-3.59309e-13,-4.07838e-10
1640233492.800949812,0.00039238,-6.41878e-07,-0.000309292,5.43995e-10,-3.52704e-13,-3.98419e-10
1640233492.840991259,0.00039238,-6.41878e-07,-0.000309292,5.34703e-10,-3.46235e-13,-3.8933e-10
1640233492.880908251,0.00039238,-6.41878e-07,-0.000309292,5.25391e-10,-3.39775e-13,-3.80427e-10
1640233492.961208582,0.00039238,-6.41878e-07,-0.000309292,5.31488e-10,-3.42867e-13,-3.71733e-10
1640233493.041858912,0.00039238,-6.41878e-07,-0.000309292,5.12472e-10,-3.29786e-13,-3.54854e-10
1640233493.061945438,0.00039238,-6.41878e-07,-0.000309292,4.84392e-10,-3.11518e-13,-3.42721e-10
1640233493.102119923,0.00039238,-6.41878e-07,-0.000309292,4.75496e-10,-3.05428e-13,-3.34878e-10
1640233493.142294407,0.00039238,-6.41878e-07,-0.000309292,4.66674e-10,-2.99404e-13,-3.27213e-10
1640233493.181066036,0.00039238,-6.41878e-07,-0.000309292,4.58144e-10,-2.93595e-13,-3.1994e-10
1640233493.222626448,0.00039238,-6.41878e-07,-0.000309292,4.49199e-10,-2.87513e-13,-3.12372e-10
1640233493.302972317,0.00039238,-6.41878e-07,-0.000309292,4.5298e-10,-2.89269e-13,-3.05223e-10
1640233493.383408070,0.00039238,-6.41878e-07,-0.000309292,4.35471e-10,-2.77451e-13,-2.91401e-10
1640233493.403495550,0.00039238,-6.41878e-07,-0.000309292,4.11254e-10,-2.61866e-13,-2.81428e-10
1640233493.443708658,0.00039238,-6.41878e-07,-0.000309292,4.03078e-10,-2.56369e-13,-2.74979e-10
1640233493.480901241,0.00039238,-6.41878e-07,-0.000309292,3.95521e-10,-2.51301e-13,-2.69111e-10
1640233493.564414024,0.00039238,-6.41878e-07,-0.000309292,3.79053e-10,-2.40281e-13,-2.56469e-10
1640233493.644745588,0.00039238,-6.41878e-07,-0.000309292,3.81136e-10,-2.41075e-13,-2.506e-10
1640233493.685003519,0.00039238,-6.41878e-07,-0.000309292,3.73208e-10,-2.35801e-13,-2.44863e-10
1640233493.725189447,0.00039238,-6.41878e-07,-0.000309292,3.65329e-10,-2.30571e-13,-2.39245e-10
1640233493.745252132,0.00039238,-6.41878e-07,-0.000309292,3.69993e-10,-2.33395e-13,-2.39245e-10
1640233493.800924540,0.00039238,-6.41878e-07,-0.000309292,3.34603e-10,-2.10741e-13,-2.23748e-10
1640233493.865833759,0.00039238,-6.41878e-07,-0.000309292,3.2295e-10,-2.03048e-13,-2.15487e-10
1640233493.906055689,0.00039238,-6.41878e-07,-0.000309292,3.1593e-10,-1.9842e-13,-2.10549e-10
1640233493.946214914,0.00039238,-6.41878e-07,-0.000309292,3.09021e-10,-1.93872e-13,-2.05731e-10
1640233493.986390114,0.00039238,-6.41878e-07,-0.000309292,3.02209e-10,-1.89395e-13,-2.01021e-10
1640233494.026549339,0.00039238,-6.41878e-07,-0.000309292,2.95502e-10,-1.84994e-13,-1.9642e-10
1640233494.140934467,0.00039238,-6.41878e-07,-0.000309292,2.76858e-10,-1.72795e-13,-1.83839e-10
1640233494.187224627,0.00039238,-6.41878e-07,-0.000309292,2.78038e-10,-1.7332e-13,-1.81721e-10
1640233494.227371216,0.00039238,-6.41878e-07,-0.000309292,2.71687e-10,-1.6918e-13,-1.77567e-10
1640233494.247500658,0.00039238,-6.41878e-07,-0.000309292,2.60237e-10,-1.61962e-13,-1.72834e-10
1640233494.287719727,0.00039238,-6.41878e-07,-0.000309292,2.54203e-10,-1.58037e-13,-1.68876e-10
1640233494.368156910,0.00039238,-6.41878e-07,-0.000309292,2.42427e-10,-1.50394e-13,-1.61227e-10
1640233494.420922995,0.00039238,-6.41878e-07,-0.000309292,2.34895e-10,-1.45516e-13,-1.56389e-10
1640233494.480965137,0.00039238,-6.41878e-07,-0.000309292,2.26496e-10,-1.40087e-13,-1.51043e-10
1640233494.540957689,0.00039238,-6.41878e-07,-0.000309292,2.18331e-10,-1.3482e-13,-1.45885e-10
1640233494.569107533,0.00039238,-6.41878e-07,-0.000309292,2.21823e-10,-1.36874e-13,-1.45885e-10
1640233494.589223385,0.00039238,-6.41878e-07,-0.000309292,2.11932e-10,-1.30698e-13,-1.41868e-10
1640233494.669558048,0.00039238,-6.41878e-07,-0.000309292,2.01652e-10,-1.24088e-13,-1.35452e-10
1640233494.720936060,0.00039238,-6.41878e-07,-0.000309292,1.95254e-10,-1.19983e-13,-1.31495e-10
1640233494.770043850,0.00039238,-6.41878e-07,-0.000309292,2.0053e-10,-1.23063e-13,-1.31495e-10
1640233494.800998926,0.000384516,-6.4227e-07,-0.000318352,-9.24815e-06,-3.32081e-09,-5.22697e-06
1640233494.870438099,0.000384251,-6.4228e-07,-0.000318503,-9.05147e-06,-3.25017e-09,-5.10741e-06
1640233494.930681467,0.00182846,-1.4265e-05,-0.000334088,0.00165264,-1.50782e-05,-1.3224e-05
1640233494.970879793,0.00389259,-2.69035e-05,-0.000398938,0.00399292,-2.84494e-05,-4.98324e-05
1640233495.011044025,0.00611361,-3.26019e-05,-0.00160104,0.00644094,-3.31201e-05,-0.000732999
1640233495.060993910,0.0134615,-5.20421e-05,-0.00159389,0.0146845,-4.06293e-05,-0.000708112
1640233495.101017952,0.0200848,-6.88141e-05,-0.0015505,0.0219194,-4.65148e-05,-0.000667099
1640233495.171908855,0.0286397,-8.85288e-05,-0.0015541,0.0304304,-5.13052e-05,-0.000642543
1640233495.252231836,0.0466443,-0.000179462,-0.00135787,0.0486775,-0.000120594,-0.00050417
1640233495.272306442,0.0547473,-0.000293921,-0.00112421,0.0572709,-0.000238642,-0.000365343
1640233495.312510014,0.0502259,-0.000571124,-0.0181677,0.0501651,-0.000558231,-0.0100565
1640233495.352678061,0.0608371,-0.000953617,-0.0178102,0.0608273,-0.000760269,-0.00962304
1640233495.401052713,0.0775694,-0.00154705,-0.0172542,0.0777973,-0.00107188,-0.00904202
1640233495.453173876,0.0816598,-0.0016745,-0.0177255,0.0792183,-0.00109228,-0.00904202
1640233495.480944395,0.101107,-0.00230631,-0.0162976,0.0997334,-0.00141101,-0.00809201
1640233495.593836784,0.15976,-0.00489907,-0.0482841,0.156857,-0.00295658,-0.0255247
1640233495.634193420,0.17295,-0.00561327,-0.0475453,0.166794,-0.00296669,-0.0245333
1640233495.654271364,0.180387,-0.00592411,-0.0460022,0.172663,-0.0028762,-0.0233752
1640233495.694432974,0.193472,-0.00655847,-0.0451363,0.182127,-0.00281869,-0.0223481
1640233495.740974903,0.21339,-0.00739079,-0.0435866,0.198188,-0.00263288,-0.0208748
1640233495.780927896,0.226896,-0.00785873,-0.0423463,0.207292,-0.00240505,-0.0196905
1640233495.895413399,0.265053,-0.00893878,-0.0434535,0.230841,-0.0016024,-0.019072
1640233495.935569525,0.278874,-0.0092934,-0.04198,0.238928,-0.00129389,-0.0178187
1640233495.955649853,0.2844,-0.0092513,-0.0399216,0.241284,-0.000962628,-0.0164451
1640233495.995813370,0.298157,-0.00957238,-0.0384458,0.249022,-0.000661101,-0.0152293
1640233496.040918827,0.318795,-0.0100126,-0.0361946,0.26338,-0.000223138,-0.0135576
1640233496.081080675,0.332525,-0.0102792,-0.0346802,0.270291,5.64555e-05,-0.0123829
1640233496.197178602,0.370209,-0.011055,-0.0320727,0.28645,0.000596853,-0.0101434
1640233496.237328291,0.383982,-0.0112414,-0.0305401,0.29241,0.000847724,-0.00905951
1640233496.240907431,0.386849,-0.0111403,-0.0287235,0.294832,0.00106231,-0.00800498
1640233496.297616482,0.400217,-0.011317,-0.0272587,0.295801,0.00125481,-0.00691502
1640233496.380896807,0.433606,-0.0117245,-0.0236581,0.312768,0.00172336,-0.00456165
1640233496.421016216,0.446947,-0.0118667,-0.0222557,0.317229,0.00187285,-0.00365765
1640233496.460942030,0.460213,-0.0119956,-0.0208309,0.321464,0.00200521,-0.00275818
1640233496.500923157,0.473413,-0.0121095,-0.0194667,0.325417,0.00213084,-0.00191764
1640233496.540946245,0.486548,-0.0122119,-0.0181087,0.329104,0.00224309,-0.00109982
1640233496.580997944,0.499672,-0.0123034,-0.016753,0.332598,0.00234289,-0.000302034
1640233496.659517288,0.525788,-0.0124911,-0.0154126,0.339425,0.00246654,0.000458728
1640233496.721004248,0.545337,-0.0125486,-0.0122107,0.343581,0.00259363,0.00224643
1640233496.761071444,0.558249,-0.0126003,-0.010937,0.346126,0.00263361,0.00292084
1640233496.801043749,0.571144,-0.012643,-0.00967581,0.348545,0.00265879,0.0035764
1640233496.840989351,0.584073,-0.0126759,-0.00842173,0.350884,0.00268009,0.00420939
1640233496.880974054,0.596953,-0.0126998,-0.00723822,0.353028,0.00269129,0.00478765
1640233496.981140852,0.631297,-0.0126835,-0.00573347,0.360275,0.00274606,0.00535223
1640233497.021299601,0.641519,-0.012735,-0.00323517,0.359185,0.00264126,0.0066397
1640233497.080944300,0.660503,-0.0127309,-0.00159246,0.361345,0.002578,0.00734741
1640233497.100883484,0.666829,-0.012727,-0.00104696,0.361989,0.00255061,0.00757733
1640233497.141841173,0.679332,-0.0127138,1.65885e-05,0.362684,0.00249281,0.00800613
1640233497.182054758,0.691714,-0.0126936,0.00103384,0.363415,0.00243063,0.00840217
1640233497.262433290,0.716154,-0.0126375,0.00297622,0.364306,0.00228708,0.00911587
1640233497.302648067,0.728377,-0.0126012,0.00392305,0.364654,0.00220681,0.00944646
1640233497.362898588,0.74663,-0.0125386,0.00534184,0.364989,0.00207255,0.00992873
1640233497.421041727,0.76479,-0.0124649,0.00669206,0.365842,0.00193227,0.010368
1640233497.441008806,0.770838,-0.0124385,0.00713625,0.365874,0.00188039,0.0105047
1640233497.523749590,0.795002,-0.0123241,0.00889145,0.364897,0.00166247,0.0110034
1640233497.563962460,0.807024,-0.0122615,0.00973513,0.364693,0.00154863,0.011232
1640233497.604126930,0.819002,-0.012168,0.0105095,0.364419,0.00146293,0.0114162
1640233497.644329309,0.830914,-0.0119909,0.0111246,0.36402,0.00146671,0.0115052
1640233497.704558134,0.848745,-0.0117231,0.0120131,0.363346,0.00145809,0.0116163
1640233497.780944347,0.872433,-0.0113642,0.0131431,0.363624,0.00142704,0.0117532
1640233497.825109720,0.884224,-0.0111844,0.0136532,0.361498,0.00139242,0.0117481
1640233497.865309000,0.895981,-0.0110065,0.0141696,0.360795,0.00135754,0.0117732
1640233497.905611992,0.90773,-0.0108299,0.0146345,0.360029,0.00131492,0.0117678
1640233497.945777655,0.919492,-0.0106561,0.0150781,0.359313,0.00126401,0.0117512
1640233498.006356955,0.941366,-0.0102459,0.01579,0.362971,0.0012757,0.0117512
1640233498.046620607,0.951604,-0.0101211,0.0162254,0.360456,0.00118279,0.0117303
1640233498.106845617,0.969905,-0.00987139,0.0168927,0.360016,0.0010529,0.0117081
1640233498.167082787,0.983788,-0.00971962,0.0173472,0.354381,0.000889527,0.0115661
1640233498.207244158,0.995335,-0.00955677,0.0176814,0.353374,0.00080624,0.0114919
1640233498.247422934,1.00691,-0.00939401,0.0180278,0.352391,0.000720434,0.0114262
1640233498.287579298,1.01848,-0.00923164,0.0183865,0.351419,0.000632182,0.0113691
1640233498.368002892,1.04531,-0.0087976,0.0191271,0.353651,0.00049701,0.0112718
1640233498.448359728,1.06855,-0.0084818,0.019668,0.351639,0.000297007,0.0110686
1640233498.488633156,1.08008,-0.00832826,0.0199584,0.3505,0.000193186,0.010981
1640233498.508715868,1.08179,-0.00837415,0.0199246,0.345239,9.1722e-05,0.0108358
1640233498.548930407,1.09316,-0.00822497,0.0201891,0.344046,-1.1941e-05,0.0107383
1640233498.589148760,1.10452,-0.00807626,0.0204095,0.342849,-0.000115919,0.0106179
1640233498.629336119,1.11582,-0.00792945,0.0206427,0.34161,-0.000220207,0.0105077
1640233498.710083246,1.14269,-0.00751444,0.0212416,0.343933,-0.000389515,0.0103681
1640233498.790400028,1.16503,-0.0072456,0.0216237,0.341109,-0.000616583,0.0101171
1640233498.830889463,1.17634,-0.00711354,0.0217866,0.339767,-0.000733212,0.0099783
1640233498.871046543,1.18763,-0.00698238,0.0219364,0.338545,-0.000848574,0.00983725
1640233498.891114712,1.18874,-0.00704335,0.0217829,0.332664,-0.00093782,0.00963725
1640233498.931288004,1.20005,-0.0069069,0.0219636,0.331601,-0.00104436,0.00951972
1640233499.011558533,1.22721,-0.0065099,0.0224874,0.334714,-0.00122528,0.0093854
1640233499.091862202,1.24974,-0.00624653,0.0227605,0.332356,-0.00143593,0.00911849
1640233499.132050753,1.261,-0.00612153,0.022864,0.331182,-0.00154519,0.00897083
1640233499.172201872,1.27223,-0.00600025,0.0229791,0.330014,-0.00165583,0.00883318
1640233499.192279339,1.27318,-0.00606098,0.022796,0.32402,-0.00172766,0.00862793
1640233499.232472897,1.28432,-0.00594243,0.0228836,0.322889,-0.00183555,0.00848041
1640233499.272688150,1.29545,-0.00582603,0.0229477,0.321745,-0.00194256,0.00832278
1640233499.380953550,1.3286,-0.00548822,0.0231342,0.322286,-0.0022713,0.00792219
1640233499.433456898,1.34438,-0.00526988,0.0234098,0.322213,-0.00235097,0.00784285
1640233499.440925121,1.3452,-0.00532186,0.0231908,0.320545,-0.00242018,0.00768424
1640233499.513797283,1.36675,-0.00505196,0.0234181,0.320103,-0.00254865,0.00749773
1640233499.574154854,1.37831,-0.00499737,0.0231926,0.31262,-0.00267415,0.0071171
1640233499.614344358,1.3892,-0.00489284,0.0232141,0.311421,-0.00276127,0.00696655
1640233499.660911083,1.40547,-0.0047403,0.0232203,0.314301,-0.00292045,0.0067855
1640233499.700993538,1.41632,-0.00464209,0.0232114,0.313008,-0.00300522,0.00662508
1640233499.740993500,1.42717,-0.00454551,0.0231718,0.311771,-0.00308881,0.00645058
1640233499.781025887,1.43797,-0.00445244,0.0231662,0.310497,-0.00317109,0.00630001
1640233499.875623703,1.45938,-0.00427554,0.0231689,0.302858,-0.00329169,0.00596656
1640233499.915804148,1.47007,-0.0041902,0.0231316,0.301668,-0.00337103,0.00580891
1640233499.960955143,1.48612,-0.00406476,0.0230879,0.305028,-0.00352953,0.00563479
1640233500.000991821,1.49683,-0.00398259,0.0230483,0.303819,-0.00360342,0.00548344
1640233500.041102886,1.50756,-0.00390194,0.0230451,0.302629,-0.00367588,0.00535563
1640233500.080872297,1.51829,-0.00382236,0.0229825,0.301589,-0.00374741,0.00519843
1640233500.197314501,1.55077,-0.00355796,0.0230409,0.299945,-0.00392798,0.00489609
1640233500.217393398,1.55079,-0.00358768,0.0228181,0.293226,-0.00389544,0.00471364
1640233500.257586241,1.56175,-0.00351087,0.0228004,0.292585,-0.00396209,0.00459575
1640233500.300984144,1.57829,-0.00339595,0.0227528,0.297355,-0.00411775,0.00445513
1640233500.340976715,1.58931,-0.00332109,0.0227027,0.296708,-0.00417953,0.00432495
1640233500.380966425,1.60035,-0.00324852,0.0226593,0.296104,-0.00424127,0.00420102
1640233500.461054087,1.62252,-0.00310859,0.02254,0.294992,-0.0043624,0.00394422
1640233500.539129257,1.64485,-0.00295774,0.0226281,0.294793,-0.00446951,0.00382158
1640233500.599425077,1.66196,-0.00285153,0.0226498,0.294497,-0.00455334,0.00370644
1640233500.599425077,1.6559,-0.00290931,0.0223713,0.287508,-0.00446161,0.00354834
1640233500.640975952,1.67259,-0.0028153,0.0222636,0.293198,-0.00462069,0.00340306
1640233500.721585751,1.69484,-0.00269386,0.0221304,0.292128,-0.00471932,0.00317292
1640233500.760958910,1.70597,-0.00263403,0.0220493,0.291936,-0.00476921,0.00305553
1640233500.800967693,1.71716,-0.00257512,0.0219958,0.291605,-0.00481566,0.0029554
1640233500.880759239,1.74003,-0.00245647,0.0220537,0.291602,-0.00491223,0.00285632
1640233500.941198349,1.75739,-0.0023722,0.022022,0.291635,-0.00498525,0.00274379
1640233500.941198349,1.75128,-0.00240241,0.0217917,0.28459,-0.00486479,0.00261309
1640233501.021545172,1.78002,-0.00226826,0.021598,0.291411,-0.00507119,0.0023859
1640233501.060916185,1.79155,-0.00221853,0.0214976,0.291684,-0.00511936,0.00227433
1640233501.101917505,1.80313,-0.00217125,0.0214048,0.291451,-0.00516029,0.00216841
1640233501.142116547,1.81474,-0.00212526,0.0213022,0.291534,-0.00520416,0.00206033
1640233501.222450256,1.83813,-0.00204342,0.0212877,0.291889,-0.00529751,0.00196009
1640233501.262603283,1.84993,-0.00199199,0.0210223,0.29218,-0.00532976,0.00176614
1640233501.322831631,1.8676,-0.00192806,0.0208698,0.292563,-0.00538615,0.0016192
1640233501.363009930,1.87939,-0.00188654,0.0207788,0.292806,-0.00542107,0.00153028
1640233501.400964260,1.89117,-0.00184548,0.0206973,0.293772,-0.00546429,0.00145017
1640233501.443299055,1.90295,-0.00180463,0.0205977,0.293239,-0.00548245,0.00135859
1640233501.483457804,1.91474,-0.00176436,0.0205084,0.293458,-0.00550996,0.00127658
1640233501.563806295,1.93831,-0.00170682,0.0204974,0.293838,-0.00558316,0.00121329
1640233501.644171476,1.96187,-0.00163185,0.0203465,0.294176,-0.00562655,0.00107631
1640233501.664248466,1.96764,-0.00169866,0.0203603,0.294113,-0.00573207,0.00107188
1640233501.721033573,1.98512,-0.0018035,0.0205163,0.295291,-0.00595573,0.00112593
1640233501.764819622,1.99792,-0.00183701,0.020594,0.295369,-0.00605122,0.00114209
1640233501.784934759,2.00253,-0.0019066,0.0206591,0.293925,-0.00612681,0.00116618
1640233501.865242243,2.02598,-0.00198141,0.0208366,0.294108,-0.00630426,0.00121288
1640233501.945552349,2.04942,-0.00212385,0.0210027,0.29427,-0.0065469,0.00125052
1640233501.985758781,2.06116,-0.00219352,0.0211053,0.294341,-0.0066615,0.00127965
1640233502.005969048,2.06688,-0.00227331,0.0212343,0.294169,-0.00676607,0.0013382
1640233502.060939550,2.08448,-0.00236685,0.0213675,0.296048,-0.00695289,0.00137208
1640233502.106389999,2.09787,-0.00241427,0.0214636,0.296195,-0.00703883,0.00139127
1640233502.146601439,2.10968,-0.00247484,0.0215784,0.296275,-0.00713328,0.00142452
1640233502.206857920,2.12569,-0.00254496,0.0216887,0.294489,-0.00720507,0.00143816
1640233502.287180662,2.14919,-0.0026548,0.0219205,0.294632,-0.00736725,0.00150215
1640233502.327412128,2.16088,-0.00270644,0.0220307,0.294615,-0.00744006,0.00152988
1640233502.367622375,2.17422,-0.00276552,0.0221817,0.296464,-0.00756142,0.00158
1640233502.400969267,2.18377,-0.00280598,0.0223235,0.296223,-0.00761226,0.00163076
1640233502.448027372,2.19757,-0.00285461,0.0224244,0.296268,-0.00768107,0.00164445
1640233502.548642874,2.22433,-0.00294569,0.0226927,0.293277,-0.00773914,0.001701
1640233502.588808537,2.23572,-0.00298153,0.0228147,0.292961,-0.00777984,0.00173084
1640233502.629002571,2.24711,-0.00301624,0.0229456,0.292639,-0.00781851,0.00176498
1640233502.669257641,2.2585,-0.00304986,0.0230668,0.29232,-0.0078553,0.00179291
1640233502.709531307,2.27216,-0.00308422,0.0232302,0.294551,-0.0079516,0.00184396
1640233502.741034746,2.2808,-0.00309823,0.0233494,0.293923,-0.00795678,0.00187871
1640233502.830118895,2.3064,-0.00317686,0.023553,0.293527,-0.00804638,0.00189913
1640233502.890437126,2.32374,-0.00323097,0.0237052,0.293291,-0.00810695,0.0019201
1640233502.930586576,2.33185,-0.00323209,0.0238133,0.289269,-0.00801455,0.00193764
1640233502.970751047,2.34347,-0.00327835,0.0238911,0.289323,-0.00807029,0.00193764
1640233503.010902166,2.35466,-0.00330427,0.0240191,0.288893,-0.00809083,0.0019656
1640233503.081001282,2.37654,-0.00332617,0.02436,0.290715,-0.00816274,0.00207848
1640233503.131411314,2.39098,-0.00336939,0.0244932,0.290554,-0.00821139,0.0020946
1640233503.171666622,2.40219,-0.00338732,0.0246039,0.290065,-0.00822211,0.00210939
1640233503.231961489,2.41917,-0.00342556,0.0247575,0.28957,-0.00825692,0.0021241
1640233503.272213221,2.42647,-0.00339977,0.0248678,0.284714,-0.00810862,0.00213827
1640233503.312376022,2.43791,-0.00344202,0.0249536,0.284692,-0.00815881,0.00213827
1640233503.392786741,2.46305,-0.00346176,0.0252765,0.287199,-0.00825012,0.00222196
1640233503.420969009,2.47031,-0.00344664,0.0253922,0.286241,-0.00821101,0.00225208
1640233503.473241091,2.48496,-0.00348257,0.0255093,0.285885,-0.00824903,0.00225174
1640233503.513400793,2.49579,-0.00349211,0.0256364,0.28514,-0.00824557,0.00227229
1640233503.553650856,2.50661,-0.003501,0.0257629,0.284375,-0.00824122,0.00229196
1640233503.613986015,2.5194,-0.00351635,0.0258676,0.279429,-0.00813864,0.00227324
1640233503.694363356,2.54098,-0.00353112,0.026076,0.278257,-0.00813541,0.00228726
1640233503.734507322,2.55559,-0.003537,0.0261959,0.282027,-0.00824576,0.00230291
1640233503.760902405,2.56251,-0.00352083,0.0263074,0.281381,-0.00821397,0.00233171
1640233503.814840794,2.57748,-0.00355235,0.0264451,0.281062,-0.0082507,0.00233844
1640233503.855034351,2.58846,-0.00355875,0.0265446,0.280633,-0.00825334,0.00234154
1640233503.900908470,2.60095,-0.00354125,0.0266943,0.280103,-0.008227,0.00236534
1640233503.995602846,2.62312,-0.00357535,0.0268534,0.275035,-0.00814804,0.00232927
1640233504.035752535,2.63429,-0.00357714,0.026929,0.275029,-0.00815695,0.0023193
1640233504.076037645,2.64987,-0.00357254,0.0270772,0.279955,-0.00829211,0.00234989
1640233504.100969553,2.65698,-0.00354482,0.0271556,0.28005,-0.0082677,0.00236137
1640233504.156598568,2.67262,-0.00356734,0.0272926,0.280016,-0.00830578,0.0023645
1640233504.196775198,2.68403,-0.00356387,0.0274079,0.280127,-0.0083148,0.00237587
1640233504.297150373,2.71251,-0.00356609,0.0276872,0.280349,-0.0083514,0.00239817
1640233504.337384939,2.71925,-0.00354994,0.0277638,0.275203,-0.00820269,0.00238716
1640233504.337384939,2.71959,-0.00352041,0.0277627,0.275593,-0.00817924,0.0023865
1640233504.417712927,2.74721,-0.00353034,0.0280042,0.281503,-0.00838108,0.00241427
1640233504.498122454,2.77021,-0.0035217,0.0281876,0.281823,-0.00840865,0.00240846
1640233504.538323164,2.78177,-0.00351919,0.0282597,0.282043,-0.00842641,0.00239465
1640233504.578566551,2.7932,-0.00351703,0.0283371,0.282103,-0.00844023,0.00238404
1640233504.618749142,2.80465,-0.0035151,0.0284032,0.282195,-0.00845513,0.00236745
1640233504.638936758,2.80534,-0.00349664,0.0283899,0.276409,-0.00827687,0.00233276
1640233504.680956841,2.8224,-0.00349282,0.0285003,0.282593,-0.00846293,0.00233985
1640233504.740962744,2.83937,-0.00348631,0.0285819,0.282581,-0.00847692,0.00230665
1640233504.839846849,2.86719,-0.00349099,0.0287625,0.282378,-0.0085126,0.00228039
1640233504.879998207,2.87849,-0.00348167,0.0288322,0.282312,-0.00851492,0.00226818
1640233504.920153141,2.88972,-0.00347148,0.0288923,0.282171,-0.0085143,0.00225093
1640233504.960347652,2.90097,-0.00345968,0.0289899,0.282039,-0.00851279,0.0022549
1640233504.980452538,2.90103,-0.00343444,0.0290074,0.275552,-0.00830388,0.00223909
1640233505.060835361,2.92891,-0.00342719,0.0291789,0.281758,-0.00850902,0.00223438
1640233505.141215324,2.95091,-0.00340193,0.0293398,0.280975,-0.00849283,0.00222401
1640233505.181438208,2.96184,-0.00339256,0.0294214,0.28052,-0.00848715,0.00221963
1640233505.221636295,2.97281,-0.00338531,0.029481,0.280126,-0.00848569,0.00220312
1640233505.261801243,2.98383,-0.00337897,0.0295199,0.279806,-0.00848718,0.00217555
1640233505.301964521,2.99486,-0.0033727,0.029567,0.279523,-0.00848964,0.00215312
1640233505.362215757,3.01139,-0.0033468,0.0296128,0.279085,-0.00847374,0.00210594
1640233505.420981407,3.02816,-0.00333539,0.0296847,0.279416,-0.00849649,0.00207664
1640233505.482778549,3.04545,-0.00334045,0.0297764,0.279355,-0.00852776,0.00205605
1640233505.522966146,3.05621,-0.00333213,0.0297931,0.278769,-0.00851789,0.00201936
1640233505.563191175,3.06747,-0.00332403,0.0298045,0.278757,-0.00852483,0.00198045
1640233505.603401423,3.07872,-0.00331525,0.0298547,0.278739,-0.00853084,0.00196407
1640233505.663712740,3.09591,-0.00328184,0.0298983,0.279077,-0.00852714,0.00192236
1640233505.703876257,3.10731,-0.00327026,0.0299693,0.279239,-0.00853548,0.00191881
1640233505.784197807,3.13075,-0.00326422,0.0301421,0.280265,-0.00859503,0.00192922
1640233505.824359655,3.14108,-0.00323028,0.0302167,0.279182,-0.00854159,0.0019276
1640233505.864585400,3.15231,-0.00323492,0.0302942,0.279131,-0.00856473,0.0019276
1640233505.904790401,3.16345,-0.00321952,0.0303435,0.278978,-0.0085617,0.00191186
1640233505.985108852,3.18571,-0.00318783,0.0304215,0.27871,-0.00855614,0.00187012
1640233506.045377254,3.20235,-0.00316451,0.0305186,0.278448,-0.0085515,0.00186146
1640233506.080952406,3.21319,-0.00313945,0.0305486,0.279452,-0.00857147,0.00184069
1640233506.125810862,3.22573,-0.00314119,0.0306312,0.279406,-0.00859539,0.00184069
1640233506.166063309,3.23531,-0.00313271,0.0306448,0.277479,-0.00854659,0.00180687
1640233506.206238508,3.24625,-0.00312471,0.030655,0.277166,-0.00854742,0.00177212
1640233506.286819696,3.26815,-0.00310895,0.0306562,0.276538,-0.00854747,0.00169415
1640233506.326966047,3.27901,-0.00310071,0.0306767,0.276183,-0.00854514,0.00166765
1640233506.387228727,3.29697,-0.00308769,0.0307037,0.277519,-0.0085977,0.00162694
1640233506.447533846,3.31292,-0.00306514,0.030714,0.276539,-0.00856736,0.00157801
1640233506.460963249,3.31643,-0.00305094,0.0306981,0.276271,-0.00854829,0.00155674
1640233506.507836103,3.32938,-0.0030543,0.030771,0.276178,-0.00856959,0.00155674
1640233506.588336706,3.3492,-0.00302454,0.030799,0.273383,-0.00848278,0.00150328
1640233506.628563643,3.36012,-0.00300819,0.0308115,0.273176,-0.00847434,0.00147657
1640233506.668796301,3.37104,-0.00299158,0.0308234,0.272972,-0.00846567,0.0014501
1640233506.729027271,3.38974,-0.00296611,0.0308672,0.275305,-0.00853368,0.00142601
1640233506.789330721,3.4065,-0.00293229,0.03093,0.275348,-0.00852266,0.00141275
1640233506.800856352,3.40979,-0.00291837,0.0309355,0.275468,-0.00851529,0.00140661
1640233506.889935493,3.432,-0.00290739,0.0310219,0.272671,-0.00845584,0.00138492
1640233506.930150270,3.4432,-0.00289863,0.03103,0.27281,-0.00846749,0.00135841
1640233506.970307827,3.45446,-0.00289145,0.0310341,0.273037,-0.00848321,0.00133031
1640233507.020904303,3.47184,-0.00287398,0.03105,0.277008,-0.00860723,0.00130157
1640233507.081057787,3.48882,-0.00286326,0.0310595,0.277302,-0.0086288,0.00126241
1640233507.101012945,3.49445,-0.00285963,0.0310622,0.277393,-0.00863546,0.00124945
1640233507.180996418,3.51693,-0.00284391,0.0310919,0.277637,-0.00865622,0.00120967
1640233507.231645346,3.531,-0.00284531,0.0311532,0.277593,-0.00867593,0.00120967
1640233507.271813393,3.53916,-0.00283625,0.031165,0.274197,-0.00857468,0.0011892
1640233507.312056541,3.55038,-0.00282593,0.0311628,0.274322,-0.00858134,0.00116133
1640233507.361077785,3.5673,-0.00279236,0.0311562,0.278232,-0.00868231,0.00112547
1640233507.420923471,3.58411,-0.00277143,0.0311684,0.278376,-0.00868452,0.00109411
1640233507.480892181,3.60099,-0.00275,0.0312182,0.278556,-0.0086875,0.00108505
1640233507.520963669,3.61223,-0.00270939,0.0312155,0.27863,-0.00865767,0.00105864
1640233507.573347330,3.62684,-0.00270745,0.0312709,0.278612,-0.00867567,0.00105864
1640233507.613507271,3.63448,-0.00258635,0.0311003,0.274627,-0.00842756,0.000940034
1640233507.653661489,3.64554,-0.00246808,0.0309653,0.274582,-0.00830817,0.000843885
1640233507.693918705,3.65612,-0.00240604,0.0309347,0.273983,-0.008238,0.000807936
1640233507.781020164,3.67539,-0.00237615,0.0310629,0.268433,-0.00807611,0.000840693
1640233507.820934057,3.68169,-0.00236239,0.0310976,0.263142,-0.00791692,0.000841345
1640233507.857242346,3.69125,-0.00235278,0.0311281,0.262926,-0.00791845,0.000841345
1640233507.917472839,3.70148,-0.00233416,0.0311469,0.256341,-0.00772374,0.000823738
1640233507.997898340,3.70499,-0.00231658,0.0309108,0.236882,-0.00713482,0.000658123
1640233508.038049459,3.70907,-0.00225468,0.0307395,0.230166,-0.00687285,0.00054789
1640233508.060967684,3.70489,-0.00220989,0.0306413,0.218867,-0.00648356,0.000484895
1640233508.118416548,3.71426,-0.00218495,0.0307014,0.21402,-0.00633146,0.000503091
1640233508.158618689,3.71642,-0.00215561,0.0307084,0.205855,-0.00606533,0.000495671
1640233508.198812723,3.71831,-0.00212924,0.0306781,0.197653,-0.00580149,0.000467692
1640233508.240941763,3.71417,-0.00209931,0.0306256,0.182243,-0.00531362,0.00042689
1640233508.339513063,3.72226,-0.00207306,0.0305983,0.168074,-0.00489306,0.000388392
1640233508.379682541,3.72332,-0.00205499,0.0305113,0.160189,-0.00464782,0.000331219
1640233508.400986195,3.71835,-0.00204902,0.0304846,0.149693,-0.00432951,0.000311741
1640233508.460073709,3.72442,-0.00203578,0.030475,0.144039,-0.00416553,0.000295908
1640233508.500284910,3.72487,-0.00202756,0.0304417,0.136275,-0.003935,0.000270729
1640233508.580986023,3.7207,-0.00202022,0.0305017,0.115601,-0.00332742,0.000290656
1640233508.640953064,3.72754,-0.00200848,0.0305191,0.112418,-0.00323885,0.000290656
1640233508.681131124,3.72486,-0.00201309,0.0305222,0.102291,-0.00294922,0.000285907
1640233508.721290827,3.72444,-0.00201523,0.0306575,0.0949967,-0.0027432,0.000354817
1640233508.740965605,3.72049,-0.00202396,0.0307088,0.0871626,-0.00252007,0.000379836
1640233508.801649809,3.72385,-0.002018,0.0307241,0.0814234,-0.00235777,0.000375442
1640233508.841839552,3.72358,-0.00201848,0.0307428,0.0750294,-0.00217514,0.000377456
1640233508.922163725,3.72051,-0.00202388,0.0307276,0.0600103,-0.00174476,0.000352371
1640233508.962324858,3.72049,-0.00202396,0.0307088,0.0545917,-0.00159004,0.000333621
1640233509.022544622,3.72366,-0.00201904,0.0307289,0.0505346,-0.00147632,0.000333621
1640233509.062718630,3.72234,-0.00202117,0.030741,0.0441404,-0.00129283,0.000332854
1640233509.080978394,3.72052,-0.00202365,0.0307183,0.0398674,-0.00116903,0.000316561
1640233509.183341503,3.72177,-0.00202239,0.0307401,0.0299677,-0.000887736,0.000310709
1640233509.223554373,3.72051,-0.00202388,0.0307276,0.024367,-0.000726188,0.000296636
1640233509.263720512,3.72051,-0.00202388,0.0307276,0.02041,-0.000613023,0.000289846
1640233509.303929567,3.72051,-0.00202388,0.0307276,0.0166178,-0.000504549,0.000283204
1640233509.364214659,3.72138,-0.00202385,0.0307447,0.012239,-0.00038136,0.000283204
1640233509.404422045,3.7209,-0.00202425,0.0307386,0.00830012,-0.000267929,0.000273511
1640233509.484833002,3.72065,-0.00202488,0.0307391,0.00167713,-7.84475e-05,0.000261649
1640233509.525138617,3.72051,-0.00202507,0.0307379,-0.00144729,1.1162e-05,0.00025507
1640233509.565296173,3.72039,-0.00202532,0.0307376,-0.00439424,9.5583e-05,0.000249213
1640233509.605467558,3.72051,-0.00202388,0.0307276,-0.00693532,0.000169774,0.000237937
1640233509.685780287,3.72007,-0.00202599,0.0307369,-0.0124162,0.000325499,0.000232492
1640233509.705825806,3.71981,-0.00202715,0.0307416,-0.0138805,0.000366788,0.000232492
1640233509.780999422,3.72051,-0.00202388,0.0307276,-0.0171737,0.000463366,0.000214994
1640233509.820925951,3.72051,-0.00202388,0.0307276,-0.0191919,0.000521294,0.000210076
1640233509.866826534,3.71955,-0.00202722,0.0307372,-0.0224927,0.000614445,0.000210076
1640233509.906987667,3.72051,-0.00202388,0.0307276,-0.0231897,0.000636106,0.000199886
1640233509.967212915,3.72051,-0.00202388,0.0307276,-0.0257131,0.000708627,0.000193054
1640233510.041045904,3.72051,-0.00202388,0.0307276,-0.0285141,0.000789197,0.000184988
1640233510.081961870,3.72051,-0.00202388,0.0307276,-0.0299337,0.000830064,0.000180655
1640233510.127831221,3.71906,-0.00202819,0.0307359,-0.0330991,0.000919485,0.000180655
1640233510.167987823,3.71919,-0.00202775,0.0307347,-0.0341662,0.000950469,0.000175921
1640233510.208199263,3.71914,-0.00202785,0.0307345,-0.0353654,0.000985056,0.000171898
1640233510.248356581,3.72051,-0.00202388,0.0307276,-0.0348417,0.000971569,0.00016412
1640233510.348935366,3.7187,-0.00202897,0.0307353,-0.0392793,0.00109782,0.000159222
1640233510.380836487,3.72051,-0.00202388,0.0307276,-0.0378229,0.00105779,0.000152012
1640233510.420980930,3.72051,-0.00202388,0.0307276,-0.0385821,0.0010798,0.00014852
1640233510.469488144,3.71856,-0.00202922,0.0307348,-0.0416744,0.00116726,0.00014852
1640233510.509686947,3.71887,-0.00202833,0.0307334,-0.0419463,0.00117558,0.00014441
1640233510.549929857,3.71885,-0.00202837,0.0307333,-0.0425526,0.00119325,0.000141105
1640233510.590101004,3.71883,-0.0020284,0.0307331,-0.043094,0.00120905,0.000137872
1640233510.680915594,3.72051,-0.00202388,0.0307276,-0.0421134,0.00118279,0.000127831
1640233510.720966578,3.72051,-0.00202388,0.0307276,-0.0424578,0.00119295,0.000124899
1640233510.760939837,3.72051,-0.00202388,0.0307276,-0.0427585,0.00120186,0.000122044
1640233510.800964355,3.72051,-0.00202388,0.0307276,-0.0430161,0.00120954,0.000119251
1640233510.851187706,3.71828,-0.00202972,0.0307336,-0.0458662,0.00129022,0.000119251
1640233510.931591749,3.71872,-0.00202852,0.0307321,-0.0456631,0.00128531,0.000113184
1640233510.980997086,3.72051,-0.00202388,0.0307276,-0.0436977,0.00123043,0.000107488
1640233511.041011810,3.72051,-0.00202388,0.0307276,-0.043755,0.00123254,0.00010382
1640233511.061123848,3.72051,-0.00202388,0.0307276,-0.0437569,0.00123275,0.000102617
1640233511.101038218,3.72051,-0.00202388,0.0307276,-0.0437407,0.00123259,0.000100276
1640233511.192985296,3.71817,-0.00202985,0.0307327,-0.0463043,0.0013055,9.79903e-05
1640233511.233233452,3.71872,-0.00202844,0.0307314,-0.0455704,0.00128509,9.50864e-05
1640233511.273387909,3.71872,-0.00202841,0.0307313,-0.0454303,0.0012814,9.29083e-05
1640233511.313617229,3.71873,-0.00202839,0.0307313,-0.0452724,0.0012772,9.07847e-05
1640233511.360904455,3.72051,-0.00202388,0.0307276,-0.0429846,0.00121292,8.63121e-05
1640233511.434283733,3.71906,-0.00202753,0.0307304,-0.0442756,0.00124975,8.43328e-05
1640233511.481054544,3.72051,-0.00202388,0.0307276,-0.042298,0.00119417,8.05195e-05
1640233511.520908356,3.72051,-0.00202388,0.0307276,-0.0420343,0.00118691,7.86872e-05
1640233511.575071812,3.71817,-0.00202973,0.0307319,-0.0443531,0.00125264,7.86872e-05
1640233511.615269184,3.7188,-0.00202814,0.0307307,-0.0433289,0.0012239,7.62633e-05
1640233511.655462980,3.71906,-0.00202748,0.0307302,-0.0427132,0.00120668,7.42707e-05
1640233511.701080561,3.72051,-0.00202388,0.0307276,-0.0406425,0.00114837,7.09097e-05
1640233511.780902147,3.72051,-0.00202388,0.0307276,-0.039939,0.00112879,6.77168e-05
1640233511.836491823,3.71823,-0.00202952,0.0307314,-0.0420535,0.00118875,6.77168e-05
1640233511.876643658,3.7189,-0.00202786,0.0307302,-0.0409088,0.00115654,6.55775e-05
1640233511.916799784,3.71891,-0.00202782,0.0307302,-0.040498,0.00114506,6.4079e-05
1640233511.957022905,3.71909,-0.00202737,0.0307299,-0.0398886,0.00112796,6.2465e-05
1640233511.980925322,3.72051,-0.00202388,0.0307276,-0.0379916,0.00107439,6.03359e-05
1640233512.040935278,3.72051,-0.00202388,0.0307276,-0.0373633,0.0010568,5.82802e-05
