pose_x [m], pose_y [m], pose_theta [rad], v [m/s], delta [rad], v_opt [m/s], delta_opt [rad], x_e, y_e, theta_e, x_ref, y_ref, theta_ref, v_ref [m/s], delta_ref [rad], v_k [m/s], delta_k [rad], v_k+1 [m/s], delta_k+1 [rad], v_k+2 [m/s], delta_k+2 [rad], v_k+3 [m/s], delta_k+3 [rad], v_k+4 [m/s], delta_k+4 [rad], v_k+5 [m/s], delta_k+5 [rad], v_k+6 [m/s], delta_k+6 [rad], v_k+7 [m/s], delta_k+7 [rad], v_k+8 [m/s], delta_k+8 [rad], v_k+9 [m/s], delta_k+9 [rad], v_k+10 [m/s], delta_k+10 [rad], v_k+11 [m/s], delta_k+11 [rad], v_k+12 [m/s], delta_k+12 [rad], v_k+13 [m/s], delta_k+13 [rad], v_k+14 [m/s], delta_k+14 [rad], v_k+15 [m/s], delta_k+15 [rad], v_k+16 [m/s], delta_k+16 [rad], v_k+17 [m/s], delta_k+17 [rad], v_k+18 [m/s], delta_k+18 [rad], v_k+19 [m/s], delta_k+19 [rad], v_k+20 [m/s], delta_k+20 [rad], v_k+21 [m/s], delta_k+21 [rad], v_k+22 [m/s], delta_k+22 [rad], v_k+23 [m/s], delta_k+23 [rad], v_k+24 [m/s], delta_k+24 [rad], v_k+25 [m/s], delta_k+25 [rad], v_k+26 [m/s], delta_k+26 [rad], v_k+27 [m/s], delta_k+27 [rad], v_k+28 [m/s], delta_k+28 [rad], v_k+29 [m/s], delta_k+29 [rad], v_k+30 [m/s], delta_k+30 [rad], v_k+31 [m/s], delta_k+31 [rad], v_k+32 [m/s], delta_k+32 [rad], v_k+33 [m/s], delta_k+33 [rad], v_k+34 [m/s], delta_k+34 [rad], v_k+35 [m/s], delta_k+35 [rad], v_k+36 [m/s], delta_k+36 [rad], v_k+37 [m/s], delta_k+37 [rad], v_k+38 [m/s], delta_k+38 [rad], v_k+39 [m/s], delta_k+39 [rad]
-0.400093, -5.30303e-07, 1.23124e-06, 0.706261, 3.92246e-13, 0.706261, 3.92246e-13, -0.400093, -5.30303e-07, 1.23124e-06, 0, 0, 0, 1e-10, 0, 0.706261, 3.92246e-13, 0.693474, -3.20808e-08, 0.627435, -1.22338e-07, 0.567685, -2.62038e-07, 0.513613, -4.42917e-07, 0.46468, -6.57329e-07, 0.420393, -8.98382e-07, 0.380309, -1.16006e-06, 0.344028, -1.43737e-06, 0.311188, -1.72293e-06, 0.281459, -1.9566e-06, 0.254545, -2.12445e-06, 0.230176, -2.23442e-06, 0.20811, -2.29357e-06, 0.188124, -2.30815e-06, 0.170019, -2.28371e-06, 0.153615, -2.22512e-06, 0.138746, -2.13669e-06, 0.125266, -2.02678e-06, 0.113037, -1.91764e-06, 0.101939, -1.81158e-06, 0.091861, -1.70838e-06, 0.0827012, -1.6078e-06, 0.0743683, -1.50963e-06, 0.0667791, -1.41365e-06, 0.0598577, -1.31962e-06, 0.0535349, -1.22735e-06, 0.0477475, -1.1366e-06, 0.0424375, -1.04718e-06, 0.0375518, -9.58876e-07, 0.0330417, -8.71467e-07, 0.028862, -7.84748e-07, 0.0249709, -6.98508e-07, 0.0213296, -6.12534e-07, 0.0179015, -5.26614e-07, 0.0146524, -4.40532e-07, 0.0115499, -3.54072e-07, 0.00856285, -2.67014e-07, 0.00566144, -1.79135e-07, 0.00281663, -9.02073e-08
-0.37191, -6.67398e-06, 1.14912e-05, 0.7068, -2.46043e-07, 0.704825, -2.46043e-07, 0.0280648, -6.35451e-06, 1.13981e-05, -0.399975, -3.19469e-07, 9.30577e-08, 0.00197572, 0, 0.704825, -2.46043e-07, 0.640012, -9.29358e-07, 0.579077, -1.97164e-06, 0.523934, -3.30208e-06, 0.474031, -4.85983e-06, 0.428868, -6.59603e-06, 0.387993, -8.47557e-06, 0.350998, -1.04787e-05, 0.317514, -1.2576e-05, 0.287204, -1.43479e-05, 0.259767, -1.5699e-05, 0.234927, -1.66833e-05, 0.212436, -1.73412e-05, 0.19207, -1.77024e-05, 0.173624, -1.77889e-05, 0.156915, -1.76173e-05, 0.141775, -1.72005e-05, 0.128053, -1.65881e-05, 0.115611, -1.59556e-05, 0.104325, -1.53228e-05, 0.0940825, -1.4689e-05, 0.0847808, -1.40533e-05, 0.0763269, -1.34147e-05, 0.0686363, -1.27722e-05, 0.061632, -1.21249e-05, 0.0552441, -1.14716e-05, 0.0494086, -1.08111e-05, 0.0440672, -1.01422e-05, 0.0391665, -9.46361e-06, 0.0346574, -8.77404e-06, 0.0304949, -8.07204e-06, 0.0266374, -7.3561e-06, 0.0230462, -6.62467e-06, 0.0196855, -5.87609e-06, 0.0165217, -5.10865e-06, 0.013523, -4.32054e-06, 0.0106596, -3.50985e-06, 0.00790284, -2.67459e-06, 0.00522506, -1.81267e-06, 0.00259953, -9.21911e-07
-0.343661, -1.2936e-05, 1.86968e-05, 0.661291, -1.29728e-06, 0.653388, -1.29728e-06, 0.0560832, -1.26165e-05, 1.86037e-05, -0.399744, -3.19447e-07, 9.30577e-08, 0.0079029, 0, 0.653388, -1.29728e-06, 0.591193, -2.7273e-06, 0.534907, -4.52681e-06, 0.483971, -6.60702e-06, 0.437875, -8.90402e-06, 0.396157, -1.13824e-05, 0.3584, -1.40382e-05, 0.324228, -1.68653e-05, 0.293297, -1.93276e-05, 0.265299, -2.13065e-05, 0.239954, -2.28695e-05, 0.217009, -2.40562e-05, 0.196234, -2.48854e-05, 0.177421, -2.5362e-05, 0.160382, -2.5482e-05, 0.144947, -2.52376e-05, 0.130962, -2.46796e-05, 0.118286, -2.40612e-05, 0.106793, -2.34129e-05, 0.0963681, -2.27349e-05, 0.0869068, -2.20272e-05, 0.0783145, -2.12896e-05, 0.0705054, -2.05217e-05, 0.0634014, -1.97228e-05, 0.0569313, -1.88924e-05, 0.0510306, -1.80293e-05, 0.0456402, -1.71327e-05, 0.0407062, -1.62011e-05, 0.0361792, -1.52332e-05, 0.0320141, -1.42273e-05, 0.0281691, -1.31816e-05, 0.0246057, -1.20941e-05, 0.0212885, -1.09627e-05, 0.0181841, -9.78491e-06, 0.0152616, -8.55822e-06, 0.0124916, -7.27983e-06, 0.00984662, -5.94675e-06, 0.00730008, -4.55578e-06, 0.00482654, -3.10347e-06, 0.00240126, -1.5862e-06
-0.316286, -1.38386e-05, 1.7399e-05, 0.619124, -2.06458e-06, 0.601342, -2.06458e-06, 0.0828331, -1.35192e-05, 1.7306e-05, -0.399119, -3.19388e-07, 9.30577e-08, 0.0177815, 0, 0.601342, -2.06458e-06, 0.544099, -3.38033e-06, 0.492297, -4.86957e-06, 0.445419, -6.48776e-06, 0.402995, -8.22239e-06, 0.3646, -1.00962e-05, 0.329851, -1.21429e-05, 0.2984, -1.40074e-05, 0.269933, -1.56156e-05, 0.244166, -1.70115e-05, 0.22084, -1.82074e-05, 0.199722, -1.91931e-05, 0.180602, -1.99439e-05, 0.163288, -2.04274e-05, 0.147606, -2.0609e-05, 0.133401, -2.05071e-05, 0.12053, -2.03239e-05, 0.108863, -2.0086e-05, 0.0982861, -1.97948e-05, 0.0886915, -1.94516e-05, 0.0799839, -1.90575e-05, 0.0720761, -1.86133e-05, 0.0648891, -1.81194e-05, 0.0583509, -1.75763e-05, 0.0523963, -1.69841e-05, 0.0469656, -1.63425e-05, 0.0420046, -1.56512e-05, 0.0374636, -1.49097e-05, 0.0332973, -1.4117e-05, 0.0294639, -1.32722e-05, 0.0259252, -1.23739e-05, 0.0226457, -1.14207e-05, 0.0195927, -1.04107e-05, 0.0167356, -9.34212e-06, 0.0140458, -8.21258e-06, 0.0114966, -7.01966e-06, 0.00906226, -5.76063e-06, 0.00671857, -4.43253e-06, 0.00444207, -3.0321e-06, 0.00220998, -1.55589e-06
-0.265059, -5.76456e-06, 1.46009e-05, 0.535558, -5.23632e-06, 0.503946, -5.23632e-06, 0.132842, -5.44529e-06, 1.45078e-05, -0.3979, -3.19274e-07, 9.30577e-08, 0.0316116, 0, 0.503946, -5.23632e-06, 0.455975, -7.77366e-06, 0.412564, -1.06288e-05, 0.373278, -1.37323e-05, 0.337725, -1.70271e-05, 0.305548, -2.04287e-05, 0.276427, -2.32264e-05, 0.25007, -2.52547e-05, 0.226214, -2.66073e-05, 0.20462, -2.73665e-05, 0.185072, -2.7605e-05, 0.167374, -2.73864e-05, 0.151351, -2.67662e-05, 0.136841, -2.57929e-05, 0.123699, -2.45637e-05, 0.111795, -2.33461e-05, 0.101008, -2.21685e-05, 0.0912315, -2.10283e-05, 0.0823673, -1.99232e-05, 0.0743267, -1.88507e-05, 0.0670294, -1.78085e-05, 0.0604023, -1.67944e-05, 0.0543794, -1.5806e-05, 0.0489001, -1.48412e-05, 0.0439099, -1.38979e-05, 0.0393588, -1.29738e-05, 0.0352013, -1.20668e-05, 0.0313958, -1.11749e-05, 0.0279043, -1.0296e-05, 0.0246918, -9.42796e-06, 0.0217262, -8.56872e-06, 0.0189779, -7.71622e-06, 0.0164194, -6.86838e-06, 0.014025, -6.02314e-06, 0.0117709, -5.17838e-06, 0.00963454, -4.332e-06, 0.0075945, -3.48187e-06, 0.0056304, -2.62581e-06, 0.00372261, -1.76164e-06, 0.00185204, -8.87138e-07
-0.243713, -1.09137e-06, 9.86697e-06, 0.512757, -7.12635e-06, 0.463364, -7.12635e-06, 0.152178, -7.72285e-07, 9.77391e-06, -0.395892, -3.19085e-07, 9.30577e-08, 0.0493931, 0, 0.463364, -7.12635e-06, 0.419256, -9.8182e-06, 0.37934, -1.27562e-05, 0.343218, -1.58639e-05, 0.310528, -1.90277e-05, 0.280942, -2.15567e-05, 0.254166, -2.32864e-05, 0.229932, -2.43075e-05, 0.207997, -2.47117e-05, 0.188141, -2.45883e-05, 0.170168, -2.40225e-05, 0.153896, -2.30931e-05, 0.139163, -2.18716e-05, 0.125821, -2.04653e-05, 0.113738, -1.91058e-05, 0.102792, -1.78155e-05, 0.0928738, -1.65909e-05, 0.0838846, -1.54283e-05, 0.0757342, -1.43247e-05, 0.0683411, -1.32769e-05, 0.0616315, -1.22819e-05, 0.0555381, -1.1337e-05, 0.0500002, -1.04393e-05, 0.0449622, -9.58651e-06, 0.0403739, -8.77607e-06, 0.0361893, -8.00571e-06, 0.0323666, -7.27323e-06, 0.0288675, -6.57656e-06, 0.0256571, -5.91372e-06, 0.0227034, -5.28283e-06, 0.0199766, -4.68209e-06, 0.0174496, -4.10983e-06, 0.0150971, -3.56442e-06, 0.0128956, -3.04434e-06, 0.010823, -2.54813e-06, 0.00885866, -2.07442e-06, 0.00698291, -1.62191e-06, 0.00517698, -1.18935e-06, 0.00342283, -7.75575e-07, 0.0017029, -3.79467e-07
-0.223206, 9.2671e-07, 1.17594e-05, 0.4955, -1.40031e-05, 0.424374, -1.40031e-05, 0.16969, 1.24551e-06, 1.16664e-05, -0.392895, -3.18804e-07, 9.30577e-08, 0.0711261, 0, 0.424374, -1.40031e-05, 0.383977, -1.82401e-05, 0.34742, -2.27172e-05, 0.314338, -2.72509e-05, 0.284398, -3.0835e-05, 0.257302, -3.32262e-05, 0.232779, -3.45563e-05, 0.210584, -3.49644e-05, 0.190494, -3.45911e-05, 0.17231, -3.3573e-05, 0.155849, -3.2039e-05, 0.140946, -3.01071e-05, 0.127452, -2.7941e-05, 0.115234, -2.58624e-05, 0.104167, -2.3901e-05, 0.0941422, -2.20511e-05, 0.0850588, -2.0307e-05, 0.0768259, -1.86633e-05, 0.0693614, -1.7115e-05, 0.0625904, -1.56574e-05, 0.0564453, -1.4286e-05, 0.0508647, -1.29966e-05, 0.0457928, -1.17851e-05, 0.0411788, -1.06479e-05, 0.0369765, -9.58134e-06, 0.033144, -8.58216e-06, 0.029643, -7.64724e-06, 0.0264384, -6.77368e-06, 0.0234982, -5.95875e-06, 0.0207929, -5.19993e-06, 0.0182956, -4.49485e-06, 0.0159813, -3.84135e-06, 0.0138267, -3.2374e-06, 0.0118104, -2.68116e-06, 0.00991228, -2.17093e-06, 0.00811323, -1.70517e-06, 0.00639532, -1.28251e-06, 0.00474135, -9.01686e-07, 0.0031348, -5.6161e-07, 0.0015596, -2.61299e-07
-0.202696, 2.50538e-06, 2.01026e-05, 0.48219, -3.28943e-05, 0.38538, -3.28943e-05, 0.186017, 2.82379e-06, 2.00096e-05, -0.388713, -3.18411e-07, 9.30577e-08, 0.0968105, 0, 0.38538, -3.28943e-05, 0.348695, -4.09891e-05, 0.315497, -4.91825e-05, 0.285454, -5.56522e-05, 0.258265, -5.99553e-05, 0.233659, -6.23292e-05, 0.21139, -6.30266e-05, 0.191234, -6.23044e-05, 0.17299, -6.04138e-05, 0.156477, -5.7592e-05, 0.141528, -5.40569e-05, 0.127995, -5.01075e-05, 0.115741, -4.63219e-05, 0.104645, -4.27537e-05, 0.0945954, -3.93917e-05, 0.0854917, -3.62256e-05, 0.077243, -3.32456e-05, 0.0697666, -3.04425e-05, 0.062988, -2.78074e-05, 0.0568392, -2.53322e-05, 0.0512587, -2.3009e-05, 0.0461909, -2.08305e-05, 0.041585, -1.87898e-05, 0.037395, -1.68805e-05, 0.0335788, -1.50965e-05, 0.0300985, -1.34321e-05, 0.0269192, -1.1882e-05, 0.024009, -1.04412e-05, 0.021339, -9.10517e-06, 0.0188823, -7.86964e-06, 0.0166145, -6.73066e-06, 0.0145128, -5.68461e-06, 0.0125562, -4.72817e-06, 0.0107252, -3.85833e-06, 0.00900147, -3.07236e-06, 0.00736773, -2.36781e-06, 0.00580767, -1.74252e-06, 0.00430568, -1.19459e-06, 0.00284676, -7.22394e-07, 0.0014163, -3.24523e-07
-0.182873, 1.7013e-06, 3.10238e-05, 0.474137, -6.05336e-05, 0.347691, -6.05336e-05, 0.200276, 2.01919e-06, 3.09307e-05, -0.383148, -3.17888e-07, 9.30577e-08, 0.126446, 0, 0.347691, -6.05336e-05, 0.314594, -7.26537e-05, 0.284642, -8.22706e-05, 0.257537, -8.8734e-05, 0.233007, -9.23909e-05, 0.210808, -9.3606e-05, 0.190716, -9.27468e-05, 0.172531, -9.017e-05, 0.156072, -8.62117e-05, 0.141174, -8.11793e-05, 0.127687, -7.55058e-05, 0.115477, -7.00563e-05, 0.104422, -6.4912e-05, 0.094411, -6.00574e-05, 0.0853442, -5.54778e-05, 0.0771308, -5.11593e-05, 0.0696887, -4.70888e-05, 0.0629436, -4.32538e-05, 0.0568278, -3.96425e-05, 0.0512804, -3.62439e-05, 0.0462457, -3.30475e-05, 0.0416735, -3.00433e-05, 0.0375181, -2.7222e-05, 0.0337378, -2.45749e-05, 0.0302949, -2.20937e-05, 0.0271549, -1.97707e-05, 0.0242865, -1.75986e-05, 0.021661, -1.55706e-05, 0.0192521, -1.36805e-05, 0.0170357, -1.19223e-05, 0.0149896, -1.02905e-05, 0.0130935, -8.78013e-06, 0.0113282, -7.38645e-06, 0.00967631, -6.10518e-06, 0.00812114, -4.93242e-06, 0.00664718, -3.86462e-06, 0.00523969, -2.89857e-06, 0.0038846, -2.03143e-06, 0.00256835, -1.26069e-06, 0.00127779, -5.84105e-07
-0.144521, -1.57515e-05, 8.43039e-05, 0.434483, -0.000156549, 0.274774, -0.000156549, 0.231484, -1.54343e-05, 8.42108e-05, -0.376004, -3.17218e-07, 9.30577e-08, 0.159709, 0, 0.274774, -0.000156549, 0.248618, -0.000177665, 0.224948, -0.000192412, 0.203527, -0.000201521, 0.184141, -0.000205706, 0.166597, -0.000205652, 0.150719, -0.000201998, 0.136348, -0.000195331, 0.123341, -0.000186178, 0.111567, -0.000175386, 0.100909, -0.000164911, 0.0912593, -0.000154949, 0.0825226, -0.000145472, 0.0746112, -0.000136456, 0.0674459, -0.000127877, 0.060955, -0.000119711, 0.0550737, -0.000111937, 0.0497431, -0.000104534, 0.04491, -9.74819e-05, 0.0405259, -9.07614e-05, 0.0365471, -8.43544e-05, 0.0329338, -7.82436e-05, 0.0296498, -7.24122e-05, 0.0266623, -6.68444e-05, 0.0239415, -6.15251e-05, 0.02146, -5.64395e-05, 0.0191932, -5.1574e-05, 0.0171183, -4.6915e-05, 0.0152146, -4.245e-05, 0.013463, -3.81666e-05, 0.011846, -3.40532e-05, 0.0103475, -3.00985e-05, 0.0089525, -2.62918e-05, 0.00764701, -2.26227e-05, 0.00641798, -1.90812e-05, 0.00525314, -1.56578e-05, 0.00414083, -1.23432e-05, 0.00306992, -9.12853e-06, 0.00202972, -6.00526e-06, 0.00100981, -2.96506e-06
-0.126309, -1.33072e-05, 8.29325e-05, 0.431178, -0.000183565, 0.240148, -0.000183565, 0.240911, -1.29908e-05, 8.28394e-05, -0.367219, -3.16393e-07, 9.30577e-08, 0.19103, 0, 0.240148, -0.000183565, 0.217288, -0.00019875, 0.1966, -0.000208067, 0.177879, -0.000212261, 0.160936, -0.000212049, 0.145603, -0.000208105, 0.131726, -0.000201052, 0.119166, -0.000191447, 0.107798, -0.000180175, 0.0975075, -0.00016925, 0.0881923, -0.000158873, 0.079759, -0.000149014, 0.0721233, -0.000139648, 0.0652089, -0.000130749, 0.0589465, -0.000122293, 0.0532736, -0.000114256, 0.0481334, -0.000106617, 0.0434746, -9.93544e-05, 0.0392505, -9.24482e-05, 0.0354189, -8.58794e-05, 0.0319415, -7.96298e-05, 0.0287836, -7.36821e-05, 0.0259134, -6.80198e-05, 0.0233024, -6.26272e-05, 0.0209244, -5.74891e-05, 0.0187557, -5.25914e-05, 0.0167745, -4.79203e-05, 0.0149611, -4.34628e-05, 0.0132972, -3.92064e-05, 0.0117664, -3.51394e-05, 0.0103532, -3.12505e-05, 0.00904355, -2.75287e-05, 0.00782433, -2.39639e-05, 0.00668335, -2.05461e-05, 0.0056092, -1.7266e-05, 0.00459115, -1.41145e-05, 0.00361901, -1.10832e-05, 0.00268306, -8.16373e-06, 0.00177394, -5.34834e-06, 0.000882556, -2.62945e-06
-0.109054, -1.27648e-05, 8.47332e-05, 0.425743, -0.000210711, 0.207342, -0.000210711, 0.247913, -1.24493e-05, 8.46401e-05, -0.356967, -3.1543e-07, 9.30577e-08, 0.2184, 0, 0.207342, -0.000210711, 0.187605, -0.000220597, 0.169744, -0.000225045, 0.15358, -0.000224819, 0.138951, -0.000220634, 0.125713, -0.000213152, 0.113731, -0.000202969, 0.102887, -0.000191022, 0.0930719, -0.000179448, 0.0841874, -0.000168459, 0.0761447, -0.000158025, 0.0688634, -0.000148117, 0.0622708, -0.000138708, 0.0563009, -0.000129773, 0.050894, -0.000121287, 0.0459961, -0.000113226, 0.0415581, -0.000105569, 0.0375357, -9.82934e-05, 0.0338887, -9.13799e-05, 0.0305805, -8.48091e-05, 0.0275781, -7.85626e-05, 0.0248515, -7.26228e-05, 0.0223735, -6.69733e-05, 0.0201192, -6.15981e-05, 0.018066, -5.64822e-05, 0.0161935, -5.16112e-05, 0.014483, -4.69714e-05, 0.0129173, -4.25498e-05, 0.0114808, -3.83339e-05, 0.010159, -3.4312e-05, 0.00893889, -3.04727e-05, 0.00780814, -2.68054e-05, 0.00675548, -2.32998e-05, 0.00577036, -1.99462e-05, 0.00484295, -1.67353e-05, 0.00396397, -1.36583e-05, 0.00312463, -1.07067e-05, 0.00231654, -7.87254e-06, 0.00153161, -5.14817e-06, 0.000761993, -2.52625e-06
-0.0747586, -1.6786e-05, 9.28515e-05, 0.383956, -0.000240716, 0.142137, -0.000240716, 0.270687, -1.64717e-05, 9.27585e-05, -0.345445, -3.14348e-07, 9.30577e-08, 0.241819, 0, 0.142137, -0.000240716, 0.128607, -0.000245911, 0.116362, -0.000246067, 0.105282, -0.000241938, 0.0952539, -0.000234214, 0.0861785, -0.000223513, 0.077965, -0.00021084, 0.0705311, -0.00019854, 0.0638026, -0.000186848, 0.057712, -0.000175734, 0.0521986, -0.000165167, 0.0472072, -0.000155121, 0.0426878, -0.000145568, 0.0385954, -0.000136482, 0.0348888, -0.000127839, 0.0315312, -0.000119616, 0.0284889, -0.000111791, 0.0257314, -0.000104342, 0.0232313, -9.72494e-05, 0.0209635, -9.04937e-05, 0.0189053, -8.40565e-05, 0.0170362, -7.79202e-05, 0.0153374, -7.20681e-05, 0.0137921, -6.64841e-05, 0.0123846, -6.11528e-05, 0.011101, -5.60598e-05, 0.00992838, -5.11909e-05, 0.00885505, -4.65327e-05, 0.00787028, -4.20726e-05, 0.00696421, -3.77981e-05, 0.00612778, -3.36977e-05, 0.00535263, -2.976e-05, 0.00463101, -2.59742e-05, 0.00395569, -2.23301e-05, 0.00331994, -1.88176e-05, 0.00271738, -1.54274e-05, 0.00214199, -1.21501e-05, 0.00158803, -8.9771e-06, 0.00104995, -5.8998e-06, 0.000522361, -2.91003e-06
-0.0595796, 5.42565e-06, 3.60758e-05, 0.374564, -0.000140222, 0.113278, -0.000140222, 0.273272, 5.73882e-06, 3.59827e-05, -0.332851, -3.13165e-07, 9.30577e-08, 0.261286, 0, 0.113278, -0.000140222, 0.102494, -0.000138967, 0.0927362, -0.000135127, 0.0839053, -0.000129211, 0.0759135, -0.000121686, 0.0686808, -0.000113206, 0.062135, -0.000105067, 0.0562105, -9.73924e-05, 0.0508481, -9.0157e-05, 0.0459942, -8.33387e-05, 0.0416002, -7.69164e-05, 0.0376222, -7.087e-05, 0.0340205, -6.51805e-05, 0.0307589, -5.983e-05, 0.027805, -5.48014e-05, 0.0251291, -5.00788e-05, 0.0227045, -4.5647e-05, 0.0205069, -4.14918e-05, 0.0185144, -3.75996e-05, 0.0167071, -3.3958e-05, 0.0150668, -3.0555e-05, 0.0135772, -2.73794e-05, 0.0122233, -2.44208e-05, 0.0109917, -2.16695e-05, 0.00987003, -1.91163e-05, 0.00884704, -1.67527e-05, 0.00791252, -1.4571e-05, 0.00705712, -1.25637e-05, 0.0062723, -1.07242e-05, 0.00555019, -9.04622e-06, 0.0048836, -7.52425e-06, 0.00426583, -6.15312e-06, 0.00369073, -4.92823e-06, 0.00315253, -3.84546e-06, 0.00264585, -2.90119e-06, 0.00216564, -2.09227e-06, 0.00170708, -1.41601e-06, 0.0012656, -8.70199e-07, 0.000836764, -4.53065e-07, 0.000416301, -1.63214e-07
-0.0445876, 1.42637e-06, 4.39492e-05, 0.361575, -0.000160168, 0.0847734, -0.000160168, 0.274795, 1.73827e-06, 4.38561e-05, -0.319382, -3.119e-07, 9.30577e-08, 0.276802, 0, 0.0847734, -0.000160168, 0.0767037, -0.000156346, 0.0694009, -0.000150148, 0.0627922, -0.000142068, 0.0568113, -0.000132826, 0.0513986, -0.000123928, 0.0464999, -0.000115518, 0.0420662, -0.000107572, 0.0380531, -0.000100065, 0.0344206, -9.29763e-05, 0.0311323, -8.62835e-05, 0.0281553, -7.99669e-05, 0.0254599, -7.40072e-05, 0.0230191, -6.83864e-05, 0.0208084, -6.30875e-05, 0.0188058, -5.80941e-05, 0.0169913, -5.33909e-05, 0.0153467, -4.89635e-05, 0.0138556, -4.47981e-05, 0.0125031, -4.08818e-05, 0.0112755, -3.72024e-05, 0.0101607, -3.37484e-05, 0.00914757, -3.0509e-05, 0.00822587, -2.7474e-05, 0.00738643, -2.46339e-05, 0.00662085, -2.19797e-05, 0.00592149, -1.95031e-05, 0.00528133, -1.71961e-05, 0.00469399, -1.50516e-05, 0.0041536, -1.30629e-05, 0.00365473, -1.12235e-05, 0.00319242, -9.52776e-06, 0.00276203, -7.97036e-06, 0.00235926, -6.54645e-06, 0.00198008, -5.25162e-06, 0.0016207, -4.08189e-06, 0.00127753, -3.03371e-06, 0.000947133, -2.10396e-06, 0.000626209, -1.28991e-06, 0.000311547, -5.89174e-07
-0.0295987, 2.73168e-07, 4.40768e-05, 0.344642, -0.000161696, 0.0562753, -0.000161696, 0.275638, 5.8374e-07, 4.39837e-05, -0.305237, -3.10572e-07, 9.30577e-08, 0.288366, 0, 0.0562753, -0.000161696, 0.0509184, -0.000155522, 0.0460706, -0.000147394, 0.0416835, -0.000138045, 0.0377132, -0.000129034, 0.0341201, -0.000120511, 0.0308681, -0.000112452, 0.0279249, -0.000104834, 0.0252609, -9.76331e-05, 0.0228495, -9.08291e-05, 0.0206666, -8.44015e-05, 0.0186904, -7.83312e-05, 0.0169011, -7.26e-05, 0.0152808, -6.71907e-05, 0.0138133, -6.2087e-05, 0.0124839, -5.72734e-05, 0.0112794, -5.27353e-05, 0.0101877, -4.84589e-05, 0.00919781, -4.44312e-05, 0.00829993, -4.06396e-05, 0.00748506, -3.70726e-05, 0.00674503, -3.37192e-05, 0.00607245, -3.0569e-05, 0.0054606, -2.76122e-05, 0.00490335, -2.48396e-05, 0.00439514, -2.22426e-05, 0.00393087, -1.98132e-05, 0.00350592, -1.75437e-05, 0.00311602, -1.54272e-05, 0.00275729, -1.3457e-05, 0.00242613, -1.16269e-05, 0.00211923, -9.93149e-06, 0.00183352, -8.36536e-06, 0.00156615, -6.92375e-06, 0.00131444, -5.60228e-06, 0.00107587, -4.39697e-06, 0.000848064, -3.30421e-06, 0.000628737, -2.32078e-06, 0.000415697, -1.44386e-06, 0.000206815, -6.70917e-07
-0.0151339, -2.67964e-06, 4.71422e-05, 0.324753, -0.000165369, 0.0287737, -0.000165369, 0.275478, -2.37044e-06, 4.70492e-05, -0.290612, -3.09199e-07, 9.30577e-08, 0.295979, 0, 0.0287737, -0.000165369, 0.0260347, -0.000157197, 0.023556, -0.00014769, 0.0213129, -0.000138506, 0.0192829, -0.000129808, 0.0174457, -0.000121571, 0.015783, -0.000113771, 0.0142781, -0.000106387, 0.012916, -9.93966e-05, 0.011683, -9.27806e-05, 0.0105669, -8.65197e-05, 0.00955646, -8.05959e-05, 0.00864158, -7.49918e-05, 0.00781311, -6.96913e-05, 0.00706277, -6.46787e-05, 0.00638306, -5.99395e-05, 0.00576719, -5.54596e-05, 0.00520898, -5.12258e-05, 0.00470287, -4.72256e-05, 0.00424378, -4.34472e-05, 0.00382713, -3.98792e-05, 0.00344875, -3.65111e-05, 0.00310486, -3.33327e-05, 0.00279202, -3.03347e-05, 0.0025071, -2.75079e-05, 0.00224724, -2.4844e-05, 0.00200987, -2.23349e-05, 0.00179259, -1.99731e-05, 0.00159323, -1.77515e-05, 0.00140981, -1.56636e-05, 0.00124049, -1.3703e-05, 0.00108357, -1.18639e-05, 0.000937485, -1.01409e-05, 0.000800776, -8.52898e-06, 0.000672076, -7.02332e-06, 0.000550096, -5.61958e-06, 0.000433618, -4.31375e-06, 0.000321475, -3.10211e-06, 0.000212547, -1.98127e-06, 0.000105745, -9.48114e-07
0.0116716, -5.69082e-06, 5.37253e-05, 0.277449, -0.000180302, -0.022191, -0.000180302, 0.287376, -5.38303e-06, 5.36322e-05, -0.275705, -3.07799e-07, 9.30577e-08, 0.29964, 0, -0.022191, -0.000180302, -0.0200786, -0.000169846, -0.0181669, -0.000159725, -0.016437, -0.000150126, -0.0148714, -0.000141024, -0.0134545, -0.000132393, -0.0121722, -0.000124211, -0.0110116, -0.000116453, -0.0099611, -0.000109099, -0.00901022, -0.000102128, -0.00814944, -9.55207e-05, -0.00737016, -8.92582e-05, -0.00666459, -8.33229e-05, -0.00602565, -7.76981e-05, -0.00544698, -7.23678e-05, -0.00492277, -6.73168e-05, -0.00444779, -6.25307e-05, -0.00401729, -5.79958e-05, -0.00362696, -5.3699e-05, -0.0032729, -4.96281e-05, -0.00295157, -4.57712e-05, -0.00265976, -4.21172e-05, -0.00239454, -3.86556e-05, -0.00215327, -3.53762e-05, -0.00193353, -3.22697e-05, -0.00173313, -2.9327e-05, -0.00155006, -2.65394e-05, -0.00138248, -2.38991e-05, -0.00122874, -2.13982e-05, -0.00108728, -1.90296e-05, -0.000956692, -1.67863e-05, -0.000835673, -1.46621e-05, -0.00072301, -1.26506e-05, -0.000617578, -1.07463e-05, -0.000518321, -8.94369e-06, -0.000424247, -7.23767e-06, -0.000334416, -5.62349e-06, -0.000247929, -4.09668e-06, -0.000163921, -2.65305e-06, -8.15529e-05, -1.28866e-06
0.0227565, -6.14126e-06, 5.40966e-05, 0.256734, -0.000180143, -0.0432664, -0.000180143, 0.283464, -5.83487e-06, 5.40036e-05, -0.260707, -3.06391e-07, 9.30577e-08, 0.3, 0, -0.0432664, -0.000180143, -0.0391478, -0.000169551, -0.0354206, -0.000159503, -0.0320477, -0.000149972, -0.0289952, -0.000140933, -0.0262327, -0.00013236, -0.0237325, -0.00012423, -0.0214696, -0.000116521, -0.0194214, -0.000109211, -0.0175675, -0.000102281, -0.0158892, -9.57092e-05, -0.0143698, -8.94791e-05, -0.0129941, -8.35727e-05, -0.0117484, -7.79735e-05, -0.0106201, -7.26655e-05, -0.00959807, -6.76337e-05, -0.00867199, -6.2864e-05, -0.00783263, -5.83426e-05, -0.00707159, -5.40566e-05, -0.00638127, -4.99938e-05, -0.00575476, -4.61426e-05, -0.00518581, -4.24918e-05, -0.00466871, -3.9031e-05, -0.00419829, -3.57501e-05, -0.00376986, -3.26398e-05, -0.00337913, -2.9691e-05, -0.00302219, -2.68951e-05, -0.00269547, -2.42443e-05, -0.00239571, -2.17307e-05, -0.0021199, -1.93471e-05, -0.00186529, -1.70868e-05, -0.00162934, -1.49432e-05, -0.00140967, -1.29102e-05, -0.00120411, -1.0982e-05, -0.00101059, -9.1532e-06, -0.000827167, -7.41861e-06, -0.000652021, -5.77343e-06, -0.000483395, -4.21311e-06, -0.000319602, -2.73338e-06, -0.000159006, -1.33022e-06
0.0338617, -7.07428e-06, 5.4421e-05, 0.235619, -0.000177744, -0.0643805, -0.000177744, 0.279569, -6.7693e-06, 5.43279e-05, -0.245707, -3.04982e-07, 9.30577e-08, 0.3, 0, -0.0643805, -0.000177744, -0.058252, -0.000167419, -0.052706, -0.000157621, -0.047687, -0.000148323, -0.043145, -0.000139501, -0.0390343, -0.00013113, -0.035314, -0.000123187, -0.0319469, -0.000115652, -0.0288992, -0.000108503, -0.0261405, -0.00010172, -0.0236432, -9.52854e-05, -0.0213824, -8.91809e-05, -0.0193353, -8.33895e-05, -0.0174817, -7.78952e-05, -0.0158028, -7.26827e-05, -0.014282, -6.77372e-05, -0.0129039, -6.3045e-05, -0.011655, -5.85928e-05, -0.0105226, -5.4368e-05, -0.00949536, -5.03587e-05, -0.00856311, -4.65536e-05, -0.0077165, -4.29418e-05, -0.00694705, -3.9513e-05, -0.00624707, -3.62575e-05, -0.00560957, -3.31659e-05, -0.00502816, -3.02296e-05, -0.00449703, -2.744e-05, -0.00401087, -2.47893e-05, -0.00356482, -2.22698e-05, -0.00315442, -1.98744e-05, -0.00277556, -1.75963e-05, -0.00242446, -1.54291e-05, -0.0020976, -1.33665e-05, -0.00179172, -1.14029e-05, -0.00150375, -9.53262e-06, -0.00123083, -7.75057e-06, -0.000970209, -6.05178e-06, -0.000719293, -4.43161e-06, -0.00047557, -2.88565e-06, -0.000236602, -1.40972e-06
0.0441398, -8.34429e-06, 5.68222e-05, 0.216078, -0.000181881, -0.083922, -0.000181881, 0.274847, -8.04072e-06, 5.67291e-05, -0.230707, -3.03573e-07, 9.30577e-08, 0.3, 0, -0.083922, -0.000181881, -0.0759333, -0.000171454, -0.0687039, -0.000161554, -0.0621615, -0.000152156, -0.0562408, -0.000143233, -0.0508824, -0.000134762, -0.0460329, -0.000126721, -0.0416437, -0.000119087, -0.037671, -0.000111841, -0.0340749, -0.000104961, -0.0308197, -9.84303e-05, -0.0278726, -9.223e-05, -0.0252042, -8.63435e-05, -0.0227879, -8.07544e-05, -0.0205994, -7.54474e-05, -0.018617, -7.04078e-05, -0.0168207, -6.56216e-05, -0.0151926, -6.10755e-05, -0.0137165, -5.67568e-05, -0.0123775, -5.26536e-05, -0.0111623, -4.87542e-05, -0.0100587, -4.50477e-05, -0.0090557, -4.15238e-05, -0.00814326, -3.81725e-05, -0.00731225, -3.49844e-05, -0.00655436, -3.19505e-05, -0.00586202, -2.90622e-05, -0.00522829, -2.63115e-05, -0.00464685, -2.36905e-05, -0.00411188, -2.11919e-05, -0.00361803, -1.88086e-05, -0.00316036, -1.65341e-05, -0.00273429, -1.43619e-05, -0.00233556, -1.22859e-05, -0.00196019, -1.03005e-05, -0.00160442, -8.40007e-06, -0.0012647, -6.5795e-06, -0.000937621, -4.83381e-06, -0.00061992, -3.15828e-06, -0.000308418, -1.54841e-06
0.0622111, -8.54218e-06, 5.82636e-05, 0.181719, -0.000186552, -0.118281, -0.000186552, 0.277918, -8.24001e-06, 5.81706e-05, -0.215707, -3.02165e-07, 9.30577e-08, 0.3, 0, -0.118281, -0.000186552, -0.107021, -0.000175855, -0.0968321, -0.000165699, -0.0876112, -0.000156057, -0.0792664, -0.000146904, -0.0717143, -0.000138215, -0.0648793, -0.000129966, -0.0586932, -0.000122135, -0.0530939, -0.000114702, -0.0480256, -0.000107645, -0.0434376, -0.000100945, -0.0392839, -9.45853e-05, -0.0355231, -8.8547e-05, -0.0321175, -8.2814e-05, -0.0290331, -7.73703e-05, -0.026239, -7.2201e-05, -0.0237073, -6.72917e-05, -0.0214127, -6.26288e-05, -0.0193322, -5.81992e-05, -0.017445, -5.39905e-05, -0.0157323, -4.99911e-05, -0.0141768, -4.61896e-05, -0.0127632, -4.25754e-05, -0.0114772, -3.91383e-05, -0.010306, -3.58687e-05, -0.00923779, -3.27573e-05, -0.00826199, -2.97953e-05, -0.00736882, -2.69744e-05, -0.00654933, -2.42867e-05, -0.00579533, -2.17246e-05, -0.00509929, -1.92809e-05, -0.00445424, -1.69487e-05, -0.00385374, -1.47215e-05, -0.00329177, -1.25931e-05, -0.00276272, -1.05577e-05, -0.00226129, -8.60949e-06, -0.00178248, -6.74327e-06, -0.00132149, -4.95393e-06, -0.000873722, -3.23663e-06, -0.000434688, -1.58675e-06
0.0694685, -7.36266e-06, 5.64373e-05, 0.167921, -0.000184228, -0.132079, -0.000184228, 0.270176, -7.0619e-06, 5.63442e-05, -0.200707, -3.00756e-07, 9.30577e-08, 0.3, 0, -0.132079, -0.000184228, -0.119506, -0.00017353, -0.108128, -0.000163379, -0.0978318, -0.000153745, -0.0885135, -0.000144604, -0.0800804, -0.000135931, -0.072448, -0.000127701, -0.0655402, -0.000119893, -0.0592877, -0.000112485, -0.0536282, -0.000105457, -0.0485049, -9.87895e-05, -0.0438667, -9.24637e-05, -0.0396671, -8.64623e-05, -0.0358643, -8.07686e-05, -0.03242, -7.53666e-05, -0.0293, -7.02414e-05, -0.0264729, -6.53785e-05, -0.0239106, -6.07641e-05, -0.0215874, -5.63854e-05, -0.0194801, -5.22298e-05, -0.0175675, -4.82857e-05, -0.0158307, -4.45418e-05, -0.0142521, -4.09875e-05, -0.0128161, -3.76126e-05, -0.0115082, -3.44075e-05, -0.0103155, -3.13632e-05, -0.00922582, -2.84708e-05, -0.00822845, -2.57222e-05, -0.00731336, -2.31095e-05, -0.00647141, -2.06253e-05, -0.00569417, -1.82626e-05, -0.00497387, -1.60145e-05, -0.00430331, -1.38749e-05, -0.00367578, -1.18376e-05, -0.00308501, -9.89691e-06, -0.00252509, -8.04752e-06, -0.00199042, -6.28427e-06, -0.00147566, -4.60233e-06, -0.000975649, -2.99714e-06, -0.000485397, -1.46435e-06
0.0795544, -6.62248e-06, 5.54277e-05, 0.148745, -0.000183283, -0.151255, -0.000183283, 0.265262, -6.32314e-06, 5.53347e-05, -0.185707, -2.99348e-07, 9.30577e-08, 0.3, 0, -0.151255, -0.000183283, -0.136857, -0.000172553, -0.123827, -0.000162373, -0.112036, -0.000152716, -0.101364, -0.000143555, -0.0917069, -0.000134866, -0.0829665, -0.000126624, -0.0750557, -0.000118807, -0.0678955, -0.000111394, -0.0614143, -0.000104363, -0.0555472, -9.76953e-05, -0.0502355, -9.13725e-05, -0.0454263, -8.53768e-05, -0.0410713, -7.96912e-05, -0.037127, -7.43e-05, -0.0335539, -6.91877e-05, -0.0303164, -6.434e-05, -0.0273821, -5.97432e-05, -0.0247216, -5.53841e-05, -0.0223083, -5.12502e-05, -0.0201181, -4.73299e-05, -0.0181291, -4.36119e-05, -0.0163214, -4.00855e-05, -0.0146768, -3.67406e-05, -0.0131791, -3.35676e-05, -0.0118131, -3.05574e-05, -0.0105653, -2.77012e-05, -0.00942311, -2.4991e-05, -0.00837516, -2.24189e-05, -0.00741097, -1.99776e-05, -0.00652088, -1.766e-05, -0.005696, -1.54595e-05, -0.00492809, -1.33699e-05, -0.00420945, -1.13853e-05, -0.00353291, -9.49999e-06, -0.0028917, -7.70881e-06, -0.0022794, -6.00675e-06, -0.0016899, -4.38911e-06, -0.0011173, -2.85149e-06, -0.00055587, -1.38972e-06
0.0884268, -7.08464e-07, 4.24616e-05, 0.131876, -0.000157254, -0.168124, -0.000157254, 0.259134, -4.10525e-07, 4.23685e-05, -0.170707, -2.97939e-07, 9.30577e-08, 0.3, 0, -0.168124, -0.000157254, -0.15212, -0.000147428, -0.137637, -0.000138126, -0.124531, -0.000129321, -0.112669, -0.000120989, -0.101935, -0.000113106, -0.0922195, -0.000105648, -0.0834264, -9.8594e-05, -0.0754677, -9.19235e-05, -0.0682636, -8.56169e-05, -0.0617422, -7.96558e-05, -0.0558381, -7.40225e-05, -0.0504925, -6.87003e-05, -0.0456518, -6.36735e-05, -0.0412676, -5.89269e-05, -0.0372961, -5.44465e-05, -0.0336975, -5.02187e-05, -0.030436, -4.62307e-05, -0.0274787, -4.24706e-05, -0.0247963, -3.89269e-05, -0.0223618, -3.55889e-05, -0.020151, -3.24462e-05, -0.0181416, -2.94895e-05, -0.0163137, -2.67095e-05, -0.0146489, -2.40977e-05, -0.0131306, -2.16462e-05, -0.0117436, -1.93474e-05, -0.010474, -1.71942e-05, -0.00930921, -1.518e-05, -0.00823749, -1.32987e-05, -0.00724813, -1.15445e-05, -0.00633126, -9.91199e-06, -0.0054777, -8.39628e-06, -0.00467892, -6.99277e-06, -0.00392692, -5.69725e-06, -0.0032142, -4.50586e-06, -0.00253362, -3.4151e-06, -0.00187837, -2.42181e-06, -0.00124191, -1.52314e-06, -0.000617865, -7.16554e-07
0.0914014, -5.33091e-07, 4.2298e-05, 0.12622, -0.000157315, -0.17378, -0.000157315, 0.247109, -2.36561e-07, 4.2205e-05, -0.155707, -2.9653e-07, 9.30577e-08, 0.3, 0, -0.17378, -0.000157315, -0.157237, -0.000147464, -0.142267, -0.000138138, -0.12872, -0.000129312, -0.116459, -0.00012096, -0.105364, -0.000113058, -0.0953216, -0.000105584, -0.0862328, -9.85148e-05, -0.0780063, -9.18308e-05, -0.0705599, -8.55121e-05, -0.0638191, -7.95402e-05, -0.0577165, -7.38973e-05, -0.052191, -6.85667e-05, -0.0471875, -6.35327e-05, -0.0426558, -5.878e-05, -0.0385507, -5.42945e-05, -0.0348311, -5.00626e-05, -0.0314598, -4.60715e-05, -0.0284031, -4.23092e-05, -0.0256304, -3.87643e-05, -0.0231141, -3.54258e-05, -0.0208288, -3.22836e-05, -0.0187519, -2.93281e-05, -0.0168625, -2.65501e-05, -0.0151417, -2.39413e-05, -0.0135723, -2.14934e-05, -0.0121386, -1.9199e-05, -0.0108264, -1.70511e-05, -0.00962237, -1.50429e-05, -0.00851459, -1.31684e-05, -0.00749195, -1.14218e-05, -0.00654424, -9.79764e-06, -0.00566197, -8.29111e-06, -0.00483631, -6.89761e-06, -0.00405902, -5.61294e-06, -0.00332232, -4.43326e-06, -0.00261885, -3.35511e-06, -0.00194156, -2.37535e-06, -0.00128368, -1.49117e-06, -0.000638649, -7.00052e-07
0.101749, -4.5533e-07, 4.29669e-05, 0.106546, -0.00016014, -0.193454, -0.00016014, 0.242457, -1.60208e-07, 4.28739e-05, -0.140707, -2.95122e-07, 9.30577e-08, 0.3, 0, -0.193454, -0.00016014, -0.175039, -0.000150101, -0.158374, -0.000140598, -0.143293, -0.000131604, -0.129644, -0.000123094, -0.117292, -0.000115043, -0.106113, -0.000107427, -0.0959956, -0.000100226, -0.0868378, -9.34161e-05, -0.0785483, -8.69792e-05, -0.0710444, -8.08958e-05, -0.0642508, -7.5148e-05, -0.0580998, -6.97186e-05, -0.0525298, -6.45916e-05, -0.0474851, -5.97515e-05, -0.0429152, -5.51838e-05, -0.0387745, -5.08747e-05, -0.0350215, -4.68112e-05, -0.0316187, -4.29811e-05, -0.0285322, -3.93725e-05, -0.0257309, -3.59745e-05, -0.0231869, -3.27767e-05, -0.0208749, -2.97693e-05, -0.0187715, -2.69431e-05, -0.0168559, -2.42893e-05, -0.0151089, -2.17998e-05, -0.0135129, -1.94668e-05, -0.0120521, -1.72833e-05, -0.0107118, -1.52424e-05, -0.00947856, -1.3338e-05, -0.00834015, -1.1564e-05, -0.00728514, -9.91522e-06, -0.00630298, -8.38646e-06, -0.00538385, -6.97315e-06, -0.00451856, -5.67102e-06, -0.00369846, -4.47617e-06, -0.00291534, -3.3851e-06, -0.00216137, -2.39461e-06, -0.00142902, -1.50187e-06, -0.000710954, -7.04341e-07
0.106005, 7.59424e-08, 4.20988e-05, 0.0984557, -0.000158921, -0.201544, -0.000158921, 0.231712, 3.69656e-07, 4.20058e-05, -0.125707, -2.93713e-07, 9.30577e-08, 0.3, 0, -0.201544, -0.000158921, -0.182359, -0.000148892, -0.164997, -0.000139401, -0.149285, -0.000130421, -0.135066, -0.000121926, -0.122198, -0.000113891, -0.110551, -0.000106292, -0.10001, -9.91083e-05, -0.0904693, -9.23179e-05, -0.0818332, -8.59009e-05, -0.0740154, -7.98383e-05, -0.0669378, -7.41121e-05, -0.0605295, -6.87052e-05, -0.0547266, -6.36014e-05, -0.0494709, -5.87853e-05, -0.0447099, -5.42424e-05, -0.040396, -4.99588e-05, -0.0364861, -4.59216e-05, -0.032941, -4.21185e-05, -0.0297254, -3.85377e-05, -0.026807, -3.51683e-05, -0.0241566, -3.19999e-05, -0.0217479, -2.90227e-05, -0.0195566, -2.62275e-05, -0.0175608, -2.36056e-05, -0.0157407, -2.11489e-05, -0.014078, -1.88499e-05, -0.0125561, -1.67012e-05, -0.0111597, -1.46963e-05, -0.00987495, -1.2829e-05, -0.00868893, -1.10934e-05, -0.0075898, -9.4842e-06, -0.00656657, -7.99648e-06, -0.005609, -6.62567e-06, -0.00470753, -5.3676e-06, -0.00385313, -4.21849e-06, -0.00303726, -3.17492e-06, -0.00225176, -2.23383e-06, -0.00148878, -1.3925e-06, -0.000740685, -6.48512e-07
0.109939, 6.74216e-07, 4.0917e-05, 0.0909761, -0.000156777, -0.209024, -0.000156777, 0.220646, 9.66521e-07, 4.08239e-05, -0.110707, -2.92305e-07, 9.30577e-08, 0.3, 0, -0.209024, -0.000156777, -0.189126, -0.000146809, -0.17112, -0.000137378, -0.154825, -0.000128456, -0.140078, -0.000120019, -0.126732, -0.00011204, -0.114654, -0.000104498, -0.103722, -9.7369e-05, -0.0938268, -9.06328e-05, -0.0848701, -8.42694e-05, -0.0767622, -7.82596e-05, -0.0694219, -7.25855e-05, -0.0627759, -6.72302e-05, -0.0567576, -6.21773e-05, -0.0513068, -5.74116e-05, -0.0463691, -5.29186e-05, -0.0418952, -4.86846e-05, -0.0378401, -4.46966e-05, -0.0341635, -4.09423e-05, -0.0308285, -3.74102e-05, -0.0278018, -3.40893e-05, -0.0250531, -3.09693e-05, -0.0225549, -2.80406e-05, -0.0202823, -2.52939e-05, -0.0182125, -2.27207e-05, -0.0163249, -2.0313e-05, -0.0146005, -1.80632e-05, -0.0130221, -1.59643e-05, -0.0115739, -1.40097e-05, -0.0102414, -1.21932e-05, -0.00901139, -1.05092e-05, -0.00787147, -8.95254e-06, -0.00681026, -7.51826e-06, -0.00581716, -6.20199e-06, -0.00488223, -4.99968e-06, -0.00399612, -3.90767e-06, -0.00314997, -2.92269e-06, -0.00233532, -2.04182e-06, -0.00154403, -1.2625e-06, -0.000768173, -5.82457e-07
0.11388, 7.9952e-07, 4.06588e-05, 0.0834814, -0.000156287, -0.216519, -0.000156287, 0.209588, 1.09042e-06, 4.05657e-05, -0.0957073, -2.90896e-07, 9.30577e-08, 0.3, 0, -0.216519, -0.000156287, -0.195908, -0.000146334, -0.177256, -0.000136918, -0.160377, -0.000128011, -0.145101, -0.000119588, -0.131277, -0.000111623, -0.118765, -0.000104094, -0.107441, -9.6979e-05, -0.097191, -9.0256e-05, -0.0879133, -8.39055e-05, -0.0795146, -7.79084e-05, -0.0719111, -7.22467e-05, -0.0650268, -6.69035e-05, -0.0587927, -6.18627e-05, -0.0531465, -5.71088e-05, -0.0480318, -5.26275e-05, -0.0433974, -4.84049e-05, -0.0391969, -4.44283e-05, -0.0353885, -4.06852e-05, -0.0319339, -3.71643e-05, -0.0287987, -3.38544e-05, -0.0259514, -3.07454e-05, -0.0233637, -2.78276e-05, -0.0210096, -2.50918e-05, -0.0188656, -2.25295e-05, -0.0169102, -2.01327e-05, -0.015124, -1.78938e-05, -0.013489, -1.58058e-05, -0.0119889, -1.38622e-05, -0.0106086, -1.20569e-05, -0.0093345, -1.03842e-05, -0.00815371, -8.83889e-06, -0.00705445, -7.41619e-06, -0.00602574, -6.11168e-06, -0.00505729, -4.92135e-06, -0.00413941, -3.84159e-06, -0.00326292, -2.86913e-06, -0.00241906, -2.00109e-06, -0.00159939, -1.23496e-06, -0.000795717, -5.68479e-07
0.117527, 9.00346e-07, 4.03555e-05, 0.0765481, -0.000155531, -0.223452, -0.000155531, 0.198234, 1.18983e-06, 4.02624e-05, -0.0807073, -2.89487e-07, 9.30577e-08, 0.3, 0, -0.223452, -0.000155531, -0.202181, -0.000145613, -0.182932, -0.000136231, -0.165512, -0.000127356, -0.149747, -0.000118964, -0.13548, -0.000111029, -0.122568, -0.000103528, -0.110881, -9.64401e-05, -0.100303, -8.97431e-05, -0.0907284, -8.34175e-05, -0.0820608, -7.74443e-05, -0.0742139, -7.18057e-05, -0.067109, -6.64846e-05, -0.0606753, -6.1465e-05, -0.0548483, -5.67316e-05, -0.0495698, -5.22699e-05, -0.044787, -4.80664e-05, -0.0404521, -4.4108e-05, -0.0365217, -4.03827e-05, -0.0329565, -3.68788e-05, -0.0297208, -3.35854e-05, -0.0267824, -3.04925e-05, -0.0241118, -2.75902e-05, -0.0216823, -2.48695e-05, -0.0194697, -2.23219e-05, -0.0174517, -1.99395e-05, -0.0156083, -1.77146e-05, -0.0139209, -1.56403e-05, -0.0123728, -1.37101e-05, -0.0109484, -1.1918e-05, -0.00963341, -1.02583e-05, -0.00841481, -8.72584e-06, -0.00728035, -7.31583e-06, -0.0062187, -6.0239e-06, -0.00521923, -4.84609e-06, -0.00427196, -3.77879e-06, -0.0033674, -2.81878e-06, -0.00249652, -1.96323e-06, -0.00165061, -1.20961e-06, -0.000821197, -5.55749e-07
0.123922, 9.74181e-07, 3.94777e-05, 0.06439, -0.0001525, -0.23561, -0.0001525, 0.189629, 1.26226e-06, 3.93846e-05, -0.0657073, -2.88079e-07, 9.30577e-08, 0.3, 0, -0.23561, -0.0001525, -0.213182, -0.000142764, -0.192885, -0.000133554, -0.174518, -0.000124843, -0.157895, -0.000116605, -0.142852, -0.000108817, -0.129237, -0.000101456, -0.116914, -9.44995e-05, -0.105761, -8.79274e-05, -0.0956649, -8.17201e-05, -0.0865258, -7.5859e-05, -0.0782518, -7.03264e-05, -0.0707604, -6.51058e-05, -0.0639766, -6.01813e-05, -0.0578326, -5.5538e-05, -0.0522669, -5.11615e-05, -0.0472239, -4.70387e-05, -0.0426531, -4.31567e-05, -0.0385088, -3.95036e-05, -0.0347496, -3.6068e-05, -0.031338, -3.28394e-05, -0.0282397, -2.98076e-05, -0.0254237, -2.69631e-05, -0.0228621, -2.42971e-05, -0.020529, -2.18012e-05, -0.0184013, -1.94675e-05, -0.0164575, -1.72888e-05, -0.0146784, -1.52581e-05, -0.013046, -1.3369e-05, -0.0115441, -1.16157e-05, -0.0101576, -9.99264e-06, -0.00887266, -8.49469e-06, -0.00767647, -7.11721e-06, -0.00655706, -5.85592e-06, -0.00550321, -4.70693e-06, -0.00450439, -3.66672e-06, -0.00355062, -2.73217e-06, -0.00263236, -1.90047e-06, -0.00174042, -1.16921e-06, -0.000865879, -5.36248e-07
0.126494, 1.12175e-06, 3.87417e-05, 0.0594989, -0.000150291, -0.240501, -0.000150291, 0.177202, 1.40842e-06, 3.86486e-05, -0.0507073, -2.8667e-07, 9.30577e-08, 0.3, 0, -0.240501, -0.000150291, -0.217607, -0.000140677, -0.19689, -0.000131581, -0.178141, -0.00012298, -0.161173, -0.000114846, -0.145817, -0.000107157, -0.13192, -9.98897e-05, -0.119341, -9.30227e-05, -0.107956, -8.65358e-05, -0.0976509, -8.04095e-05, -0.088322, -7.46254e-05, -0.0798763, -6.91662e-05, -0.0722294, -6.40154e-05, -0.0653048, -5.91574e-05, -0.0590332, -5.45774e-05, -0.0533519, -5.02613e-05, -0.0482042, -4.61959e-05, -0.0435385, -4.23687e-05, -0.0393082, -3.87678e-05, -0.035471, -3.53821e-05, -0.0319885, -3.2201e-05, -0.0288259, -2.92147e-05, -0.0259515, -2.64136e-05, -0.0233367, -2.37891e-05, -0.0209552, -2.13329e-05, -0.0187833, -1.90373e-05, -0.0167992, -1.68951e-05, -0.0149831, -1.48993e-05, -0.0133168, -1.30439e-05, -0.0117837, -1.13229e-05, -0.0103684, -9.73093e-06, -0.00905685, -8.26296e-06, -0.00783583, -6.91441e-06, -0.00669318, -5.68109e-06, -0.00561745, -4.55918e-06, -0.0045979, -3.54525e-06, -0.00362433, -2.63621e-06, -0.002687, -1.82936e-06, -0.00177655, -1.12233e-06, -0.000883854, -5.13049e-07
0.128908, -2.25988e-07, 4.17904e-05, 0.0549095, -0.000156576, -0.245091, -0.000156576, 0.164616, 5.9274e-08, 4.16973e-05, -0.0357073, -2.85262e-07, 9.30577e-08, 0.3, 0, -0.245091, -0.000156576, -0.22176, -0.000146733, -0.200647, -0.000137417, -0.18154, -0.000128601, -0.164249, -0.00012026, -0.1486, -0.000112369, -0.134437, -0.000104906, -0.121619, -9.78496e-05, -0.110016, -9.11782e-05, -0.0995143, -8.48726e-05, -0.0900074, -7.89141e-05, -0.0814006, -7.32851e-05, -0.0736077, -6.79689e-05, -0.066551, -6.29494e-05, -0.0601597, -5.82118e-05, -0.0543701, -5.37416e-05, -0.0491241, -4.95255e-05, -0.0443694, -4.55505e-05, -0.0400583, -4.18047e-05, -0.0361479, -3.82766e-05, -0.0325989, -3.49553e-05, -0.029376, -3.18308e-05, -0.0264468, -2.88933e-05, -0.023782, -2.61339e-05, -0.0213551, -2.3544e-05, -0.0191417, -2.11156e-05, -0.0171198, -1.88412e-05, -0.015269, -1.67137e-05, -0.0135709, -1.47267e-05, -0.0120086, -1.28739e-05, -0.0105663, -1.11496e-05, -0.00922968, -9.5486e-06, -0.00798536, -8.06594e-06, -0.0068209, -6.69711e-06, -0.00572465, -5.43798e-06, -0.00468564, -4.28477e-06, -0.00369349, -3.23406e-06, -0.00273828, -2.2828e-06, -0.00181045, -1.42824e-06, -0.00090072, -6.67949e-07
0.131291, -1.55689e-07, 4.13603e-05, 0.0503795, -0.000155223, -0.249621, -0.000155223, 0.151998, 1.28164e-07, 4.12672e-05, -0.0207073, -2.83853e-07, 9.30577e-08, 0.3, 0, -0.249621, -0.000155223, -0.225859, -0.000145457, -0.204355, -0.000136214, -0.184895, -0.000127467, -0.167284, -0.000119191, -0.151346, -0.000111363, -0.136922, -0.000103959, -0.123866, -9.69585e-05, -0.11205, -9.03406e-05, -0.101354, -8.40857e-05, -0.091671, -7.81754e-05, -0.0829051, -7.25922e-05, -0.0749682, -6.73194e-05, -0.067781, -6.23413e-05, -0.0612716, -5.76429e-05, -0.055375, -5.32101e-05, -0.0500321, -4.90294e-05, -0.0451895, -4.50882e-05, -0.0407987, -4.13745e-05, -0.036816, -3.78769e-05, -0.0332015, -3.45847e-05, -0.0299189, -3.14878e-05, -0.0269356, -2.85766e-05, -0.0242216, -2.58423e-05, -0.0217498, -2.32762e-05, -0.0194955, -2.08706e-05, -0.0174362, -1.86179e-05, -0.0155512, -1.65112e-05, -0.0138218, -1.4544e-05, -0.0122305, -1.27101e-05, -0.0107616, -1.10039e-05, -0.00940027, -9.42026e-06, -0.00813296, -7.95419e-06, -0.00694697, -6.60128e-06, -0.00583046, -5.35743e-06, -0.00477225, -4.21891e-06, -0.00376176, -3.18234e-06, -0.00278889, -2.24469e-06, -0.00184391, -1.40327e-06, -0.000917368, -6.55669e-07
0.135514, 5.25235e-08, 4.05686e-05, 0.0423503, -0.00015304, -0.25765, -0.00015304, 0.141221, 3.34968e-07, 4.04755e-05, -0.00570732, -2.82445e-07, 9.30577e-08, 0.3, 0, -0.25765, -0.00015304, -0.233123, -0.000143385, -0.210928, -0.000134248, -0.190843, -0.000125603, -0.172665, -0.000117424, -0.156215, -0.000109688, -0.141326, -0.000102373, -0.127851, -9.54564e-05, -0.115654, -8.89187e-05, -0.104614, -8.27405e-05, -0.0946197, -7.69034e-05, -0.0855718, -7.13901e-05, -0.0773796, -6.61842e-05, -0.0699612, -6.127e-05, -0.0632425, -5.66327e-05, -0.0571561, -5.22584e-05, -0.0516414, -4.81337e-05, -0.046643, -4.42461e-05, -0.0421111, -4.05838e-05, -0.0380002, -3.71355e-05, -0.0342694, -3.38907e-05, -0.0308813, -3.08393e-05, -0.027802, -2.7972e-05, -0.0250007, -2.52798e-05, -0.0224494, -2.27544e-05, -0.0201226, -2.0388e-05, -0.017997, -1.81733e-05, -0.0160514, -1.61034e-05, -0.0142663, -1.41718e-05, -0.0126239, -1.23725e-05, -0.0111077, -1.07e-05, -0.00970263, -9.14919e-06, -0.00839456, -7.71521e-06, -0.00717042, -6.3937e-06, -0.006018, -5.18066e-06, -0.00492575, -4.07243e-06, -0.00388276, -3.06571e-06, -0.0028786, -2.15757e-06, -0.00190322, -1.34537e-06, -0.000946876, -6.26781e-07
0.137207, 8.86605e-07, 3.83908e-05, 0.0391307, -0.000148049, -0.260869, -0.000148049, 0.127915, 1.16764e-06, 3.82977e-05, 0.00929268, -2.81036e-07, 9.30577e-08, 0.3, 0, -0.260869, -0.000148049, -0.236037, -0.000138605, -0.213564, -0.000129671, -0.193227, -0.00012122, -0.174823, -0.000113229, -0.158167, -0.000105674, -0.143092, -9.85318e-05, -0.129448, -9.17827e-05, -0.117099, -8.54061e-05, -0.105921, -7.93833e-05, -0.095802, -7.36962e-05, -0.0866411, -6.83276e-05, -0.0783465, -6.32615e-05, -0.0708355, -5.84826e-05, -0.0640328, -5.39762e-05, -0.0578704, -4.97286e-05, -0.0522867, -4.57269e-05, -0.0472258, -4.19587e-05, -0.0426373, -3.84125e-05, -0.0384751, -3.50771e-05, -0.0346976, -3.19424e-05, -0.0312672, -2.89985e-05, -0.0281494, -2.62362e-05, -0.0253131, -2.36469e-05, -0.0227299, -2.12224e-05, -0.020374, -1.89553e-05, -0.0182219, -1.68382e-05, -0.016252, -1.48647e-05, -0.0144446, -1.30284e-05, -0.0127817, -1.13237e-05, -0.0112465, -9.7451e-06, -0.00982388, -8.28775e-06, -0.00849946, -6.94708e-06, -0.00726003, -5.71893e-06, -0.0060932, -4.59954e-06, -0.0049873, -3.58547e-06, -0.00393128, -2.67367e-06, -0.00291457, -1.86143e-06, -0.001927, -1.14637e-06, -0.000958708, -5.26411e-07
0.138788, 4.97267e-07, 3.93202e-05, 0.0361256, -0.000150049, -0.263874, -0.000150049, 0.114495, 7.76894e-07, 3.92271e-05, 0.0242927, -2.79627e-07, 9.30577e-08, 0.3, 0, -0.263874, -0.000150049, -0.238756, -0.000140527, -0.216024, -0.000131518, -0.195453, -0.000122995, -0.176837, -0.000114934, -0.159989, -0.000107311, -0.14474, -0.000100104, -0.13094, -9.32916e-05, -0.118448, -8.6854e-05, -0.107141, -8.0772e-05, -0.0969056, -7.50275e-05, -0.0876391, -6.96033e-05, -0.0792491, -6.44831e-05, -0.0716515, -5.96516e-05, -0.0647704, -5.50942e-05, -0.058537, -5.07969e-05, -0.052889, -4.67466e-05, -0.0477699, -4.29311e-05, -0.0431284, -3.93386e-05, -0.0389183, -3.5958e-05, -0.0350973, -3.27788e-05, -0.0316274, -2.97913e-05, -0.0284736, -2.69862e-05, -0.0256047, -2.43547e-05, -0.0229917, -2.18886e-05, -0.0206087, -1.95802e-05, -0.0184318, -1.74224e-05, -0.0164392, -1.54083e-05, -0.014611, -1.35317e-05, -0.0129289, -1.17867e-05, -0.0113761, -1.01679e-05, -0.00993704, -8.67021e-06, -0.00859736, -7.28907e-06, -0.00734366, -6.02019e-06, -0.00616339, -4.85969e-06, -0.00504475, -3.80405e-06, -0.00397656, -2.85011e-06, -0.00294814, -1.99504e-06, -0.0019492, -1.23638e-06, -0.000969752, -5.71923e-07
0.141784, 6.63844e-07, 3.88166e-05, 0.0304286, -0.000148792, -0.269571, -0.000148792, 0.102492, 9.42063e-07, 3.87236e-05, 0.0392927, -2.78219e-07, 9.30577e-08, 0.3, 0, -0.269571, -0.000148792, -0.24391, -0.000139329, -0.220688, -0.000130376, -0.199673, -0.000121907, -0.180655, -0.000113897, -0.163443, -0.000106323, -0.147865, -9.9163e-05, -0.133767, -9.23959e-05, -0.121005, -8.60016e-05, -0.109454, -7.99611e-05, -0.0989978, -7.42564e-05, -0.0895313, -6.88705e-05, -0.08096, -6.37872e-05, -0.0731984, -5.8991e-05, -0.0661688, -5.44676e-05, -0.0598008, -5.0203e-05, -0.0540309, -4.61844e-05, -0.0488012, -4.23993e-05, -0.0440596, -3.88362e-05, -0.0397585, -3.5484e-05, -0.0358551, -3.23323e-05, -0.0323102, -2.93715e-05, -0.0290884, -2.65922e-05, -0.0261575, -2.39858e-05, -0.0234881, -2.15441e-05, -0.0210537, -1.92596e-05, -0.0188298, -1.7125e-05, -0.0167941, -1.51337e-05, -0.0149265, -1.32794e-05, -0.013208, -1.15563e-05, -0.0116217, -9.95911e-06, -0.0101516, -8.48275e-06, -0.00878298, -7.12267e-06, -0.00750221, -5.87467e-06, -0.00629646, -4.73492e-06, -0.00515367, -3.69995e-06, -0.00406242, -2.76667e-06, -0.00301179, -1.93228e-06, -0.00199128, -1.19439e-06, -0.000990689, -5.5083e-07
