time_stamp [], traj_point [], x_pos [m], y_pos [m], heading [rad], lin_vel [m/s], ang_vel [rad/s]
0.000000000,0,0,0,0,0,0
0.000000000,0,-0.399967,0,0,0.00197572,0
0.000000000,0,-0.399737,0,0,0.0079029,0
0.000000000,0,-0.399111,0,0,0.0177815,0
0.000000000,0,-0.397893,0,0,0.0316116,0
0.000000000,0,-0.395884,0,0,0.0493931,0
0.000000000,0,-0.392887,0,0,0.0711261,0
0.000000000,0,-0.388705,0,0,0.0968105,0
0.000000000,0,-0.38314,0,0,0.126446,0
0.000000000,0,-0.375997,0,0,0.159709,0
0.000000000,0,-0.367212,0,0,0.19103,0
0.000000000,0,-0.356959,0,0,0.2184,0
0.000000000,0,-0.345437,0,0,0.241819,0
0.000000000,0,-0.332843,0,0,0.261286,0
0.000000000,0,-0.319375,0,0,0.276802,0
0.000000000,0,-0.305229,0,0,0.288366,0
0.000000000,0,-0.290604,0,0,0.295979,0
0.000000000,0,-0.275697,0,0,0.29964,0
0.000000000,0,-0.260699,0,0,0.3,0
0.000000000,0,-0.245699,0,0,0.3,0
0.000000000,0,-0.230699,0,0,0.3,0
0.000000000,0,-0.215699,0,0,0.3,0
0.000000000,0,-0.200699,0,0,0.3,0
0.000000000,0,-0.185699,0,0,0.3,0
0.000000000,0,-0.170699,0,0,0.3,0
0.000000000,0,-0.155699,0,0,0.3,0
0.000000000,0,-0.140699,0,0,0.3,0
0.000000000,0,-0.125699,0,0,0.3,0
0.000000000,0,-0.110699,0,0,0.3,0
0.000000000,0,-0.0956995,0,0,0.3,0
0.000000000,0,-0.0806995,0,0,0.3,0
0.000000000,0,-0.0656995,0,0,0.3,0
0.000000000,0,-0.0506995,0,0,0.3,0
0.000000000,0,-0.0356994,0,0,0.3,0
0.000000000,0,-0.0206994,0,0,0.3,0
0.000000000,0,-0.00569945,0,0,0.3,0
0.000000000,0,0.00930055,0,0,0.3,0
0.000000000,0,0.0243006,0,0,0.3,0
0.000000000,0,0.0393005,0,0,0.3,0
0.000000000,0,0.0543006,0,0,0.3,0
0.000000000,0,0.0693005,0,0,0.3,0
0.000000000,0,0.0843005,0,0,0.3,0
0.000000000,0,0.0993005,0,0,0.3,0
0.000000000,0,0.114301,0,0,0.3,0
0.000000000,0,0.129301,0,0,0.3,0
0.000000000,0,0.144301,0,0,0.3,0
0.000000000,0,0.159301,0,0,0.3,0
0.000000000,0,0.174301,0,0,0.3,0
0.000000000,0,0.189301,0,0,0.3,0
0.000000000,0,0.204301,0,0,0.3,0
0.000000000,0,0.219301,0,0,0.3,0
0.000000000,0,0.234301,0,0,0.3,0
0.000000000,0,0.249301,0,0,0.3,0
0.000000000,0,0.264301,0,0,0.3,0
0.000000000,0,0.279301,0,0,0.3,0
0.000000000,0,0.294301,0,0,0.3,0
0.000000000,0,0.309301,0,0,0.3,0
0.000000000,0,0.324301,0,0,0.3,0
0.000000000,0,0.339301,0,0,0.3,0
0.000000000,0,0.354301,0,0,0.3,0
0.000000000,0,0.369301,0,0,0.3,0
0.000000000,0,0.384301,0,0,0.3,0
0.000000000,0,0.399301,0,0,0.3,0
0.000000000,0,0.414301,0,0,0.3,0
0.000000000,0,0.429301,0,0,0.3,0
0.000000000,0,0.444301,0,0,0.3,0
0.000000000,0,0.459301,0,0,0.3,0
0.000000000,0,0.474301,0,0,0.3,0
0.000000000,0,0.489301,0,0,0.3,0
0.000000000,0,0.504301,0,0,0.3,0
0.000000000,0,0.519301,0,0,0.3,0
0.000000000,0,0.534301,0,0,0.3,0
0.000000000,0,0.549301,0,0,0.3,0
0.000000000,0,0.564301,0,0,0.3,0
0.000000000,0,0.579301,0,0,0.3,0
0.000000000,0,0.594301,0,0,0.3,0
0.000000000,0,0.609301,0,0,0.3,0
0.000000000,0,0.624301,0,0,0.3,0
0.000000000,0,0.639301,0,0,0.3,0
0.000000000,0,0.654301,0,0,0.3,0
0.000000000,0,0.669301,0,0,0.3,0
0.000000000,0,0.684301,0,0,0.3,0
0.000000000,0,0.699301,0,0,0.3,0
0.000000000,0,0.714301,0,0,0.3,0
0.000000000,0,0.729301,0,0,0.3,0
0.000000000,0,0.744301,0,0,0.3,0
0.000000000,0,0.759301,0,0,0.3,0
0.000000000,0,0.774301,0,0,0.3,0
0.000000000,0,0.789301,0,0,0.3,0
0.000000000,0,0.804301,0,0,0.3,0
0.000000000,0,0.819301,0,0,0.3,0
0.000000000,0,0.834301,0,0,0.3,0
0.000000000,0,0.849301,0,0,0.3,0
0.000000000,0,0.864301,0,0,0.3,0
0.000000000,0,0.879301,0,0,0.3,0
0.000000000,0,0.894301,0,0,0.3,0
0.000000000,0,0.909301,0,0,0.3,0
0.000000000,0,0.924301,0,0,0.3,0
0.000000000,0,0.939301,0,0,0.3,0
0.000000000,0,0.954301,0,0,0.3,0
0.000000000,0,0.969301,0,0,0.3,0
0.000000000,0,0.984301,0,0,0.3,0
0.000000000,0,0.999301,0,0,0.3,0
0.000000000,0,1.0143,0,0,0.3,0
0.000000000,0,1.0293,0,0,0.3,0
0.000000000,0,1.0443,0,0,0.3,0
0.000000000,0,1.0593,0,0,0.3,0
0.000000000,0,1.0743,0,0,0.3,0
0.000000000,0,1.0893,0,0,0.3,0
0.000000000,0,1.1043,0,0,0.3,0
0.000000000,0,1.1193,0,0,0.3,0
0.000000000,0,1.1343,0,0,0.3,0
0.000000000,0,1.1493,0,0,0.3,0
0.000000000,0,1.1643,0,0,0.3,0
0.000000000,0,1.1793,0,0,0.3,0
0.000000000,0,1.1943,0,0,0.3,0
0.000000000,0,1.2093,0,0,0.3,0
0.000000000,0,1.2243,0,0,0.3,0
0.000000000,0,1.2393,0,0,0.3,0
0.000000000,0,1.2543,0,0,0.3,0
0.000000000,0,1.2693,0,0,0.3,0
0.000000000,0,1.2843,0,0,0.3,0
0.000000000,0,1.2993,0,0,0.3,0
0.000000000,0,1.3143,0,0,0.3,0
0.000000000,0,1.3293,0,0,0.3,0
0.000000000,0,1.3443,0,0,0.3,0
0.000000000,0,1.3593,0,0,0.3,0
0.000000000,0,1.3743,0,0,0.3,0
0.000000000,0,1.3893,0,0,0.3,0
0.000000000,0,1.4043,0,0,0.3,0
0.000000000,0,1.4193,0,0,0.3,0
0.000000000,0,1.4343,0,0,0.3,0
0.000000000,0,1.4493,0,0,0.3,0
0.000000000,0,1.4643,0,0,0.3,0
0.000000000,0,1.4793,0,0,0.3,0
0.000000000,0,1.4943,0,0,0.3,0
0.000000000,0,1.5093,0,0,0.3,0
0.000000000,0,1.5243,0,0,0.3,0
0.000000000,0,1.5393,0,0,0.3,0
0.000000000,0,1.5543,0,0,0.3,0
0.000000000,0,1.5693,0,0,0.3,0
0.000000000,0,1.5843,0,0,0.3,0
0.000000000,0,1.5993,0,0,0.3,0
0.000000000,0,1.6143,0,0,0.3,0
0.000000000,0,1.6293,0,0,0.3,0
0.000000000,0,1.6443,0,0,0.3,0
0.000000000,0,1.6593,0,0,0.3,0
0.000000000,0,1.6743,0,0,0.3,0
0.000000000,0,1.6893,0,0,0.3,0
0.000000000,0,1.7043,0,0,0.3,0
0.000000000,0,1.7193,0,0,0.3,0
0.000000000,0,1.7343,0,0,0.3,0
0.000000000,0,1.7493,0,0,0.3,0
0.000000000,0,1.7643,0,0,0.3,0
0.000000000,0,1.7793,0,0,0.3,0
0.000000000,0,1.7943,0,0,0.3,0
0.000000000,0,1.8093,0,0,0.3,0
0.000000000,0,1.8243,0,0,0.3,0
0.000000000,0,1.8393,0,0,0.3,0
0.000000000,0,1.8543,0,0,0.3,0
0.000000000,0,1.8693,0,0,0.3,0
0.000000000,0,1.8843,0,0,0.3,0
0.000000000,0,1.8993,0,0,0.3,0
0.000000000,0,1.9143,0,0,0.3,0
0.000000000,0,1.9293,0,0,0.3,0
0.000000000,0,1.9443,0,0,0.3,0
0.000000000,0,1.9593,0,0,0.3,0
0.000000000,0,1.9743,0,0,0.3,0
0.000000000,0,1.9893,0,0,0.3,0
0.000000000,0,2.0043,0,0,0.3,0
0.000000000,0,2.0193,0,0,0.3,0
0.000000000,0,2.0343,0,0,0.3,0
0.000000000,0,2.0493,0,0,0.3,0
0.000000000,0,2.0643,0,0,0.3,0
0.000000000,0,2.0793,0,0,0.3,0
0.000000000,0,2.0943,0,0,0.3,0
0.000000000,0,2.1093,0,0,0.3,0
0.000000000,0,2.1243,0,0,0.3,0
0.000000000,0,2.1393,0,0,0.3,0
0.000000000,0,2.1543,0,0,0.3,0
0.000000000,0,2.1693,0,0,0.3,0
0.000000000,0,2.1843,0,0,0.3,0
0.000000000,0,2.1993,0,0,0.3,0
0.000000000,0,2.2143,0,0,0.3,0
0.000000000,0,2.2293,0,0,0.3,0
0.000000000,0,2.2443,0,0,0.3,0
0.000000000,0,2.2593,0,0,0.3,0
0.000000000,0,2.2743,0,0,0.3,0
0.000000000,0,2.2893,0,0,0.3,0
0.000000000,0,2.3043,0,0,0.3,0
0.000000000,0,2.3193,0,0,0.3,0
0.000000000,0,2.3343,0,0,0.3,0
0.000000000,0,2.3493,0,0,0.3,0
0.000000000,0,2.3643,0,0,0.3,0
0.000000000,0,2.3793,0,0,0.3,0
0.000000000,0,2.3943,0,0,0.3,0
0.000000000,0,2.4093,0,0,0.3,0
0.000000000,0,2.4243,0,0,0.3,0
0.000000000,0,2.4393,0,0,0.3,0
0.000000000,0,2.4543,0,0,0.3,0
0.000000000,0,2.4693,0,0,0.3,0
0.000000000,0,2.4843,0,0,0.3,0
0.000000000,0,2.4993,0,0,0.3,0
0.000000000,0,2.5143,0,0,0.3,0
0.000000000,0,2.5293,0,0,0.3,0
0.000000000,0,2.5443,0,0,0.3,0
0.000000000,0,2.5593,0,0,0.3,0
0.000000000,0,2.5743,0,0,0.3,0
0.000000000,0,2.5893,0,0,0.3,0
0.000000000,0,2.6043,0,0,0.3,0
0.000000000,0,2.6193,0,0,0.3,0
0.000000000,0,2.6343,0,0,0.3,0
0.000000000,0,2.6493,0,0,0.3,0
0.000000000,0,2.6643,0,0,0.3,0
0.000000000,0,2.6793,0,0,0.3,0
0.000000000,0,2.6943,0,0,0.3,0
0.000000000,0,2.7093,0,0,0.3,0
0.000000000,0,2.7243,0,0,0.3,0
0.000000000,0,2.7393,0,0,0.3,0
0.000000000,0,2.7543,0,0,0.3,0
0.000000000,0,2.7693,0,0,0.3,0
0.000000000,0,2.7843,0,0,0.3,0
0.000000000,0,2.7993,0,0,0.3,0
0.000000000,0,2.8143,0,0,0.3,0
0.000000000,0,2.8293,0,0,0.3,0
0.000000000,0,2.8443,0,0,0.3,0
0.000000000,0,2.8593,0,0,0.3,0
0.000000000,0,2.8743,0,0,0.3,0
0.000000000,0,2.8893,0,0,0.3,0
0.000000000,0,2.9043,0,0,0.3,0
0.000000000,0,2.9193,0,0,0.3,0
0.000000000,0,2.9343,0,0,0.3,0
0.000000000,0,2.9493,0,0,0.3,0
0.000000000,0,2.9643,0,0,0.3,0
0.000000000,0,2.9793,0,0,0.3,0
0.000000000,0,2.9943,0,0,0.3,0
0.000000000,0,3.0093,0,0,0.3,0
0.000000000,0,3.0243,0,0,0.3,0
0.000000000,0,3.0393,0,0,0.3,0
0.000000000,0,3.0543,0,0,0.3,0
0.000000000,0,3.0693,0,0,0.3,0
0.000000000,0,3.0843,0,0,0.3,0
0.000000000,0,3.0993,0,0,0.3,0
0.000000000,0,3.1143,0,0,0.3,0
0.000000000,0,3.1293,0,0,0.3,0
0.000000000,0,3.1443,0,0,0.3,0
0.000000000,0,3.1593,0,0,0.3,0
0.000000000,0,3.1743,0,0,0.3,0
0.000000000,0,3.1893,0,0,0.3,0
0.000000000,0,3.2043,0,0,0.3,0
0.000000000,0,3.2193,0,0,0.3,0
0.000000000,0,3.2343,0,0,0.3,0
0.000000000,0,3.2493,0,0,0.3,0
0.000000000,0,3.2643,0,0,0.3,0
0.000000000,0,3.2793,0,0,0.3,0
0.000000000,0,3.2943,0,0,0.3,0
0.000000000,0,3.3093,0,0,0.3,0
0.000000000,0,3.3243,0,0,0.3,0
0.000000000,0,3.3393,0,0,0.3,0
0.000000000,0,3.3543,0,0,0.3,0
0.000000000,0,3.3693,0,0,0.3,0
0.000000000,0,3.3843,0,0,0.3,0
0.000000000,0,3.3993,0,0,0.3,0
0.000000000,0,3.4143,0,0,0.3,0
0.000000000,0,3.4293,0,0,0.3,0
0.000000000,0,3.4443,0,0,0.3,0
0.000000000,0,3.4593,0,0,0.3,0
0.000000000,0,3.4743,0,0,0.3,0
0.000000000,0,3.4893,0,0,0.3,0
0.000000000,0,3.5043,0,0,0.3,0
0.000000000,0,3.5193,0,0,0.3,0
0.000000000,0,3.5343,0,0,0.3,0
0.000000000,0,3.5493,0,0,0.3,0
0.000000000,0,3.5643,0,0,0.3,0
0.000000000,0,3.5793,0,0,0.3,0
0.000000000,0,3.5943,0,0,0.3,0
0.000000000,0,3.6093,0,0,0.3,0
0.000000000,0,3.6243,0,0,0.3,0
0.000000000,0,3.6393,0,0,0.3,0
0.000000000,0,3.6543,0,0,0.3,0
0.000000000,0,3.6693,0,0,0.3,0
0.000000000,0,3.6843,0,0,0.3,0
0.000000000,0,3.6993,0,0,0.3,0
0.000000000,0,3.7143,0,0,0.3,0
0.000000000,0,3.7293,0,0,0.3,0
0.000000000,0,3.7443,0,0,0.3,0
0.000000000,0,3.7593,0,0,0.3,0
0.000000000,0,3.7743,0,0,0.3,0
0.000000000,0,3.7893,0,0,0.3,0
0.000000000,0,3.8043,0,0,0.3,0
0.000000000,0,3.8193,0,0,0.3,0
0.000000000,0,3.8343,0,0,0.3,0
0.000000000,0,3.8493,0,0,0.3,0
0.000000000,0,3.8643,0,0,0.3,0
0.000000000,0,3.8793,0,0,0.3,0
0.000000000,0,3.8943,0,0,0.3,0
0.000000000,0,3.9093,0,0,0.3,0
0.000000000,0,3.9243,0,0,0.3,0
0.000000000,0,3.9393,0,0,0.3,0
0.000000000,0,3.9543,0,0,0.3,0
0.000000000,0,3.9693,0,0,0.3,0
0.000000000,0,3.9843,0,0,0.3,0
0.000000000,0,3.9993,0,0,0.3,0
0.000000000,0,4.0143,0,0,0.3,0
0.000000000,0,4.0293,0,0,0.3,0
0.000000000,0,4.0443,0,0,0.3,0
0.000000000,0,4.0593,0,0,0.3,0
0.000000000,0,4.0743,0,0,0.3,0
0.000000000,0,4.0893,0,0,0.3,0
0.000000000,0,4.1043,0,0,0.3,0
0.000000000,0,4.1193,0,0,0.3,0
0.000000000,0,4.1343,0,0,0.3,0
0.000000000,0,4.1493,0,0,0.3,0
0.000000000,0,4.1643,0,0,0.3,0
0.000000000,0,4.1793,0,0,0.3,0
0.000000000,0,4.1943,0,0,0.3,0
0.000000000,0,4.2093,0,0,0.3,0
0.000000000,0,4.2243,0,0,0.3,0
0.000000000,0,4.2393,0,0,0.3,0
0.000000000,0,4.2543,0,0,0.3,0
0.000000000,0,4.2693,0,0,0.3,0
0.000000000,0,4.2843,0,0,0.3,0
0.000000000,0,4.2993,0,0,0.3,0
0.000000000,0,4.3143,0,0,0.3,0
0.000000000,0,4.3293,0,0,0.3,0
0.000000000,0,4.3443,0,0,0.3,0
0.000000000,0,4.3593,0,0,0.3,0
0.000000000,0,4.3743,0,0,0.3,0
0.000000000,0,4.3893,0,0,0.3,0
0.000000000,0,4.4043,0,0,0.3,0
0.000000000,0,4.4193,0,0,0.3,0
0.000000000,0,4.4343,0,0,0.3,0
0.000000000,0,4.4493,0,0,0.3,0
0.000000000,0,4.4643,0,0,0.3,0
0.000000000,0,4.4793,0,0,0.3,0
0.000000000,0,4.4943,0,0,0.3,0
0.000000000,0,4.5093,0,0,0.3,0
0.000000000,0,4.5243,0,0,0.3,0
0.000000000,0,4.5393,0,0,0.3,0
0.000000000,0,4.5543,0,0,0.3,0
0.000000000,0,4.5693,0,0,0.3,0
0.000000000,0,4.5843,0,0,0.3,0
0.000000000,0,4.5993,0,0,0.3,0
0.000000000,0,4.6143,0,0,0.3,0
0.000000000,0,4.6293,0,0,0.3,0
0.000000000,0,4.6443,0,0,0.3,0
0.000000000,0,4.6593,0,0,0.3,0
0.000000000,0,4.6743,0,0,0.3,0
0.000000000,0,4.6893,0,0,0.3,0
0.000000000,0,4.7043,0,0,0.3,0
0.000000000,0,4.7193,0,0,0.3,0
0.000000000,0,4.7343,0,0,0.3,0
0.000000000,0,4.7493,0,0,0.3,0
0.000000000,0,4.7643,0,0,0.3,0
0.000000000,0,4.7793,0,0,0.3,0
0.000000000,0,4.7943,0,0,0.3,0
0.000000000,0,4.8093,0,0,0.3,0
0.000000000,0,4.8243,0,0,0.3,0
0.000000000,0,4.8393,0,0,0.3,0
0.000000000,0,4.8543,0,0,0.3,0
0.000000000,0,4.8693,0,0,0.3,0
0.000000000,0,4.8843,0,0,0.3,0
0.000000000,0,4.8993,0,0,0.3,0
0.000000000,0,4.9143,0,0,0.3,0
0.000000000,0,4.9293,0,0,0.3,0
0.000000000,0,4.9443,0,0,0.3,0
0.000000000,0,4.9593,0,0,0.3,0
0.000000000,0,4.9743,0,0,0.3,0
0.000000000,0,4.9893,0,0,0.3,0
0.000000000,0,5.0043,0,0,0.3,0
0.000000000,0,5.0193,0,0,0.3,0
0.000000000,0,5.0343,0,0,0.3,0
0.000000000,0,5.0493,0,0,0.3,0
0.000000000,0,5.0643,0,0,0.3,0
0.000000000,0,5.0793,0,0,0.3,0
0.000000000,0,5.0943,0,0,0.3,0
0.000000000,0,5.1093,0,0,0.3,0
0.000000000,0,5.1243,0,0,0.3,0
0.000000000,0,5.1393,0,0,0.3,0
0.000000000,0,5.1543,0,0,0.3,0
0.000000000,0,5.1693,0,0,0.3,0
0.000000000,0,5.1843,0,0,0.3,0
0.000000000,0,5.1993,0,0,0.3,0
0.000000000,0,5.2143,0,0,0.3,0
0.000000000,0,5.2293,0,0,0.3,0
0.000000000,0,5.2443,0,0,0.3,0
0.000000000,0,5.2593,0,0,0.3,0
0.000000000,0,5.2743,0,0,0.3,0
0.000000000,0,5.2893,0,0,0.3,0
0.000000000,0,5.3043,0,0,0.3,0
0.000000000,0,5.3193,0,0,0.3,0
0.000000000,0,5.3343,0,0,0.3,0
0.000000000,0,5.3493,0,0,0.3,0
0.000000000,0,5.3643,0,0,0.3,0
0.000000000,0,5.3793,0,0,0.3,0
0.000000000,0,5.3943,0,0,0.3,0
0.000000000,0,5.4093,0,0,0.3,0
0.000000000,0,5.4243,0,0,0.3,0
0.000000000,0,5.4393,0,0,0.3,0
0.000000000,0,5.4543,0,0,0.3,0
0.000000000,0,5.4693,0,0,0.3,0
0.000000000,0,5.4843,0,0,0.3,0
0.000000000,0,5.4993,0,0,0.3,0
0.000000000,0,5.5143,0,0,0.3,0
0.000000000,0,5.5293,0,0,0.3,0
0.000000000,0,5.5443,0,0,0.3,0
0.000000000,0,5.5593,0,0,0.3,0
0.000000000,0,5.5743,0,0,0.3,0
0.000000000,0,5.5893,0,0,0.3,0
0.000000000,0,5.6043,0,0,0.3,0
0.000000000,0,5.6193,0,0,0.3,0
0.000000000,0,5.6343,0,0,0.3,0
0.000000000,0,5.6493,0,0,0.3,0
0.000000000,0,5.6643,0,0,0.3,0
0.000000000,0,5.6793,0,0,0.3,0
0.000000000,0,5.6943,0,0,0.3,0
0.000000000,0,5.7093,0,0,0.3,0
0.000000000,0,5.7243,0,0,0.3,0
0.000000000,0,5.7393,0,0,0.3,0
0.000000000,0,5.7543,0,0,0.3,0
0.000000000,0,5.7693,0,0,0.3,0
0.000000000,0,5.7843,0,0,0.3,0
0.000000000,0,5.7993,0,0,0.3,0
0.000000000,0,5.8143,0,0,0.3,0
0.000000000,0,5.8293,0,0,0.3,0
0.000000000,0,5.8443,0,0,0.3,0
0.000000000,0,5.8593,0,0,0.3,0
0.000000000,0,5.8743,0,0,0.3,0
0.000000000,0,5.8893,0,0,0.3,0
0.000000000,0,5.9043,0,0,0.3,0
0.000000000,0,5.9193,0,0,0.3,0
0.000000000,0,5.9343,0,0,0.3,0
0.000000000,0,5.9493,0,0,0.3,0
0.000000000,0,5.9643,0,0,0.3,0
0.000000000,0,5.9793,0,0,0.3,0
0.000000000,0,5.9943,0,0,0.3,0
0.000000000,0,6.0093,0,0,0.3,0
0.000000000,0,6.0243,0,0,0.3,0
0.000000000,0,6.0393,0,0,0.3,0
0.000000000,0,6.0543,0,0,0.3,0
0.000000000,0,6.0693,0,0,0.3,0
0.000000000,0,6.0843,0,0,0.3,0
0.000000000,0,6.0993,0,0,0.3,0
0.000000000,0,6.1143,0,0,0.3,0
0.000000000,0,6.1293,0,0,0.3,0
0.000000000,0,6.1443,0,0,0.3,0
0.000000000,0,6.1593,0,0,0.3,0
0.000000000,0,6.1743,0,0,0.3,0
0.000000000,0,6.1893,0,0,0.3,0
0.000000000,0,6.2043,0,0,0.3,0
0.000000000,0,6.2193,0,0,0.3,0
0.000000000,0,6.2343,0,0,0.3,0
0.000000000,0,6.2493,0,0,0.3,0
0.000000000,0,6.2643,0,0,0.3,0
0.000000000,0,6.2793,0,0,0.3,0
0.000000000,0,6.2943,0,0,0.3,0
0.000000000,0,6.3093,0,0,0.3,0
0.000000000,0,6.3243,0,0,0.3,0
0.000000000,0,6.3393,0,0,0.3,0
0.000000000,0,6.3543,0,0,0.3,0
0.000000000,0,6.3693,0,0,0.3,0
0.000000000,0,6.3843,0,0,0.3,0
0.000000000,0,6.3993,0,0,0.3,0
0.000000000,0,6.4143,0,0,0.3,0
0.000000000,0,6.4293,0,0,0.3,0
0.000000000,0,6.4443,0,0,0.3,0
0.000000000,0,6.4593,0,0,0.3,0
0.000000000,0,6.4743,0,0,0.3,0
0.000000000,0,6.4893,0,0,0.3,0
0.000000000,0,6.5043,0,0,0.3,0
0.000000000,0,6.5193,0,0,0.3,0
0.000000000,0,6.5343,0,0,0.3,0
0.000000000,0,6.5493,0,0,0.3,0
0.000000000,0,6.5643,0,0,0.3,0
0.000000000,0,6.5793,0,0,0.3,0
0.000000000,0,6.5943,0,0,0.3,0
0.000000000,0,6.6093,0,0,0.3,0
0.000000000,0,6.6243,0,0,0.3,0
0.000000000,0,6.6393,0,0,0.3,0
0.000000000,0,6.6543,0,0,0.3,0
0.000000000,0,6.6693,0,0,0.3,0
0.000000000,0,6.6843,0,0,0.3,0
0.000000000,0,6.6993,0,0,0.3,0
0.000000000,0,6.7143,0,0,0.3,0
0.000000000,0,6.7293,0,0,0.3,0
0.000000000,0,6.7443,0,0,0.3,0
0.000000000,0,6.7593,0,0,0.3,0
0.000000000,0,6.7743,0,0,0.3,0
0.000000000,0,6.7893,0,0,0.3,0
0.000000000,0,6.8043,0,0,0.3,0
0.000000000,0,6.8193,0,0,0.3,0
0.000000000,0,6.8343,0,0,0.3,0
0.000000000,0,6.8493,0,0,0.3,0
0.000000000,0,6.8643,0,0,0.3,0
0.000000000,0,6.8793,0,0,0.3,0
0.000000000,0,6.8943,0,0,0.3,0
0.000000000,0,6.9093,0,0,0.3,0
0.000000000,0,6.9243,0,0,0.3,0
0.000000000,0,6.9393,0,0,0.3,0
0.000000000,0,6.9543,0,0,0.3,0
0.000000000,0,6.9693,0,0,0.3,0
0.000000000,0,6.9843,0,0,0.3,0
0.000000000,0,6.9993,0,0,0.3,0
0.000000000,0,7.0143,0,0,0.3,0
0.000000000,0,7.0293,0,0,0.3,0
0.000000000,0,7.0443,0,0,0.3,0
0.000000000,0,7.0593,0,0,0.3,0
0.000000000,0,7.0743,0,0,0.3,0
0.000000000,0,7.0893,0,0,0.3,0
0.000000000,0,7.1043,0,0,0.3,0
0.000000000,0,7.1193,0,0,0.3,0
0.000000000,0,7.1343,0,0,0.3,0
0.000000000,0,7.1493,0,0,0.3,0
0.000000000,0,7.1643,0,0,0.3,0
0.000000000,0,7.1793,0,0,0.3,0
0.000000000,0,7.1943,0,0,0.3,0
0.000000000,0,7.2093,0,0,0.3,0
0.000000000,0,7.2243,0,0,0.3,0
0.000000000,0,7.2393,0,0,0.3,0
0.000000000,0,7.2543,0,0,0.3,0
0.000000000,0,7.2693,0,0,0.3,0
0.000000000,0,7.2843,0,0,0.3,0
0.000000000,0,7.2993,0,0,0.3,0
0.000000000,0,7.3143,0,0,0.3,0
0.000000000,0,7.3293,0,0,0.3,0
0.000000000,0,7.3443,0,0,0.3,0
0.000000000,0,7.3593,0,0,0.3,0
0.000000000,0,7.3743,0,0,0.3,0
0.000000000,0,7.3893,0,0,0.3,0
0.000000000,0,7.4043,0,0,0.3,0
0.000000000,0,7.4193,0,0,0.3,0
0.000000000,0,7.4343,0,0,0.3,0
0.000000000,0,7.4493,0,0,0.3,0
0.000000000,0,7.4643,0,0,0.3,0
0.000000000,0,7.4793,0,0,0.3,0
0.000000000,0,7.4943,0,0,0.3,0
0.000000000,0,7.5093,0,0,0.3,0
0.000000000,0,7.5243,0,0,0.3,0
0.000000000,0,7.5393,0,0,0.3,0
0.000000000,0,7.5543,0,0,0.3,0
0.000000000,0,7.5693,0,0,0.3,0
0.000000000,0,7.5843,0,0,0.3,0
0.000000000,0,7.5993,0,0,0.3,0
0.000000000,0,7.6143,0,0,0.3,0
0.000000000,0,7.6293,0,0,0.3,0
0.000000000,0,7.6443,0,0,0.3,0
0.000000000,0,7.6593,0,0,0.3,0
0.000000000,0,7.6743,0,0,0.3,0
0.000000000,0,7.6893,0,0,0.3,0
0.000000000,0,7.7043,0,0,0.3,0
0.000000000,0,7.7193,0,0,0.3,0
0.000000000,0,7.7343,0,0,0.3,0
0.000000000,0,7.7493,0,0,0.3,0
0.000000000,0,7.7643,0,0,0.3,0
0.000000000,0,7.7793,0,0,0.3,0
0.000000000,0,7.7943,0,0,0.3,0
0.000000000,0,7.8093,0,0,0.3,0
0.000000000,0,7.8243,0,0,0.3,0
0.000000000,0,7.8393,0,0,0.3,0
0.000000000,0,7.8543,0,0,0.3,0
0.000000000,0,7.8693,0,0,0.3,0
0.000000000,0,7.8843,0,0,0.3,0
0.000000000,0,7.8993,0,0,0.3,0
0.000000000,0,7.9143,0,0,0.3,0
0.000000000,0,7.9293,0,0,0.3,0
0.000000000,0,7.9443,0,0,0.3,0
0.000000000,0,7.9593,0,0,0.3,0
0.000000000,0,7.9743,0,0,0.3,0
0.000000000,0,7.9893,0,0,0.3,0
0.000000000,0,8.0043,0,0,0.3,0
0.000000000,0,8.0193,0,0,0.3,0
0.000000000,0,8.0343,0,0,0.3,0
0.000000000,0,8.0493,0,0,0.3,0
0.000000000,0,8.0643,0,0,0.3,0
0.000000000,0,8.0793,0,0,0.3,0
0.000000000,0,8.0943,0,0,0.3,0
0.000000000,0,8.1093,0,0,0.3,0
0.000000000,0,8.1243,0,0,0.3,0
0.000000000,0,8.1393,0,0,0.3,0
0.000000000,0,8.1543,0,0,0.3,0
0.000000000,0,8.1693,0,0,0.3,0
0.000000000,0,8.1843,0,0,0.3,0
0.000000000,0,8.1993,0,0,0.3,0
0.000000000,0,8.2143,0,0,0.3,0
0.000000000,0,8.2293,0,0,0.3,0
0.000000000,0,8.2443,0,0,0.3,0
0.000000000,0,8.2593,0,0,0.3,0
0.000000000,0,8.2743,0,0,0.3,0
0.000000000,0,8.2893,0,0,0.3,0
0.000000000,0,8.3043,0,0,0.3,0
0.000000000,0,8.3193,0,0,0.3,0
0.000000000,0,8.3343,0,0,0.3,0
0.000000000,0,8.3493,0,0,0.3,0
0.000000000,0,8.3643,0,0,0.3,0
0.000000000,0,8.3793,0,0,0.3,0
0.000000000,0,8.3943,0,0,0.3,0
0.000000000,0,8.4093,0,0,0.3,0
0.000000000,0,8.4243,0,0,0.3,0
0.000000000,0,8.4393,0,0,0.3,0
0.000000000,0,8.4543,0,0,0.3,0
0.000000000,0,8.4693,0,0,0.3,0
0.000000000,0,8.4843,0,0,0.3,0
0.000000000,0,8.4993,0,0,0.3,0
0.000000000,0,8.5143,0,0,0.3,0
0.000000000,0,8.5293,0,0,0.3,0
0.000000000,0,8.5443,0,0,0.3,0
0.000000000,0,8.5593,0,0,0.3,0
0.000000000,0,8.5743,0,0,0.3,0
0.000000000,0,8.5893,0,0,0.3,0
0.000000000,0,8.6043,0,0,0.3,0
0.000000000,0,8.6193,0,0,0.3,0
0.000000000,0,8.6343,0,0,0.3,0
0.000000000,0,8.6493,0,0,0.3,0
0.000000000,0,8.6643,0,0,0.3,0
0.000000000,0,8.6793,0,0,0.3,0
0.000000000,0,8.6943,0,0,0.3,0
0.000000000,0,8.7093,0,0,0.3,0
0.000000000,0,8.7243,0,0,0.3,0
0.000000000,0,8.7393,0,0,0.3,0
0.000000000,0,8.7543,0,0,0.3,0
0.000000000,0,8.7693,0,0,0.3,0
0.000000000,0,8.7843,0,0,0.3,0
0.000000000,0,8.7993,0,0,0.3,0
0.000000000,0,8.8143,0,0,0.3,0
0.000000000,0,8.8293,0,0,0.3,0
0.000000000,0,8.8443,0,0,0.3,0
0.000000000,0,8.8593,0,0,0.3,0
0.000000000,0,8.8743,0,0,0.3,0
0.000000000,0,8.8893,0,0,0.3,0
0.000000000,0,8.9043,0,0,0.3,0
0.000000000,0,8.9193,0,0,0.3,0
0.000000000,0,8.9343,0,0,0.3,0
0.000000000,0,8.9493,0,0,0.3,0
0.000000000,0,8.9643,0,0,0.3,0
0.000000000,0,8.9793,0,0,0.3,0
0.000000000,0,8.9943,0,0,0.3,0
0.000000000,0,9.0093,0,0,0.3,0
0.000000000,0,9.0243,0,0,0.3,0
0.000000000,0,9.0393,0,0,0.3,0
0.000000000,0,9.0543,0,0,0.3,0
0.000000000,0,9.0693,0,0,0.3,0
0.000000000,0,9.0843,0,0,0.3,0
0.000000000,0,9.0993,0,0,0.3,0
0.000000000,0,9.1143,0,0,0.3,0
0.000000000,0,9.1293,0,0,0.3,0
0.000000000,0,9.1443,0,0,0.3,0
0.000000000,0,9.1593,0,0,0.3,0
0.000000000,0,9.1743,0,0,0.3,0
0.000000000,0,9.1893,0,0,0.3,0
0.000000000,0,9.2043,0,0,0.3,0
0.000000000,0,9.2193,0,0,0.3,0
0.000000000,0,9.2343,0,0,0.3,0
0.000000000,0,9.2493,0,0,0.3,0
0.000000000,0,9.2643,0,0,0.3,0
0.000000000,0,9.2793,0,0,0.3,0
0.000000000,0,9.2943,0,0,0.3,0
0.000000000,0,9.3093,0,0,0.3,0
0.000000000,0,9.3243,0,0,0.3,0
0.000000000,0,9.3393,0,0,0.3,0
0.000000000,0,9.3543,0,0,0.3,0
0.000000000,0,9.3693,0,0,0.3,0
0.000000000,0,9.3843,0,0,0.3,0
0.000000000,0,9.3993,0,0,0.3,0
0.000000000,0,9.4143,0,0,0.3,0
0.000000000,0,9.4293,0,0,0.3,0
0.000000000,0,9.4443,0,0,0.3,0
0.000000000,0,9.4593,0,0,0.3,0
0.000000000,0,9.4743,0,0,0.3,0
0.000000000,0,9.4893,0,0,0.3,0
0.000000000,0,9.5043,0,0,0.3,0
0.000000000,0,9.5193,0,0,0.3,0
0.000000000,0,9.5343,0,0,0.3,0
0.000000000,0,9.5493,0,0,0.3,0
0.000000000,0,9.5643,0,0,0.3,0
0.000000000,0,9.5793,0,0,0.3,0
0.000000000,0,9.5943,0,0,0.3,0
0.000000000,0,9.6093,0,0,0.3,0
0.000000000,0,9.6243,0,0,0.3,0
0.000000000,0,9.6393,0,0,0.3,0
0.000000000,0,9.6543,0,0,0.3,0
0.000000000,0,9.6693,0,0,0.3,0
0.000000000,0,9.6843,0,0,0.3,0
0.000000000,0,9.6993,0,0,0.3,0
0.000000000,0,9.7143,0,0,0.3,0
0.000000000,0,9.7293,0,0,0.3,0
0.000000000,0,9.7443,0,0,0.3,0
0.000000000,0,9.7593,0,0,0.3,0
0.000000000,0,9.7743,0,0,0.3,0
0.000000000,0,9.7893,0,0,0.3,0
0.000000000,0,9.8043,0,0,0.3,0
0.000000000,0,9.8193,0,0,0.3,0
0.000000000,0,9.8343,0,0,0.3,0
0.000000000,0,9.8493,0,0,0.3,0
0.000000000,0,9.8643,0,0,0.3,0
0.000000000,0,9.8793,0,0,0.3,0
0.000000000,0,9.8943,0,0,0.3,0
0.000000000,0,9.9093,0,0,0.3,0
0.000000000,0,9.9243,0,0,0.3,0
0.000000000,0,9.9393,0,0,0.3,0
0.000000000,0,9.9543,0,0,0.3,0
0.000000000,0,9.9693,0,0,0.3,0
0.000000000,0,9.9843,0,0,0.3,0
0.000000000,0,9.9993,0,0,0.3,0
0.000000000,0,10.0143,0,0,0.3,0
0.000000000,0,10.0293,0,0,0.3,0
0.000000000,0,10.0443,0,0,0.3,0
0.000000000,0,10.0593,0,0,0.3,0
0.000000000,0,10.0743,0,0,0.3,0
0.000000000,0,10.0893,0,0,0.3,0
0.000000000,0,10.1043,0,0,0.3,0
0.000000000,0,10.1193,0,0,0.3,0
0.000000000,0,10.1343,0,0,0.3,0
0.000000000,0,10.1493,0,0,0.3,0
0.000000000,0,10.1643,0,0,0.3,0
0.000000000,0,10.1793,0,0,0.3,0
0.000000000,0,10.1943,0,0,0.3,0
0.000000000,0,10.2093,0,0,0.3,0
0.000000000,0,10.2243,0,0,0.3,0
0.000000000,0,10.2393,0,0,0.3,0
0.000000000,0,10.2543,0,0,0.3,0
0.000000000,0,10.2693,0,0,0.3,0
0.000000000,0,10.2843,0,0,0.3,0
0.000000000,0,10.2993,0,0,0.3,0
0.000000000,0,10.3143,0,0,0.3,0
0.000000000,0,10.3293,0,0,0.3,0
0.000000000,0,10.3443,0,0,0.3,0
0.000000000,0,10.3593,0,0,0.3,0
0.000000000,0,10.3743,0,0,0.3,0
0.000000000,0,10.3893,0,0,0.3,0
0.000000000,0,10.4043,0,0,0.3,0
0.000000000,0,10.4193,0,0,0.3,0
0.000000000,0,10.4343,0,0,0.3,0
0.000000000,0,10.4493,0,0,0.3,0
0.000000000,0,10.4643,0,0,0.3,0
0.000000000,0,10.4793,0,0,0.3,0
0.000000000,0,10.4943,0,0,0.3,0
0.000000000,0,10.5093,0,0,0.3,0
0.000000000,0,10.5243,0,0,0.3,0
0.000000000,0,10.5393,0,0,0.3,0
0.000000000,0,10.5543,0,0,0.3,0
0.000000000,0,10.5693,0,0,0.3,0
0.000000000,0,10.5843,0,0,0.3,0
0.000000000,0,10.5993,0,0,0.3,0
0.000000000,0,10.6143,0,0,0.3,0
0.000000000,0,10.6293,0,0,0.3,0
0.000000000,0,10.6443,0,0,0.3,0
0.000000000,0,10.6593,0,0,0.3,0
0.000000000,0,10.6743,0,0,0.3,0
0.000000000,0,10.6893,0,0,0.3,0
0.000000000,0,10.7043,0,0,0.3,0
0.000000000,0,10.7193,0,0,0.3,0
0.000000000,0,10.7343,0,0,0.3,0
0.000000000,0,10.7493,0,0,0.3,0
0.000000000,0,10.7643,0,0,0.3,0
0.000000000,0,10.7793,0,0,0.3,0
0.000000000,0,10.7943,0,0,0.3,0
0.000000000,0,10.8093,0,0,0.3,0
0.000000000,0,10.8243,0,0,0.3,0
0.000000000,0,10.8393,0,0,0.3,0
0.000000000,0,10.8543,0,0,0.3,0
0.000000000,0,10.8693,0,0,0.3,0
0.000000000,0,10.8843,0,0,0.3,0
0.000000000,0,10.8993,0,0,0.3,0
0.000000000,0,10.9143,0,0,0.3,0
0.000000000,0,10.9293,0,0,0.3,0
0.000000000,0,10.9443,0,0,0.3,0
0.000000000,0,10.9593,0,0,0.3,0
0.000000000,0,10.9743,0,0,0.3,0
0.000000000,0,10.9893,0,0,0.3,0
0.000000000,0,11.0043,0,0,0.3,0
0.000000000,0,11.0193,0,0,0.3,0
0.000000000,0,11.0343,0,0,0.3,0
0.000000000,0,11.0493,0,0,0.3,0
0.000000000,0,11.0643,0,0,0.3,0
0.000000000,0,11.0793,0,0,0.3,0
0.000000000,0,11.0943,0,0,0.3,0
0.000000000,0,11.1093,0,0,0.3,0
0.000000000,0,11.1243,0,0,0.3,0
0.000000000,0,11.1393,0,0,0.3,0
0.000000000,0,11.1543,0,0,0.3,0
0.000000000,0,11.1693,0,0,0.3,0
0.000000000,0,11.1843,0,0,0.3,0
0.000000000,0,11.1993,0,0,0.3,0
0.000000000,0,11.2143,0,0,0.3,0
0.000000000,0,11.2293,0,0,0.3,0
0.000000000,0,11.2443,0,0,0.3,0
0.000000000,0,11.2593,0,0,0.3,0
0.000000000,0,11.2743,0,0,0.3,0
0.000000000,0,11.2893,0,0,0.3,0
0.000000000,0,11.3043,0,0,0.3,0
0.000000000,0,11.3193,0,0,0.3,0
0.000000000,0,11.3343,0,0,0.3,0
0.000000000,0,11.3493,0,0,0.3,0
0.000000000,0,11.3643,0,0,0.3,0
0.000000000,0,11.3793,0,0,0.3,0
0.000000000,0,11.3943,0,0,0.3,0
0.000000000,0,11.4093,0,0,0.3,0
0.000000000,0,11.4243,0,0,0.3,0
0.000000000,0,11.4393,0,0,0.3,0
0.000000000,0,11.4543,0,0,0.3,0
0.000000000,0,11.4693,0,0,0.3,0
0.000000000,0,11.4843,0,0,0.3,0
0.000000000,0,11.4993,0,0,0.3,0
0.000000000,0,11.5143,0,0,0.3,0
0.000000000,0,11.5293,0,0,0.3,0
0.000000000,0,11.5443,0,0,0.3,0
0.000000000,0,11.5593,0,0,0.3,0
0.000000000,0,11.5743,0,0,0.3,0
0.000000000,0,11.5893,0,0,0.3,0
0.000000000,0,11.6043,0,0,0.3,0
0.000000000,0,11.6193,0,0,0.3,0
0.000000000,0,11.6343,0,0,0.3,0
0.000000000,0,11.6493,0,0,0.3,0
0.000000000,0,11.6643,0,0,0.3,0
0.000000000,0,11.6793,0,0,0.3,0
0.000000000,0,11.6943,0,0,0.3,0
0.000000000,0,11.7093,0,0,0.3,0
0.000000000,0,11.7243,0,0,0.3,0
0.000000000,0,11.7393,0,0,0.3,0
0.000000000,0,11.7543,0,0,0.3,0
0.000000000,0,11.7693,0,0,0.3,0
0.000000000,0,11.7843,0,0,0.3,0
0.000000000,0,11.7993,0,0,0.3,0
0.000000000,0,11.8143,0,0,0.3,0
0.000000000,0,11.8293,0,0,0.3,0
0.000000000,0,11.8443,0,0,0.3,0
0.000000000,0,11.8593,0,0,0.3,0
0.000000000,0,11.8743,0,0,0.3,0
0.000000000,0,11.8893,0,0,0.3,0
0.000000000,0,11.9043,0,0,0.3,0
0.000000000,0,11.9193,0,0,0.3,0
0.000000000,0,11.9343,0,0,0.3,0
0.000000000,0,11.9493,0,0,0.3,0
0.000000000,0,11.9643,0,0,0.3,0
0.000000000,0,11.9793,0,0,0.3,0
0.000000000,0,11.9943,0,0,0.3,0
0.000000000,0,12.0093,0,0,0.3,0
0.000000000,0,12.0243,0,0,0.3,0
0.000000000,0,12.0393,0,0,0.3,0
0.000000000,0,12.0543,0,0,0.3,0
0.000000000,0,12.0693,0,0,0.3,0
0.000000000,0,12.0843,0,0,0.3,0
0.000000000,0,12.0993,0,0,0.3,0
0.000000000,0,12.1143,0,0,0.3,0
0.000000000,0,12.1293,0,0,0.3,0
0.000000000,0,12.1443,0,0,0.3,0
0.000000000,0,12.1593,0,0,0.3,0
0.000000000,0,12.1743,0,0,0.3,0
0.000000000,0,12.1893,0,0,0.3,0
0.000000000,0,12.2043,0,0,0.3,0
0.000000000,0,12.2193,0,0,0.3,0
0.000000000,0,12.2343,0,0,0.3,0
0.000000000,0,12.2493,0,0,0.3,0
0.000000000,0,12.2643,0,0,0.3,0
0.000000000,0,12.2793,0,0,0.3,0
0.000000000,0,12.2943,0,0,0.3,0
0.000000000,0,12.3093,0,0,0.3,0
0.000000000,0,12.3243,0,0,0.3,0
0.000000000,0,12.3393,0,0,0.3,0
0.000000000,0,12.3543,0,0,0.3,0
0.000000000,0,12.3693,0,0,0.3,0
0.000000000,0,12.3843,0,0,0.3,0
0.000000000,0,12.3993,0,0,0.3,0
0.000000000,0,12.4143,0,0,0.3,0
0.000000000,0,12.4293,0,0,0.3,0
0.000000000,0,12.4443,0,0,0.3,0
0.000000000,0,12.4593,0,0,0.3,0
0.000000000,0,12.4743,0,0,0.3,0
0.000000000,0,12.4893,0,0,0.3,0
0.000000000,0,12.5043,0,0,0.3,0
0.000000000,0,12.5193,0,0,0.3,0
0.000000000,0,12.5343,0,0,0.3,0
0.000000000,0,12.5493,0,0,0.3,0
0.000000000,0,12.5643,0,0,0.3,0
0.000000000,0,12.5793,0,0,0.3,0
0.000000000,0,12.5943,0,0,0.3,0
0.000000000,0,12.6093,0,0,0.3,0
0.000000000,0,12.6243,0,0,0.3,0
0.000000000,0,12.6393,0,0,0.3,0
0.000000000,0,12.6543,0,0,0.3,0
0.000000000,0,12.6693,0,0,0.3,0
0.000000000,0,12.6843,0,0,0.3,0
0.000000000,0,12.6993,0,0,0.3,0
0.000000000,0,12.7143,0,0,0.3,0
0.000000000,0,12.7293,0,0,0.3,0
0.000000000,0,12.7443,0,0,0.3,0
0.000000000,0,12.7593,0,0,0.3,0
0.000000000,0,12.7743,0,0,0.3,0
0.000000000,0,12.7893,0,0,0.3,0
0.000000000,0,12.8043,0,0,0.3,0
0.000000000,0,12.8193,0,0,0.3,0
0.000000000,0,12.8343,0,0,0.3,0
0.000000000,0,12.8493,0,0,0.3,0
0.000000000,0,12.8643,0,0,0.3,0
0.000000000,0,12.8793,0,0,0.3,0
0.000000000,0,12.8943,0,0,0.3,0
0.000000000,0,12.9093,0,0,0.3,0
0.000000000,0,12.9243,0,0,0.3,0
0.000000000,0,12.9393,0,0,0.3,0
0.000000000,0,12.9543,0,0,0.3,0
0.000000000,0,12.9693,0,0,0.3,0
0.000000000,0,12.9843,0,0,0.3,0
0.000000000,0,12.9993,0,0,0.3,0
0.000000000,0,13.0143,0,0,0.3,0
0.000000000,0,13.0293,0,0,0.3,0
0.000000000,0,13.0443,0,0,0.3,0
0.000000000,0,13.0593,0,0,0.3,0
0.000000000,0,13.0743,0,0,0.3,0
0.000000000,0,13.0893,0,0,0.3,0
0.000000000,0,13.1043,0,0,0.3,0
0.000000000,0,13.1193,0,0,0.3,0
0.000000000,0,13.1343,0,0,0.3,0
0.000000000,0,13.1493,0,0,0.3,0
0.000000000,0,13.1643,0,0,0.3,0
0.000000000,0,13.1793,0,0,0.3,0
0.000000000,0,13.1943,0,0,0.3,0
0.000000000,0,13.2093,0,0,0.3,0
0.000000000,0,13.2243,0,0,0.3,0
0.000000000,0,13.2393,0,0,0.3,0
0.000000000,0,13.2543,0,0,0.3,0
0.000000000,0,13.2693,0,0,0.3,0
0.000000000,0,13.2843,0,0,0.3,0
0.000000000,0,13.2993,0,0,0.3,0
0.000000000,0,13.3143,0,0,0.3,0
0.000000000,0,13.3293,0,0,0.3,0
0.000000000,0,13.3443,0,0,0.3,0
0.000000000,0,13.3593,0,0,0.3,0
0.000000000,0,13.3743,0,0,0.3,0
0.000000000,0,13.3893,0,0,0.3,0
0.000000000,0,13.4043,0,0,0.3,0
0.000000000,0,13.4193,0,0,0.3,0
0.000000000,0,13.4343,0,0,0.3,0
0.000000000,0,13.4493,0,0,0.3,0
0.000000000,0,13.4643,0,0,0.3,0
0.000000000,0,13.4793,0,0,0.3,0
0.000000000,0,13.4943,0,0,0.3,0
0.000000000,0,13.5093,0,0,0.3,0
0.000000000,0,13.5243,0,0,0.3,0
0.000000000,0,13.5393,0,0,0.3,0
0.000000000,0,13.5543,0,0,0.3,0
0.000000000,0,13.5693,0,0,0.3,0
0.000000000,0,13.5843,0,0,0.3,0
0.000000000,0,13.5993,0,0,0.3,0
0.000000000,0,13.6143,0,0,0.3,0
0.000000000,0,13.6293,0,0,0.3,0
0.000000000,0,13.6443,0,0,0.3,0
0.000000000,0,13.6593,0,0,0.3,0
0.000000000,0,13.6743,0,0,0.3,0
0.000000000,0,13.6893,0,0,0.3,0
0.000000000,0,13.7043,0,0,0.3,0
0.000000000,0,13.7193,0,0,0.3,0
0.000000000,0,13.7343,0,0,0.3,0
0.000000000,0,13.7493,0,0,0.3,0
0.000000000,0,13.7643,0,0,0.3,0
0.000000000,0,13.7793,0,0,0.3,0
0.000000000,0,13.7943,0,0,0.3,0
0.000000000,0,13.8093,0,0,0.3,0
0.000000000,0,13.8243,0,0,0.3,0
0.000000000,0,13.8393,0,0,0.3,0
0.000000000,0,13.8543,0,0,0.3,0
0.000000000,0,13.8693,0,0,0.3,0
0.000000000,0,13.8843,0,0,0.3,0
0.000000000,0,13.8993,0,0,0.3,0
0.000000000,0,13.9143,0,0,0.3,0
0.000000000,0,13.9293,0,0,0.3,0
0.000000000,0,13.9443,0,0,0.3,0
0.000000000,0,13.9593,0,0,0.3,0
0.000000000,0,13.9743,0,0,0.3,0
0.000000000,0,13.9893,0,0,0.3,0
0.000000000,0,14.0043,0,0,0.3,0
0.000000000,0,14.0193,0,0,0.3,0
0.000000000,0,14.0343,0,0,0.3,0
0.000000000,0,14.0493,0,0,0.3,0
0.000000000,0,14.0643,0,0,0.3,0
0.000000000,0,14.0793,0,0,0.3,0
0.000000000,0,14.0943,0,0,0.3,0
0.000000000,0,14.1093,0,0,0.3,0
0.000000000,0,14.1243,0,0,0.3,0
0.000000000,0,14.1393,0,0,0.3,0
0.000000000,0,14.1543,0,0,0.3,0
0.000000000,0,14.1693,0,0,0.3,0
0.000000000,0,14.1843,0,0,0.3,0
0.000000000,0,14.1993,0,0,0.3,0
0.000000000,0,14.2143,0,0,0.3,0
0.000000000,0,14.2293,0,0,0.3,0
0.000000000,0,14.2443,0,0,0.3,0
0.000000000,0,14.2593,0,0,0.3,0
0.000000000,0,14.2743,0,0,0.3,0
0.000000000,0,14.2893,0,0,0.3,0
0.000000000,0,14.3043,0,0,0.3,0
0.000000000,0,14.3193,0,0,0.3,0
0.000000000,0,14.3343,0,0,0.3,0
0.000000000,0,14.3493,0,0,0.3,0
0.000000000,0,14.3643,0,0,0.3,0
0.000000000,0,14.3793,0,0,0.3,0
0.000000000,0,14.3943,0,0,0.3,0
0.000000000,0,14.4093,0,0,0.3,0
0.000000000,0,14.4243,0,0,0.3,0
0.000000000,0,14.4393,0,0,0.3,0
0.000000000,0,14.4543,0,0,0.3,0
0.000000000,0,14.4693,0,0,0.3,0
0.000000000,0,14.4843,0,0,0.3,0
0.000000000,0,14.4993,0,0,0.3,0
0.000000000,0,14.5143,0,0,0.3,0
0.000000000,0,14.5293,0,0,0.3,0
0.000000000,0,14.5443,0,0,0.3,0
0.000000000,0,14.5593,0,0,0.3,0
0.000000000,0,14.5743,0,0,0.3,0
0.000000000,0,14.5893,0,0,0.3,0
0.000000000,0,14.6043,0,0,0.3,0
0.000000000,0,14.6193,0,0,0.3,0
0.000000000,0,14.6343,0,0,0.3,0
0.000000000,0,14.6493,0,0,0.3,0
0.000000000,0,14.6643,0,0,0.3,0
0.000000000,0,14.6793,0,0,0.3,0
0.000000000,0,14.6943,0,0,0.3,0
0.000000000,0,14.7093,0,0,0.3,0
0.000000000,0,14.7243,0,0,0.3,0
0.000000000,0,14.7393,0,0,0.3,0
0.000000000,0,14.7543,0,0,0.3,0
0.000000000,0,14.7693,0,0,0.3,0
0.000000000,0,14.7843,0,0,0.3,0
0.000000000,0,14.7993,0,0,0.3,0
0.000000000,0,14.8143,0,0,0.3,0
0.000000000,0,14.8293,0,0,0.3,0
0.000000000,0,14.8443,0,0,0.3,0
0.000000000,0,14.8593,0,0,0.3,0
0.000000000,0,14.8743,0,0,0.3,0
0.000000000,0,14.8893,0,0,0.3,0
0.000000000,0,14.9043,0,0,0.3,0
0.000000000,0,14.9193,0,0,0.3,0
0.000000000,0,14.9343,0,0,0.3,0
0.000000000,0,14.9493,0,0,0.3,0
0.000000000,0,14.9643,0,0,0.3,0
0.000000000,0,14.9793,0,0,0.3,0
0.000000000,0,14.9943,0,0,0.3,0
0.000000000,0,15.0093,0,0,0.3,0
0.000000000,0,15.0243,0,0,0.3,0
0.000000000,0,15.0393,0,0,0.3,0
0.000000000,0,15.0543,0,0,0.3,0
0.000000000,0,15.0693,0,0,0.3,0
0.000000000,0,15.0843,0,0,0.3,0
0.000000000,0,15.0993,0,0,0.3,0
0.000000000,0,15.1143,0,0,0.3,0
0.000000000,0,15.1293,0,0,0.3,0
0.000000000,0,15.1443,0,0,0.3,0
0.000000000,0,15.1593,0,0,0.3,0
0.000000000,0,15.1743,0,0,0.3,0
0.000000000,0,15.1893,0,0,0.3,0
0.000000000,0,15.2043,0,0,0.3,0
0.000000000,0,15.2193,0,0,0.3,0
0.000000000,0,15.2343,0,0,0.3,0
0.000000000,0,15.2493,0,0,0.3,0
0.000000000,0,15.2643,0,0,0.3,0
0.000000000,0,15.2793,0,0,0.3,0
0.000000000,0,15.2943,0,0,0.3,0
0.000000000,0,15.3093,0,0,0.3,0
0.000000000,0,15.3243,0,0,0.3,0
0.000000000,0,15.3393,0,0,0.3,0
0.000000000,0,15.3543,0,0,0.3,0
0.000000000,0,15.3693,0,0,0.3,0
0.000000000,0,15.3843,0,0,0.3,0
0.000000000,0,15.3993,0,0,0.3,0
0.000000000,0,15.4143,0,0,0.3,0
0.000000000,0,15.4293,0,0,0.3,0
0.000000000,0,15.4443,0,0,0.3,0
0.000000000,0,15.4593,0,0,0.3,0
0.000000000,0,15.4743,0,0,0.3,0
0.000000000,0,15.4893,0,0,0.3,0
0.000000000,0,15.5043,0,0,0.3,0
0.000000000,0,15.5193,0,0,0.3,0
0.000000000,0,15.5343,0,0,0.3,0
0.000000000,0,15.5493,0,0,0.3,0
0.000000000,0,15.5643,0,0,0.3,0
0.000000000,0,15.5793,0,0,0.3,0
0.000000000,0,15.5943,0,0,0.3,0
0.000000000,0,15.6093,0,0,0.3,0
0.000000000,0,15.6243,0,0,0.3,0
0.000000000,0,15.6393,0,0,0.3,0
0.000000000,0,15.6543,0,0,0.3,0
0.000000000,0,15.6693,0,0,0.3,0
0.000000000,0,15.6843,0,0,0.3,0
0.000000000,0,15.6993,0,0,0.3,0
0.000000000,0,15.7143,0,0,0.3,0
0.000000000,0,15.7293,0,0,0.3,0
0.000000000,0,15.7443,0,0,0.3,0
0.000000000,0,15.7593,0,0,0.3,0
0.000000000,0,15.7743,0,0,0.3,0
0.000000000,0,15.7893,0,0,0.3,0
0.000000000,0,15.8043,0,0,0.3,0
0.000000000,0,15.8193,0,0,0.3,0
0.000000000,0,15.8343,0,0,0.3,0
0.000000000,0,15.8493,0,0,0.3,0
0.000000000,0,15.8643,0,0,0.3,0
0.000000000,0,15.8793,0,0,0.3,0
0.000000000,0,15.8943,0,0,0.3,0
0.000000000,0,15.9093,0,0,0.3,0
0.000000000,0,15.9243,0,0,0.3,0
0.000000000,0,15.9393,0,0,0.3,0
0.000000000,0,15.9543,0,0,0.3,0
0.000000000,0,15.9693,0,0,0.3,0
0.000000000,0,15.9843,0,0,0.3,0
0.000000000,0,15.9993,0,0,0.3,0
0.000000000,0,16.0143,0,0,0.3,0
0.000000000,0,16.0293,0,0,0.3,0
0.000000000,0,16.0443,0,0,0.3,0
0.000000000,0,16.0593,0,0,0.3,0
0.000000000,0,16.0743,0,0,0.3,0
0.000000000,0,16.0893,0,0,0.3,0
0.000000000,0,16.1043,0,0,0.3,0
0.000000000,0,16.1193,0,0,0.3,0
0.000000000,0,16.1343,0,0,0.3,0
0.000000000,0,16.1493,0,0,0.3,0
0.000000000,0,16.1643,0,0,0.3,0
0.000000000,0,16.1793,0,0,0.3,0
0.000000000,0,16.1943,0,0,0.3,0
0.000000000,0,16.2093,0,0,0.3,0
0.000000000,0,16.2243,0,0,0.3,0
0.000000000,0,16.2393,0,0,0.3,0
0.000000000,0,16.2543,0,0,0.3,0
0.000000000,0,16.2693,0,0,0.3,0
0.000000000,0,16.2843,0,0,0.3,0
0.000000000,0,16.2993,0,0,0.3,0
0.000000000,0,16.3143,0,0,0.3,0
0.000000000,0,16.3293,0,0,0.3,0
0.000000000,0,16.3443,0,0,0.3,0
0.000000000,0,16.3593,0,0,0.3,0
0.000000000,0,16.3743,0,0,0.3,0
0.000000000,0,16.3893,0,0,0.3,0
0.000000000,0,16.4043,0,0,0.3,0
0.000000000,0,16.4193,0,0,0.3,0
0.000000000,0,16.4343,0,0,0.3,0
0.000000000,0,16.4493,0,0,0.3,0
0.000000000,0,16.4643,0,0,0.3,0
0.000000000,0,16.4793,0,0,0.3,0
0.000000000,0,16.4943,0,0,0.3,0
0.000000000,0,16.5093,0,0,0.3,0
0.000000000,0,16.5243,0,0,0.3,0
0.000000000,0,16.5393,0,0,0.3,0
0.000000000,0,16.5543,0,0,0.3,0
0.000000000,0,16.5693,0,0,0.3,0
0.000000000,0,16.5843,0,0,0.3,0
0.000000000,0,16.5993,0,0,0.3,0
0.000000000,0,16.6143,0,0,0.3,0
0.000000000,0,16.6293,0,0,0.3,0
0.000000000,0,16.6443,0,0,0.3,0
0.000000000,0,16.6593,0,0,0.3,0
0.000000000,0,16.6743,0,0,0.3,0
0.000000000,0,16.6893,0,0,0.3,0
0.000000000,0,16.7043,0,0,0.3,0
0.000000000,0,16.7193,0,0,0.3,0
0.000000000,0,16.7343,0,0,0.3,0
0.000000000,0,16.7493,0,0,0.3,0
0.000000000,0,16.7643,0,0,0.3,0
0.000000000,0,16.7793,0,0,0.3,0
0.000000000,0,16.7943,0,0,0.3,0
0.000000000,0,16.8093,0,0,0.3,0
0.000000000,0,16.8243,0,0,0.3,0
0.000000000,0,16.8393,0,0,0.3,0
0.000000000,0,16.8543,0,0,0.3,0
0.000000000,0,16.8693,0,0,0.3,0
0.000000000,0,16.8843,0,0,0.3,0
0.000000000,0,16.8993,0,0,0.3,0
0.000000000,0,16.9143,0,0,0.3,0
0.000000000,0,16.9293,0,0,0.3,0
0.000000000,0,16.9443,0,0,0.3,0
0.000000000,0,16.9593,0,0,0.3,0
0.000000000,0,16.9743,0,0,0.3,0
0.000000000,0,16.9893,0,0,0.3,0
0.000000000,0,17.0043,0,0,0.3,0
0.000000000,0,17.0193,0,0,0.3,0
0.000000000,0,17.0343,0,0,0.3,0
0.000000000,0,17.0493,0,0,0.3,0
0.000000000,0,17.0643,0,0,0.3,0
0.000000000,0,17.0793,0,0,0.3,0
0.000000000,0,17.0943,0,0,0.3,0
0.000000000,0,17.1093,0,0,0.3,0
0.000000000,0,17.1243,0,0,0.3,0
0.000000000,0,17.1393,0,0,0.3,0
0.000000000,0,17.1543,0,0,0.3,0
0.000000000,0,17.1693,0,0,0.3,0
0.000000000,0,17.1843,0,0,0.3,0
0.000000000,0,17.1993,0,0,0.3,0
0.000000000,0,17.2143,0,0,0.3,0
0.000000000,0,17.2293,0,0,0.3,0
0.000000000,0,17.2443,0,0,0.3,0
0.000000000,0,17.2593,0,0,0.3,0
0.000000000,0,17.2743,0,0,0.3,0
0.000000000,0,17.2893,0,0,0.3,0
0.000000000,0,17.3043,0,0,0.3,0
0.000000000,0,17.3193,0,0,0.3,0
0.000000000,0,17.3346,-4.43514e-07,-8.87028e-05,0.3,-0.00354811
0.000000000,0,17.3496,-3.54811e-06,-0.000354811,0.3,-0.00709622
0.000000000,0,17.3646,-1.19749e-05,-0.000798325,0.3,-0.0106443
0.000000000,0,17.3796,-2.83849e-05,-0.00141924,0.3,-0.0141924
0.000000000,0,17.3946,-5.54392e-05,-0.00221757,0.3,-0.0177406
0.000000000,0,17.4096,-9.57989e-05,-0.0031933,0.3,-0.0212887
0.000000000,0,17.4246,-0.000152125,-0.00434644,0.3,-0.0248368
0.000000000,0,17.4396,-0.000227079,-0.00567698,0.3,-0.0283849
0.000000000,0,17.4546,-0.00032332,-0.00718493,0.3,-0.031933
0.000000000,0,17.4696,-0.000443511,-0.00887028,0.3,-0.0354811
0.000000000,0,17.4846,-0.000590312,-0.010733,0.3,-0.0390292
0.000000000,0,17.4996,-0.000766383,-0.0127732,0.3,-0.0425773
0.000000000,0,17.5146,-0.000974384,-0.0149908,0.3,-0.0461254
0.000000000,0,17.5296,-0.00121698,-0.0173857,0.3,-0.0496736
0.000000000,0,17.5446,-0.00149682,-0.0199581,0.3,-0.0532217
0.000000000,0,17.5596,-0.00181657,-0.0227079,0.3,-0.0567698
0.000000000,0,17.5746,-0.00217888,-0.0256351,0.3,-0.0603179
0.000000000,0,17.5896,-0.00258642,-0.0287397,0.3,-0.063866
0.000000000,0,17.6046,-0.00304184,-0.0320217,0.3,-0.0674141
0.000000000,0,17.6196,-0.00354779,-0.0354811,0.3,-0.0709622
0.000000000,0,17.6346,-0.00410693,-0.0391179,0.3,-0.0745103
0.000000000,0,17.6495,-0.00472191,-0.0429321,0.3,-0.0780585
0.000000000,0,17.6645,-0.00539539,-0.0469238,0.3,-0.0816066
0.000000000,0,17.6795,-0.00612999,-0.0510928,0.3,-0.0851547
0.000000000,0,17.6945,-0.00692838,-0.0554392,0.3,-0.0887028
0.000000000,0,17.7095,-0.0077932,-0.0599631,0.3,-0.0922509
0.000000000,0,17.7244,-0.00872708,-0.0646643,0.3,-0.095799
0.000000000,0,17.7394,-0.00973266,-0.069543,0.3,-0.0993471
0.000000000,0,17.7544,-0.0108126,-0.074599,0.3,-0.102895
0.000000000,0,17.7693,-0.0119694,-0.0798325,0.3,-0.106443
0.000000000,0,17.7843,-0.0132059,-0.0852434,0.3,-0.109991
0.000000000,0,17.7992,-0.0145245,-0.0908317,0.3,-0.11354
0.000000000,0,17.8141,-0.0159279,-0.0965973,0.3,-0.117088
0.000000000,0,17.8291,-0.0174188,-0.10254,0.3,-0.120636
0.000000000,0,17.844,-0.0189996,-0.108661,0.3,-0.124184
0.000000000,0,17.8589,-0.0206731,-0.114959,0.3,-0.127732
0.000000000,0,17.8738,-0.0224417,-0.121434,0.3,-0.13128
0.000000000,0,17.8887,-0.024308,-0.128087,0.3,-0.134828
0.000000000,0,17.9035,-0.0262746,-0.134917,0.3,-0.138376
0.000000000,0,17.9184,-0.0283441,-0.141924,0.3,-0.141924
0.000000000,0,17.9332,-0.0305189,-0.149109,0.3,-0.145473
0.000000000,0,17.9481,-0.0328016,-0.156472,0.3,-0.149021
0.000000000,0,17.9629,-0.0351948,-0.164011,0.3,-0.152569
0.000000000,0,17.9777,-0.0377008,-0.171729,0.3,-0.156117
0.000000000,0,17.9924,-0.0403222,-0.179623,0.3,-0.159665
0.000000000,0,18.0072,-0.0430614,-0.187695,0.3,-0.163213
0.000000000,0,18.0219,-0.0459208,-0.195944,0.3,-0.166761
0.000000000,0,18.0366,-0.048903,-0.204371,0.3,-0.170309
0.000000000,0,18.0513,-0.0520102,-0.212975,0.3,-0.173857
0.000000000,0,18.0659,-0.0552448,-0.221757,0.3,-0.177406
0.000000000,0,18.0805,-0.0586093,-0.230716,0.3,-0.180954
0.000000000,0,18.0951,-0.0621058,-0.239852,0.3,-0.184502
0.000000000,0,18.1097,-0.0657368,-0.249166,0.3,-0.18805
0.000000000,0,18.1242,-0.0695044,-0.258657,0.3,-0.191598
0.000000000,0,18.1387,-0.073411,-0.268326,0.3,-0.195146
0.000000000,0,18.1531,-0.0774587,-0.278172,0.3,-0.198694
0.000000000,0,18.1675,-0.0816497,-0.288195,0.3,-0.202242
0.000000000,0,18.1819,-0.0859861,-0.298396,0.3,-0.20579
0.000000000,0,18.1962,-0.09047,-0.308774,0.3,-0.209339
0.000000000,0,18.2105,-0.0951035,-0.31933,0.3,-0.212887
0.000000000,0,18.2247,-0.0998886,-0.330063,0.3,-0.216435
0.000000000,0,18.2388,-0.104827,-0.340973,0.3,-0.219983
0.000000000,0,18.253,-0.109921,-0.352061,0.3,-0.223531
0.000000000,0,18.267,-0.115173,-0.363327,0.3,-0.227079
0.000000000,0,18.281,-0.120584,-0.374769,0.3,-0.230627
0.000000000,0,18.2949,-0.126155,-0.386389,0.3,-0.234175
0.000000000,0,18.3088,-0.131889,-0.398187,0.3,-0.237723
0.000000000,0,18.3226,-0.137788,-0.410162,0.3,-0.241272
0.000000000,0,18.3363,-0.143853,-0.422314,0.3,-0.24482
0.000000000,0,18.3499,-0.150085,-0.434644,0.3,-0.248368
0.000000000,0,18.3635,-0.156486,-0.447151,0.3,-0.251916
0.000000000,0,18.377,-0.163057,-0.459835,0.3,-0.255464
0.000000000,0,18.3904,-0.1698,-0.472697,0.3,-0.259012
0.000000000,0,18.4037,-0.176716,-0.485736,0.3,-0.26256
0.000000000,0,18.4169,-0.183806,-0.498953,0.3,-0.266108
0.000000000,0,18.43,-0.191072,-0.512347,0.3,-0.269656
0.000000000,0,18.4431,-0.198514,-0.525919,0.3,-0.273205
0.000000000,0,18.456,-0.206132,-0.539668,0.3,-0.276753
0.000000000,0,18.4688,-0.213929,-0.553594,0.3,-0.280301
0.000000000,0,18.4815,-0.221905,-0.567698,0.3,-0.283849
0.000000000,0,18.4941,-0.23006,-0.581979,0.3,-0.287397
0.000000000,0,18.5066,-0.238396,-0.596438,0.3,-0.290945
0.000000000,0,18.5189,-0.246911,-0.611073,0.3,-0.294493
0.000000000,0,18.5311,-0.255608,-0.625887,0.3,-0.298041
0.000000000,0,18.5432,-0.264486,-0.640878,0.3,-0.301589
0.000000000,0,18.5552,-0.273545,-0.656046,0.3,-0.305138
0.000000000,0,18.567,-0.282786,-0.671391,0.3,-0.308686
0.000000000,0,18.5787,-0.292207,-0.686914,0.3,-0.312234
0.000000000,0,18.5902,-0.30181,-0.702615,0.3,-0.315782
0.000000000,0,18.6016,-0.311594,-0.718493,0.3,-0.31933
0.000000000,0,18.6128,-0.321557,-0.734548,0.3,-0.322878
0.000000000,0,18.6238,-0.331701,-0.75078,0.3,-0.326426
0.000000000,0,18.6347,-0.342023,-0.76719,0.3,-0.329974
0.000000000,0,18.6454,-0.352524,-0.783778,0.3,-0.333522
0.000000000,0,18.656,-0.363202,-0.800398,0.3,-0.330664
0.000000000,0,18.6663,-0.374053,-0.816842,0.3,-0.327115
0.000000000,0,18.6765,-0.385072,-0.83311,0.3,-0.323567
0.000000000,0,18.6865,-0.396254,-0.849199,0.3,-0.320019
0.000000000,0,18.6963,-0.407594,-0.865111,0.3,-0.316471
0.000000000,0,18.7059,-0.419089,-0.880846,0.3,-0.312923
0.000000000,0,18.7154,-0.430733,-0.896404,0.3,-0.309375
0.000000000,0,18.7247,-0.442521,-0.911784,0.3,-0.305827
0.000000000,0,18.7338,-0.454451,-0.926986,0.3,-0.302279
0.000000000,0,18.7427,-0.466516,-0.942012,0.3,-0.298731
0.000000000,0,18.7514,-0.478713,-0.956859,0.3,-0.295182
0.000000000,0,18.76,-0.491037,-0.97153,0.3,-0.291634
0.000000000,0,18.7683,-0.503485,-0.986023,0.3,-0.288086
0.000000000,0,18.7765,-0.516053,-1.00034,0.3,-0.284538
0.000000000,0,18.7845,-0.528735,-1.01448,0.3,-0.28099
0.000000000,0,18.7924,-0.541529,-1.02844,0.3,-0.277442
0.000000000,0,18.8,-0.55443,-1.04222,0.3,-0.273894
0.000000000,0,18.8075,-0.567434,-1.05583,0.3,-0.270346
0.000000000,0,18.8148,-0.580539,-1.06926,0.3,-0.266798
0.000000000,0,18.8219,-0.59374,-1.08251,0.3,-0.263249
0.000000000,0,18.8289,-0.607033,-1.09558,0.3,-0.259701
0.000000000,0,18.8356,-0.620416,-1.10848,0.3,-0.256153
0.000000000,0,18.8423,-0.633884,-1.1212,0.3,-0.252605
0.000000000,0,18.8487,-0.647434,-1.13374,0.3,-0.249057
0.000000000,0,18.8549,-0.661064,-1.1461,0.3,-0.245509
0.000000000,0,18.861,-0.674769,-1.15829,0.3,-0.241961
0.000000000,0,18.867,-0.688547,-1.1703,0.3,-0.238413
0.000000000,0,18.8727,-0.702395,-1.18213,0.3,-0.234865
0.000000000,0,18.8783,-0.71631,-1.19378,0.3,-0.231316
0.000000000,0,18.8838,-0.730288,-1.20526,0.3,-0.227768
0.000000000,0,18.8891,-0.744328,-1.21656,0.3,-0.22422
0.000000000,0,18.8942,-0.758426,-1.22768,0.3,-0.220672
0.000000000,0,18.8992,-0.772579,-1.23863,0.3,-0.217124
0.000000000,0,18.904,-0.786786,-1.2494,0.3,-0.213576
0.000000000,0,18.9086,-0.801043,-1.25999,0.3,-0.210028
0.000000000,0,18.9132,-0.815348,-1.2704,0.3,-0.20648
0.000000000,0,18.9175,-0.8297,-1.28063,0.3,-0.202932
0.000000000,0,18.9217,-0.844094,-1.29069,0.3,-0.199383
0.000000000,0,18.9258,-0.85853,-1.30057,0.3,-0.195835
0.000000000,0,18.9297,-0.873006,-1.31027,0.3,-0.192287
0.000000000,0,18.9335,-0.887518,-1.3198,0.3,-0.188739
0.000000000,0,18.9372,-0.902066,-1.32915,0.3,-0.185191
0.000000000,0,18.9407,-0.916646,-1.33832,0.3,-0.181643
0.000000000,0,18.9441,-0.931259,-1.34731,0.3,-0.178095
0.000000000,0,18.9474,-0.9459,-1.35613,0.3,-0.174547
0.000000000,0,18.9505,-0.96057,-1.36477,0.3,-0.170998
0.000000000,0,18.9535,-0.975266,-1.37323,0.3,-0.16745
0.000000000,0,18.9564,-0.989986,-1.38151,0.3,-0.163902
0.000000000,0,18.9591,-1.00473,-1.38962,0.3,-0.160354
0.000000000,0,18.9618,-1.0195,-1.39755,0.3,-0.156806
0.000000000,0,18.9643,-1.03428,-1.4053,0.3,-0.153258
0.000000000,0,18.9667,-1.04909,-1.41287,0.3,-0.14971
0.000000000,0,18.969,-1.06391,-1.42027,0.3,-0.146162
0.000000000,0,18.9712,-1.07875,-1.42749,0.3,-0.142614
0.000000000,0,18.9733,-1.0936,-1.43453,0.3,-0.139066
0.000000000,0,18.9753,-1.10847,-1.4414,0.3,-0.135517
0.000000000,0,18.9772,-1.12335,-1.44808,0.3,-0.131969
0.000000000,0,18.979,-1.13824,-1.45459,0.3,-0.128421
0.000000000,0,18.9807,-1.15315,-1.46093,0.3,-0.124873
0.000000000,0,18.9823,-1.16806,-1.46708,0.3,-0.121325
0.000000000,0,18.9838,-1.18299,-1.47306,0.3,-0.117777
0.000000000,0,18.9852,-1.19792,-1.47886,0.3,-0.114229
0.000000000,0,18.9865,-1.21286,-1.48448,0.3,-0.110681
0.000000000,0,18.9878,-1.22781,-1.48993,0.3,-0.107133
0.000000000,0,18.989,-1.24276,-1.49519,0.3,-0.103584
0.000000000,0,18.99,-1.25772,-1.50029,0.3,-0.100036
0.000000000,0,18.9911,-1.27269,-1.5052,0.3,-0.0964882
0.000000000,0,18.992,-1.28766,-1.50993,0.3,-0.0929401
0.000000000,0,18.9929,-1.30263,-1.51449,0.3,-0.0893919
0.000000000,0,18.9937,-1.31761,-1.51887,0.3,-0.0858438
0.000000000,0,18.9944,-1.33259,-1.52308,0.3,-0.0822957
0.000000000,0,18.9951,-1.34757,-1.5271,0.3,-0.0787476
0.000000000,0,18.9958,-1.36256,-1.53095,0.3,-0.0751995
0.000000000,0,18.9963,-1.37755,-1.53462,0.3,-0.0716514
0.000000000,0,18.9968,-1.39254,-1.53812,0.3,-0.0681033
0.000000000,0,18.9973,-1.40754,-1.54143,0.3,-0.0645552
0.000000000,0,18.9977,-1.42253,-1.54457,0.3,-0.0610071
0.000000000,0,18.9981,-1.43752,-1.54753,0.3,-0.0574589
0.000000000,0,18.9984,-1.45252,-1.55032,0.3,-0.0539108
0.000000000,0,18.9987,-1.46752,-1.55292,0.3,-0.0503627
0.000000000,0,18.999,-1.48252,-1.55535,0.3,-0.0468146
0.000000000,0,18.9992,-1.49751,-1.55761,0.3,-0.0432665
0.000000000,0,18.9994,-1.51251,-1.55968,0.3,-0.0397184
0.000000000,0,18.9995,-1.52751,-1.56158,0.3,-0.0361703
0.000000000,0,18.9996,-1.54251,-1.5633,0.3,-0.0326222
0.000000000,0,18.9997,-1.55751,-1.56484,0.3,-0.0290741
0.000000000,0,18.9998,-1.57251,-1.56621,0.3,-0.0255259
0.000000000,0,18.9999,-1.58751,-1.56739,0.3,-0.0219778
0.000000000,0,18.9999,-1.60251,-1.5684,0.3,-0.0184297
0.000000000,0,18.9999,-1.61751,-1.56924,0.3,-0.0148816
0.000000000,0,19,-1.63251,-1.56989,0.3,-0.0113335
0.000000000,0,19,-1.64751,-1.57037,0.3,-0.00778538
0.000000000,0,19,-1.66251,-1.57067,0.3,-0.00423727
0.000000000,0,19,-1.67751,-1.57079,0.3,-0.000689161
0.000000000,0,19,-1.6954,-1.5708,0.3,0
0.000000000,0,19,-1.7104,-1.5708,0.3,0
0.000000000,0,19,-1.7254,-1.5708,0.3,0
0.000000000,0,19,-1.7404,-1.5708,0.3,0
0.000000000,0,19,-1.7554,-1.5708,0.3,0
0.000000000,0,19,-1.7704,-1.5708,0.3,0
0.000000000,0,19,-1.7854,-1.5708,0.3,0
0.000000000,0,19,-1.8004,-1.5708,0.3,0
0.000000000,0,19,-1.8154,-1.5708,0.3,0
0.000000000,0,19,-1.8304,-1.5708,0.3,0
0.000000000,0,19,-1.8454,-1.5708,0.3,0
0.000000000,0,19,-1.8604,-1.5708,0.3,0
0.000000000,0,19,-1.8754,-1.5708,0.3,0
0.000000000,0,19,-1.8904,-1.5708,0.3,0
0.000000000,0,19,-1.9054,-1.5708,0.3,0
0.000000000,0,19,-1.9204,-1.5708,0.3,0
0.000000000,0,19,-1.9354,-1.5708,0.3,0
0.000000000,0,19,-1.9504,-1.5708,0.3,0
0.000000000,0,19,-1.9654,-1.5708,0.3,0
0.000000000,0,19,-1.9804,-1.5708,0.3,0
0.000000000,0,19,-1.9954,-1.5708,0.3,0
0.000000000,0,19,-2.0104,-1.5708,0.3,0
0.000000000,0,19,-2.0254,-1.5708,0.3,0
0.000000000,0,19,-2.0404,-1.5708,0.3,0
0.000000000,0,19,-2.0554,-1.5708,0.3,0
0.000000000,0,19,-2.0704,-1.5708,0.3,0
0.000000000,0,19,-2.0854,-1.5708,0.3,0
0.000000000,0,19,-2.1004,-1.5708,0.3,0
0.000000000,0,19,-2.1154,-1.5708,0.3,0
0.000000000,0,19,-2.1304,-1.5708,0.3,0
0.000000000,0,19,-2.1454,-1.5708,0.3,0
0.000000000,0,19,-2.1604,-1.5708,0.3,0
0.000000000,0,19,-2.1754,-1.5708,0.3,0
0.000000000,0,19,-2.1904,-1.5708,0.3,0
0.000000000,0,19,-2.2054,-1.5708,0.3,0
0.000000000,0,19,-2.2204,-1.5708,0.3,0
0.000000000,0,19,-2.2354,-1.5708,0.3,0
0.000000000,0,19,-2.2504,-1.5708,0.3,0
0.000000000,0,19,-2.2654,-1.5708,0.3,0
0.000000000,0,19,-2.2804,-1.5708,0.3,0
0.000000000,0,19,-2.2954,-1.5708,0.3,0
0.000000000,0,19,-2.3104,-1.5708,0.3,0
0.000000000,0,19,-2.3254,-1.5708,0.3,0
0.000000000,0,19,-2.3404,-1.5708,0.3,0
0.000000000,0,19,-2.3554,-1.5708,0.3,0
0.000000000,0,19,-2.3704,-1.5708,0.3,0
0.000000000,0,19,-2.3854,-1.5708,0.3,0
0.000000000,0,19,-2.4004,-1.5708,0.3,0
0.000000000,0,19,-2.4154,-1.5708,0.3,0
0.000000000,0,19,-2.4304,-1.5708,0.3,0
0.000000000,0,19,-2.4454,-1.5708,0.3,0
0.000000000,0,19,-2.4604,-1.5708,0.3,0
0.000000000,0,19,-2.4754,-1.5708,0.3,0
0.000000000,0,19,-2.4904,-1.5708,0.3,0
0.000000000,0,19,-2.5054,-1.5708,0.3,0
0.000000000,0,19,-2.5204,-1.5708,0.3,0
0.000000000,0,19,-2.5354,-1.5708,0.3,0
0.000000000,0,19,-2.5504,-1.5708,0.3,0
0.000000000,0,19,-2.5654,-1.5708,0.3,0
0.000000000,0,19,-2.5804,-1.5708,0.3,0
0.000000000,0,19,-2.5954,-1.5708,0.3,0
0.000000000,0,19,-2.6104,-1.5708,0.3,0
0.000000000,0,19,-2.6254,-1.5708,0.3,0
0.000000000,0,19,-2.6404,-1.5708,0.3,0
0.000000000,0,19,-2.6554,-1.5708,0.3,0
0.000000000,0,19,-2.6704,-1.5708,0.3,0
0.000000000,0,19,-2.6854,-1.5708,0.3,0
0.000000000,0,19,-2.7004,-1.5708,0.3,0
0.000000000,0,19,-2.7154,-1.5708,0.3,0
0.000000000,0,19,-2.7304,-1.5708,0.3,0
0.000000000,0,19,-2.7454,-1.5708,0.3,0
0.000000000,0,19,-2.7604,-1.5708,0.3,0
0.000000000,0,19,-2.7754,-1.5708,0.3,0
0.000000000,0,19,-2.7904,-1.5708,0.3,0
0.000000000,0,19,-2.8054,-1.5708,0.3,0
0.000000000,0,19,-2.8204,-1.5708,0.3,0
0.000000000,0,19,-2.8354,-1.5708,0.3,0
0.000000000,0,19,-2.8504,-1.5708,0.3,0
0.000000000,0,19,-2.8654,-1.5708,0.3,0
0.000000000,0,19,-2.8804,-1.5708,0.3,0
0.000000000,0,19,-2.8954,-1.5708,0.3,0
0.000000000,0,19,-2.9104,-1.5708,0.3,0
0.000000000,0,19,-2.9254,-1.5708,0.3,0
0.000000000,0,19,-2.9404,-1.5708,0.3,0
0.000000000,0,19,-2.9554,-1.5708,0.3,0
0.000000000,0,19,-2.9704,-1.5708,0.3,0
0.000000000,0,19,-2.9854,-1.5708,0.3,0
0.000000000,0,19,-3.0004,-1.5708,0.3,0
0.000000000,0,19,-3.0154,-1.5708,0.3,0
0.000000000,0,19,-3.0304,-1.5708,0.3,0
0.000000000,0,19,-3.0454,-1.5708,0.3,0
0.000000000,0,19,-3.0604,-1.5708,0.3,0
0.000000000,0,19,-3.0754,-1.5708,0.3,0
0.000000000,0,19,-3.0904,-1.5708,0.3,0
0.000000000,0,19,-3.1054,-1.5708,0.3,0
0.000000000,0,19,-3.1204,-1.5708,0.3,0
0.000000000,0,19,-3.1354,-1.5708,0.3,0
0.000000000,0,19,-3.1504,-1.5708,0.3,0
0.000000000,0,19,-3.1654,-1.5708,0.3,0
0.000000000,0,19,-3.1804,-1.5708,0.3,0
0.000000000,0,19,-3.1954,-1.5708,0.3,0
0.000000000,0,19,-3.2104,-1.5708,0.3,0
0.000000000,0,19,-3.2254,-1.5708,0.3,0
0.000000000,0,19,-3.2404,-1.5708,0.3,0
0.000000000,0,19,-3.2554,-1.5708,0.3,0
0.000000000,0,19,-3.2704,-1.5708,0.3,0
0.000000000,0,19,-3.2854,-1.5708,0.3,0
0.000000000,0,19,-3.3004,-1.5708,0.3,0
0.000000000,0,19,-3.3154,-1.5708,0.3,0
0.000000000,0,19,-3.3304,-1.5708,0.3,0
0.000000000,0,19,-3.3454,-1.5708,0.3,0
0.000000000,0,19,-3.3604,-1.5708,0.3,0
0.000000000,0,19,-3.3754,-1.5708,0.3,0
0.000000000,0,19,-3.3904,-1.5708,0.3,0
0.000000000,0,19,-3.4054,-1.5708,0.3,0
0.000000000,0,19,-3.4204,-1.5708,0.3,0
0.000000000,0,19,-3.4354,-1.5708,0.3,0
0.000000000,0,19,-3.4504,-1.5708,0.3,0
0.000000000,0,19,-3.4654,-1.5708,0.3,0
0.000000000,0,19,-3.4804,-1.5708,0.3,0
0.000000000,0,19,-3.4954,-1.5708,0.3,0
0.000000000,0,19,-3.5104,-1.5708,0.3,0
0.000000000,0,19,-3.5254,-1.5708,0.3,0
0.000000000,0,19,-3.5404,-1.5708,0.3,0
0.000000000,0,19,-3.5554,-1.5708,0.3,0
0.000000000,0,19,-3.5704,-1.5708,0.3,0
0.000000000,0,19,-3.5854,-1.5708,0.3,0
0.000000000,0,19,-3.6004,-1.5708,0.3,0
0.000000000,0,19,-3.6154,-1.5708,0.3,0
0.000000000,0,19,-3.6304,-1.5708,0.3,0
0.000000000,0,19,-3.6454,-1.5708,0.3,0
0.000000000,0,19,-3.6604,-1.5708,0.3,0
0.000000000,0,19,-3.6754,-1.5708,0.3,0
0.000000000,0,19,-3.6904,-1.5708,0.3,0
0.000000000,0,19,-3.7054,-1.5708,0.3,0
0.000000000,0,19,-3.7204,-1.5708,0.3,0
0.000000000,0,19,-3.7354,-1.5708,0.3,0
0.000000000,0,19,-3.7504,-1.5708,0.3,0
0.000000000,0,19,-3.7654,-1.5708,0.3,0
0.000000000,0,19,-3.7804,-1.5708,0.3,0
0.000000000,0,19,-3.7954,-1.5708,0.3,0
0.000000000,0,19,-3.8104,-1.5708,0.3,0
0.000000000,0,19,-3.8254,-1.5708,0.3,0
0.000000000,0,19,-3.8404,-1.5708,0.3,0
0.000000000,0,19,-3.8554,-1.5708,0.3,0
0.000000000,0,19,-3.8704,-1.5708,0.3,0
0.000000000,0,19,-3.8854,-1.5708,0.3,0
0.000000000,0,19,-3.9004,-1.5708,0.3,0
0.000000000,0,19,-3.9154,-1.5708,0.3,0
0.000000000,0,19,-3.9304,-1.5708,0.3,0
0.000000000,0,19,-3.9454,-1.5708,0.3,0
0.000000000,0,19,-3.9604,-1.5708,0.3,0
0.000000000,0,19,-3.9754,-1.5708,0.3,0
0.000000000,0,19,-3.9904,-1.5708,0.3,0
0.000000000,0,19,-4.0054,-1.5708,0.3,0
0.000000000,0,19,-4.0204,-1.5708,0.3,0
0.000000000,0,19,-4.0354,-1.5708,0.3,0
0.000000000,0,19,-4.0504,-1.5708,0.3,0
0.000000000,0,19,-4.0654,-1.5708,0.3,0
0.000000000,0,19,-4.0804,-1.5708,0.3,0
0.000000000,0,19,-4.0954,-1.5708,0.3,0
0.000000000,0,19,-4.1104,-1.5708,0.3,0
0.000000000,0,19,-4.1254,-1.5708,0.3,0
0.000000000,0,19,-4.1404,-1.5708,0.3,0
0.000000000,0,19,-4.1554,-1.5708,0.3,0
0.000000000,0,19,-4.1704,-1.5708,0.3,0
0.000000000,0,19,-4.1854,-1.5708,0.3,0
0.000000000,0,19,-4.2004,-1.5708,0.3,0
0.000000000,0,19,-4.2154,-1.5708,0.3,0
0.000000000,0,19,-4.2304,-1.5708,0.3,0
0.000000000,0,19,-4.2454,-1.5708,0.3,0
0.000000000,0,19,-4.2604,-1.5708,0.3,0
0.000000000,0,19,-4.2754,-1.5708,0.3,0
0.000000000,0,19,-4.2904,-1.5708,0.3,0
0.000000000,0,19,-4.3054,-1.5708,0.3,0
0.000000000,0,19,-4.3204,-1.5708,0.3,0
0.000000000,0,19,-4.3354,-1.5708,0.3,0
0.000000000,0,19,-4.3504,-1.5708,0.3,0
0.000000000,0,19,-4.3654,-1.5708,0.3,0
0.000000000,0,19,-4.3804,-1.5708,0.3,0
0.000000000,0,19,-4.3954,-1.5708,0.3,0
0.000000000,0,19,-4.4104,-1.5708,0.3,0
0.000000000,0,19,-4.4254,-1.5708,0.3,0
0.000000000,0,19,-4.4404,-1.5708,0.3,0
0.000000000,0,19,-4.4554,-1.5708,0.3,0
0.000000000,0,19,-4.4704,-1.5708,0.3,0
0.000000000,0,19,-4.4854,-1.5708,0.3,0
0.000000000,0,19,-4.5004,-1.5708,0.3,0
0.000000000,0,19,-4.5154,-1.5708,0.3,0
0.000000000,0,19,-4.5304,-1.5708,0.3,0
0.000000000,0,19,-4.5454,-1.5708,0.3,0
0.000000000,0,19,-4.5604,-1.5708,0.3,0
0.000000000,0,19,-4.5754,-1.5708,0.3,0
0.000000000,0,19,-4.5904,-1.5708,0.3,0
0.000000000,0,19,-4.6054,-1.5708,0.3,0
0.000000000,0,19,-4.6204,-1.5708,0.3,0
0.000000000,0,19,-4.6354,-1.5708,0.3,0
0.000000000,0,19,-4.6504,-1.5708,0.3,0
0.000000000,0,19,-4.6654,-1.5708,0.3,0
0.000000000,0,19,-4.6804,-1.5708,0.3,0
0.000000000,0,19,-4.6954,-1.5708,0.3,0
0.000000000,0,19,-4.7104,-1.5708,0.3,0
0.000000000,0,19,-4.7254,-1.5708,0.3,0
0.000000000,0,19,-4.7404,-1.5708,0.3,0
0.000000000,0,19,-4.7554,-1.5708,0.3,0
0.000000000,0,19,-4.7704,-1.5708,0.3,0
0.000000000,0,19,-4.7854,-1.5708,0.3,0
0.000000000,0,19,-4.8004,-1.5708,0.3,0
0.000000000,0,19,-4.8154,-1.5708,0.3,0
0.000000000,0,19,-4.8304,-1.5708,0.3,0
0.000000000,0,19,-4.8454,-1.5708,0.3,0
0.000000000,0,19,-4.8604,-1.5708,0.3,0
0.000000000,0,19,-4.8754,-1.5708,0.3,0
0.000000000,0,19,-4.8904,-1.5708,0.3,0
0.000000000,0,19,-4.9054,-1.5708,0.3,0
0.000000000,0,19,-4.9204,-1.5708,0.3,0
0.000000000,0,19,-4.9354,-1.5708,0.3,0
0.000000000,0,19,-4.9504,-1.5708,0.3,0
0.000000000,0,19,-4.9654,-1.5708,0.3,0
0.000000000,0,19,-4.9804,-1.5708,0.3,0
0.000000000,0,19,-4.9954,-1.5708,0.3,0
0.000000000,0,19,-5.0104,-1.5708,0.3,0
0.000000000,0,19,-5.0254,-1.5708,0.3,0
0.000000000,0,19,-5.0404,-1.5708,0.3,0
0.000000000,0,19,-5.0554,-1.5708,0.3,0
0.000000000,0,19,-5.0704,-1.5708,0.3,0
0.000000000,0,19,-5.0854,-1.5708,0.3,0
0.000000000,0,19,-5.1004,-1.5708,0.3,0
0.000000000,0,19,-5.1154,-1.5708,0.3,0
0.000000000,0,19,-5.1304,-1.5708,0.3,0
0.000000000,0,19,-5.1454,-1.5708,0.3,0
0.000000000,0,19,-5.1604,-1.5708,0.3,0
0.000000000,0,19,-5.1754,-1.5708,0.3,0
0.000000000,0,19,-5.1904,-1.5708,0.3,0
0.000000000,0,19,-5.2054,-1.5708,0.3,0
0.000000000,0,19,-5.2204,-1.5708,0.3,0
0.000000000,0,19,-5.2354,-1.5708,0.3,0
0.000000000,0,19,-5.2504,-1.5708,0.3,0
0.000000000,0,19,-5.2654,-1.5708,0.3,0
0.000000000,0,19,-5.2804,-1.5708,0.3,0
0.000000000,0,19,-5.2954,-1.5708,0.3,0
0.000000000,0,19,-5.3104,-1.5708,0.3,0
0.000000000,0,19,-5.3254,-1.5708,0.3,0
0.000000000,0,19,-5.3404,-1.5708,0.3,0
0.000000000,0,19,-5.3554,-1.5708,0.3,0
0.000000000,0,19,-5.3704,-1.5708,0.3,0
0.000000000,0,19,-5.3854,-1.5708,0.3,0
0.000000000,0,19,-5.4004,-1.5708,0.3,0
0.000000000,0,19,-5.4154,-1.5708,0.3,0
0.000000000,0,19,-5.4304,-1.5708,0.3,0
0.000000000,0,19,-5.4454,-1.5708,0.3,0
0.000000000,0,19,-5.4604,-1.5708,0.3,0
0.000000000,0,19,-5.4754,-1.5708,0.3,0
0.000000000,0,19,-5.4904,-1.5708,0.3,0
0.000000000,0,19,-5.5054,-1.5708,0.3,0
0.000000000,0,19,-5.5204,-1.5708,0.3,0
0.000000000,0,19,-5.5354,-1.5708,0.3,0
0.000000000,0,19,-5.5504,-1.5708,0.3,0
0.000000000,0,19,-5.5654,-1.5708,0.3,0
0.000000000,0,19,-5.5804,-1.5708,0.3,0
0.000000000,0,19,-5.5954,-1.5708,0.3,0
0.000000000,0,19,-5.6104,-1.5708,0.3,0
0.000000000,0,19,-5.6254,-1.5708,0.3,0
0.000000000,0,19,-5.6404,-1.5708,0.3,0
0.000000000,0,19,-5.6554,-1.5708,0.3,0
0.000000000,0,19,-5.6704,-1.5708,0.3,0
0.000000000,0,19,-5.6854,-1.5708,0.3,0
0.000000000,0,19,-5.7004,-1.5708,0.3,0
0.000000000,0,19,-5.7154,-1.5708,0.3,0
0.000000000,0,19,-5.7304,-1.5708,0.3,0
0.000000000,0,19,-5.7454,-1.5708,0.3,0
0.000000000,0,19,-5.7604,-1.5708,0.3,0
0.000000000,0,19,-5.7754,-1.5708,0.3,0
0.000000000,0,19,-5.7904,-1.5708,0.3,0
0.000000000,0,19,-5.8054,-1.5708,0.3,0
0.000000000,0,19,-5.8204,-1.5708,0.3,0
0.000000000,0,19,-5.8354,-1.5708,0.3,0
0.000000000,0,19,-5.8504,-1.5708,0.3,0
0.000000000,0,19,-5.8654,-1.5708,0.3,0
0.000000000,0,19,-5.8804,-1.5708,0.3,0
0.000000000,0,19,-5.8954,-1.5708,0.3,0
0.000000000,0,19,-5.9104,-1.5708,0.3,0
0.000000000,0,19,-5.9254,-1.5708,0.3,0
0.000000000,0,19,-5.9404,-1.5708,0.3,0
0.000000000,0,19,-5.9554,-1.5708,0.3,0
0.000000000,0,19,-5.9704,-1.5708,0.3,0
0.000000000,0,19,-5.9854,-1.5708,0.3,0
0.000000000,0,19,-6.0004,-1.5708,0.3,0
0.000000000,0,19,-6.0154,-1.5708,0.3,0
0.000000000,0,19,-6.0304,-1.5708,0.3,0
0.000000000,0,19,-6.0454,-1.5708,0.3,0
0.000000000,0,19,-6.0604,-1.5708,0.3,0
0.000000000,0,19,-6.0754,-1.5708,0.3,0
0.000000000,0,19,-6.0904,-1.5708,0.3,0
0.000000000,0,19,-6.1054,-1.5708,0.3,0
0.000000000,0,19,-6.1204,-1.5708,0.3,0
0.000000000,0,19,-6.1354,-1.5708,0.3,0
0.000000000,0,19,-6.1504,-1.5708,0.3,0
0.000000000,0,19,-6.1654,-1.5708,0.3,0
0.000000000,0,19,-6.1804,-1.5708,0.3,0
0.000000000,0,19,-6.1954,-1.5708,0.3,0
0.000000000,0,19,-6.2104,-1.5708,0.3,0
0.000000000,0,19,-6.2254,-1.5708,0.3,0
0.000000000,0,19,-6.2404,-1.5708,0.3,0
0.000000000,0,19,-6.2554,-1.5708,0.3,0
0.000000000,0,19,-6.2704,-1.5708,0.3,0
0.000000000,0,19,-6.2854,-1.5708,0.3,0
0.000000000,0,19,-6.3004,-1.5708,0.3,0
0.000000000,0,19,-6.3154,-1.5708,0.3,0
0.000000000,0,19,-6.3304,-1.5708,0.3,0
0.000000000,0,19,-6.3454,-1.5708,0.3,0
0.000000000,0,19,-6.3604,-1.5708,0.3,0
0.000000000,0,19,-6.3754,-1.5708,0.3,0
0.000000000,0,19,-6.3904,-1.5708,0.3,0
0.000000000,0,19,-6.4054,-1.5708,0.3,0
0.000000000,0,19,-6.4204,-1.5708,0.3,0
0.000000000,0,19,-6.4354,-1.5708,0.3,0
0.000000000,0,19,-6.4504,-1.5708,0.3,0
0.000000000,0,19,-6.4654,-1.5708,0.3,0
0.000000000,0,19,-6.4804,-1.5708,0.3,0
0.000000000,0,19,-6.4954,-1.5708,0.3,0
0.000000000,0,19,-6.5104,-1.5708,0.3,0
0.000000000,0,19,-6.5254,-1.5708,0.3,0
0.000000000,0,19,-6.5404,-1.5708,0.3,0
0.000000000,0,19,-6.5554,-1.5708,0.3,0
0.000000000,0,19,-6.5704,-1.5708,0.3,0
0.000000000,0,19,-6.5854,-1.5708,0.3,0
0.000000000,0,19,-6.6004,-1.5708,0.3,0
0.000000000,0,19,-6.6154,-1.5708,0.3,0
0.000000000,0,19,-6.6304,-1.5708,0.3,0
0.000000000,0,19,-6.6454,-1.5708,0.3,0
0.000000000,0,19,-6.6604,-1.5708,0.3,0
0.000000000,0,19,-6.6754,-1.5708,0.3,0
0.000000000,0,19,-6.6904,-1.5708,0.3,0
0.000000000,0,19,-6.7054,-1.5708,0.3,0
0.000000000,0,19,-6.7204,-1.5708,0.3,0
0.000000000,0,19,-6.7354,-1.5708,0.3,0
0.000000000,0,19,-6.7504,-1.5708,0.3,0
0.000000000,0,19,-6.7654,-1.5708,0.3,0
0.000000000,0,19,-6.7804,-1.5708,0.3,0
0.000000000,0,19,-6.7954,-1.5708,0.3,0
0.000000000,0,19,-6.8104,-1.5708,0.3,0
0.000000000,0,19,-6.8254,-1.5708,0.3,0
0.000000000,0,19,-6.8404,-1.5708,0.3,0
0.000000000,0,19,-6.8554,-1.5708,0.3,0
0.000000000,0,19,-6.8704,-1.5708,0.3,0
0.000000000,0,19,-6.8854,-1.5708,0.3,0
0.000000000,0,19,-6.9004,-1.5708,0.3,0
0.000000000,0,19,-6.9154,-1.5708,0.3,0
0.000000000,0,19,-6.9304,-1.5708,0.3,0
0.000000000,0,19,-6.9454,-1.5708,0.3,0
0.000000000,0,19,-6.9604,-1.5708,0.3,0
0.000000000,0,19,-6.9754,-1.5708,0.3,0
0.000000000,0,19,-6.9904,-1.5708,0.3,0
0.000000000,0,19,-7.0054,-1.5708,0.3,0
0.000000000,0,19,-7.0204,-1.5708,0.3,0
0.000000000,0,19,-7.0354,-1.5708,0.3,0
0.000000000,0,19,-7.0504,-1.5708,0.3,0
0.000000000,0,19,-7.0654,-1.5708,0.3,0
0.000000000,0,19,-7.0804,-1.5708,0.3,0
0.000000000,0,19,-7.0954,-1.5708,0.3,0
0.000000000,0,19,-7.1104,-1.5708,0.3,0
0.000000000,0,19,-7.1254,-1.5708,0.3,0
0.000000000,0,19,-7.1404,-1.5708,0.3,0
0.000000000,0,19,-7.1554,-1.5708,0.3,0
0.000000000,0,19,-7.1704,-1.5708,0.3,0
0.000000000,0,19,-7.1854,-1.5708,0.3,0
0.000000000,0,19,-7.2004,-1.5708,0.3,0
0.000000000,0,19,-7.2154,-1.5708,0.3,0
0.000000000,0,19,-7.2304,-1.5708,0.3,0
0.000000000,0,19,-7.2454,-1.5708,0.3,0
0.000000000,0,19,-7.2604,-1.5708,0.3,0
0.000000000,0,19,-7.2754,-1.5708,0.3,0
0.000000000,0,19,-7.2904,-1.5708,0.3,0
0.000000000,0,19,-7.3054,-1.5708,0.3,0
0.000000000,0,19,-7.3204,-1.5708,0.3,0
0.000000000,0,19,-7.3354,-1.5708,0.3,0
0.000000000,0,19,-7.3504,-1.5708,0.3,0
0.000000000,0,19,-7.3654,-1.5708,0.3,0
0.000000000,0,19,-7.3804,-1.5708,0.3,0
0.000000000,0,19,-7.3954,-1.5708,0.3,0
0.000000000,0,19,-7.4104,-1.5708,0.3,0
0.000000000,0,19,-7.4254,-1.5708,0.3,0
0.000000000,0,19,-7.4404,-1.5708,0.3,0
0.000000000,0,19,-7.4554,-1.5708,0.3,0
0.000000000,0,19,-7.4704,-1.5708,0.3,0
0.000000000,0,19,-7.4854,-1.5708,0.3,0
0.000000000,0,19,-7.5004,-1.5708,0.3,0
0.000000000,0,19,-7.5154,-1.5708,0.3,0
0.000000000,0,19,-7.5304,-1.5708,0.3,0
0.000000000,0,19,-7.5454,-1.5708,0.3,0
0.000000000,0,19,-7.5604,-1.5708,0.3,0
0.000000000,0,19,-7.5754,-1.5708,0.3,0
0.000000000,0,19,-7.5904,-1.5708,0.3,0
0.000000000,0,19,-7.6054,-1.5708,0.3,0
0.000000000,0,19,-7.6204,-1.5708,0.3,0
0.000000000,0,19,-7.6354,-1.5708,0.3,0
0.000000000,0,19,-7.6504,-1.5708,0.3,0
0.000000000,0,19,-7.6654,-1.5708,0.3,0
0.000000000,0,19,-7.6804,-1.5708,0.3,0
0.000000000,0,19,-7.6954,-1.5708,0.3,0
0.000000000,0,19,-7.7104,-1.5708,0.3,0
0.000000000,0,19,-7.7254,-1.5708,0.3,0
0.000000000,0,19,-7.7404,-1.5708,0.3,0
0.000000000,0,19,-7.7554,-1.5708,0.3,0
0.000000000,0,19,-7.7704,-1.5708,0.3,0
0.000000000,0,19,-7.7854,-1.5708,0.3,0
0.000000000,0,19,-7.8004,-1.5708,0.3,0
0.000000000,0,19,-7.8154,-1.5708,0.3,0
0.000000000,0,19,-7.8304,-1.5708,0.3,0
0.000000000,0,19,-7.8454,-1.5708,0.3,0
0.000000000,0,19,-7.8604,-1.5708,0.3,0
0.000000000,0,19,-7.8754,-1.5708,0.3,0
0.000000000,0,19,-7.8904,-1.5708,0.3,0
0.000000000,0,19,-7.9054,-1.5708,0.3,0
0.000000000,0,19,-7.9204,-1.5708,0.3,0
0.000000000,0,19,-7.9354,-1.5708,0.3,0
0.000000000,0,19,-7.9504,-1.5708,0.3,0
0.000000000,0,19,-7.9654,-1.5708,0.3,0
0.000000000,0,19,-7.9804,-1.5708,0.3,0
0.000000000,0,19,-7.9954,-1.5708,0.3,0
0.000000000,0,19,-8.0104,-1.5708,0.3,0
0.000000000,0,19,-8.0254,-1.5708,0.3,0
0.000000000,0,19,-8.0404,-1.5708,0.3,0
0.000000000,0,19,-8.0554,-1.5708,0.3,0
0.000000000,0,19,-8.0704,-1.5708,0.3,0
0.000000000,0,19,-8.0854,-1.5708,0.3,0
0.000000000,0,19,-8.1004,-1.5708,0.3,0
0.000000000,0,19,-8.1154,-1.5708,0.3,0
0.000000000,0,19,-8.1304,-1.5708,0.3,0
0.000000000,0,19,-8.1454,-1.5708,0.3,0
0.000000000,0,19,-8.1604,-1.5708,0.3,0
0.000000000,0,19,-8.1754,-1.5708,0.3,0
0.000000000,0,19,-8.1904,-1.5708,0.3,0
0.000000000,0,19,-8.2054,-1.5708,0.3,0
0.000000000,0,19,-8.2204,-1.5708,0.3,0
0.000000000,0,19,-8.2354,-1.5708,0.3,0
0.000000000,0,19,-8.2504,-1.5708,0.3,0
0.000000000,0,19,-8.2654,-1.5708,0.3,0
0.000000000,0,19,-8.2804,-1.5708,0.3,0
0.000000000,0,19,-8.2954,-1.5708,0.3,0
0.000000000,0,19,-8.3104,-1.5708,0.3,0
0.000000000,0,19,-8.3254,-1.5708,0.3,0
0.000000000,0,19,-8.3404,-1.5708,0.3,0
0.000000000,0,19,-8.3554,-1.5708,0.3,0
0.000000000,0,19,-8.3704,-1.5708,0.3,0
0.000000000,0,19,-8.3854,-1.5708,0.3,0
0.000000000,0,19,-8.4004,-1.5708,0.3,0
0.000000000,0,19,-8.4154,-1.5708,0.3,0
0.000000000,0,19,-8.4304,-1.5708,0.3,0
0.000000000,0,19,-8.4454,-1.5708,0.3,0
0.000000000,0,19,-8.4604,-1.5708,0.3,0
0.000000000,0,19,-8.4754,-1.5708,0.3,0
0.000000000,0,19,-8.4904,-1.5708,0.3,0
0.000000000,0,19,-8.5054,-1.5708,0.3,0
0.000000000,0,19,-8.5204,-1.5708,0.3,0
0.000000000,0,19,-8.5354,-1.5708,0.3,0
0.000000000,0,19,-8.5504,-1.5708,0.3,0
0.000000000,0,19,-8.5654,-1.5708,0.3,0
0.000000000,0,19,-8.5804,-1.5708,0.3,0
0.000000000,0,19,-8.5954,-1.5708,0.3,0
0.000000000,0,19,-8.6104,-1.5708,0.3,0
0.000000000,0,19,-8.6254,-1.5708,0.3,0
0.000000000,0,19,-8.6404,-1.5708,0.3,0
0.000000000,0,19,-8.6554,-1.5708,0.3,0
0.000000000,0,19,-8.6704,-1.5708,0.3,0
0.000000000,0,19,-8.6854,-1.5708,0.3,0
0.000000000,0,19,-8.7004,-1.5708,0.3,0
0.000000000,0,19,-8.7154,-1.5708,0.3,0
0.000000000,0,19,-8.7304,-1.5708,0.3,0
0.000000000,0,19,-8.7454,-1.5708,0.3,0
0.000000000,0,19,-8.7604,-1.5708,0.3,0
0.000000000,0,19,-8.7754,-1.5708,0.3,0
0.000000000,0,19,-8.7904,-1.5708,0.3,0
0.000000000,0,19,-8.8054,-1.5708,0.3,0
0.000000000,0,19,-8.8204,-1.5708,0.3,0
0.000000000,0,19,-8.8354,-1.5708,0.3,0
0.000000000,0,19,-8.8504,-1.5708,0.3,0
0.000000000,0,19,-8.8654,-1.5708,0.3,0
0.000000000,0,19,-8.8804,-1.5708,0.3,0
0.000000000,0,19,-8.8954,-1.5708,0.3,0
0.000000000,0,19,-8.9104,-1.5708,0.3,0
0.000000000,0,19,-8.9254,-1.5708,0.3,0
0.000000000,0,19,-8.9404,-1.5708,0.3,0
0.000000000,0,19,-8.9554,-1.5708,0.3,0
0.000000000,0,19,-8.9704,-1.5708,0.3,0
0.000000000,0,19,-8.9854,-1.5708,0.3,0
0.000000000,0,19,-9.0004,-1.5708,0.3,0
0.000000000,0,19,-9.0154,-1.5708,0.3,0
0.000000000,0,19,-9.0304,-1.5708,0.3,0
0.000000000,0,19,-9.0454,-1.5708,0.3,0
0.000000000,0,19,-9.0604,-1.5708,0.3,0
0.000000000,0,19,-9.0754,-1.5708,0.3,0
0.000000000,0,19,-9.0904,-1.5708,0.3,0
0.000000000,0,19,-9.1054,-1.5708,0.3,0
0.000000000,0,19,-9.1204,-1.5708,0.3,0
0.000000000,0,19,-9.1354,-1.5708,0.3,0
0.000000000,0,19,-9.1504,-1.5708,0.3,0
0.000000000,0,19,-9.1654,-1.5708,0.3,0
0.000000000,0,19,-9.1804,-1.5708,0.3,0
0.000000000,0,19,-9.1954,-1.5708,0.3,0
0.000000000,0,19,-9.2104,-1.5708,0.3,0
0.000000000,0,19,-9.2254,-1.5708,0.3,0
0.000000000,0,19,-9.2404,-1.5708,0.3,0
0.000000000,0,19,-9.2554,-1.5708,0.3,0
0.000000000,0,19,-9.2704,-1.5708,0.3,0
0.000000000,0,19,-9.2854,-1.5708,0.3,0
0.000000000,0,19,-9.3004,-1.5708,0.3,0
0.000000000,0,19,-9.3154,-1.5708,0.3,0
0.000000000,0,19,-9.3304,-1.5708,0.3,0
0.000000000,0,19,-9.3454,-1.5708,0.3,0
0.000000000,0,19,-9.3604,-1.5708,0.3,0
0.000000000,0,19,-9.3754,-1.5708,0.3,0
0.000000000,0,19,-9.3904,-1.5708,0.3,0
0.000000000,0,19,-9.4054,-1.5708,0.3,0
0.000000000,0,19,-9.4204,-1.5708,0.3,0
0.000000000,0,19,-9.4354,-1.5708,0.3,0
0.000000000,0,19,-9.4504,-1.5708,0.3,0
0.000000000,0,19,-9.4654,-1.5708,0.3,0
0.000000000,0,19,-9.4804,-1.5708,0.3,0
0.000000000,0,19,-9.4954,-1.5708,0.3,0
0.000000000,0,19,-9.5104,-1.5708,0.3,0
0.000000000,0,19,-9.5254,-1.5708,0.3,0
0.000000000,0,19,-9.5404,-1.5708,0.3,0
0.000000000,0,19,-9.5554,-1.5708,0.3,0
0.000000000,0,19,-9.5704,-1.5708,0.3,0
0.000000000,0,19,-9.5854,-1.5708,0.3,0
0.000000000,0,19,-9.6004,-1.5708,0.3,0
0.000000000,0,19,-9.6154,-1.5708,0.3,0
0.000000000,0,19,-9.6304,-1.5708,0.3,0
0.000000000,0,19,-9.6454,-1.5708,0.3,0
0.000000000,0,19,-9.6604,-1.5708,0.3,0
0.000000000,0,19,-9.6754,-1.5708,0.3,0
0.000000000,0,19,-9.6904,-1.5708,0.3,0
0.000000000,0,19,-9.7054,-1.5708,0.3,0
0.000000000,0,19,-9.7204,-1.5708,0.3,0
0.000000000,0,19,-9.7354,-1.5708,0.3,0
0.000000000,0,19,-9.7504,-1.5708,0.3,0
0.000000000,0,19,-9.7654,-1.5708,0.3,0
0.000000000,0,19,-9.7804,-1.5708,0.3,0
0.000000000,0,19,-9.7954,-1.5708,0.3,0
0.000000000,0,19,-9.8104,-1.5708,0.3,0
0.000000000,0,19,-9.8254,-1.5708,0.3,0
0.000000000,0,19,-9.8404,-1.5708,0.3,0
0.000000000,0,19,-9.8554,-1.5708,0.3,0
0.000000000,0,19,-9.8704,-1.5708,0.3,0
0.000000000,0,19,-9.8854,-1.5708,0.3,0
0.000000000,0,19,-9.9004,-1.5708,0.3,0
0.000000000,0,19,-9.9154,-1.5708,0.3,0
0.000000000,0,19,-9.9304,-1.5708,0.3,0
0.000000000,0,19,-9.9454,-1.5708,0.3,0
0.000000000,0,19,-9.9604,-1.5708,0.3,0
0.000000000,0,19,-9.9754,-1.5708,0.3,0
0.000000000,0,19,-9.9904,-1.5708,0.3,0
0.000000000,0,19,-10.0054,-1.5708,0.3,0
0.000000000,0,19,-10.0204,-1.5708,0.3,0
0.000000000,0,19,-10.0354,-1.5708,0.3,0
0.000000000,0,19,-10.0504,-1.5708,0.3,0
0.000000000,0,19,-10.0654,-1.5708,0.3,0
0.000000000,0,19,-10.0804,-1.5708,0.3,0
0.000000000,0,19,-10.0954,-1.5708,0.3,0
0.000000000,0,19,-10.1104,-1.5708,0.3,0
0.000000000,0,19,-10.1254,-1.5708,0.3,0
0.000000000,0,19,-10.1404,-1.5708,0.3,0
0.000000000,0,19,-10.1554,-1.5708,0.3,0
0.000000000,0,19,-10.1704,-1.5708,0.3,0
0.000000000,0,19,-10.1854,-1.5708,0.3,0
0.000000000,0,19,-10.2004,-1.5708,0.3,0
0.000000000,0,19,-10.2154,-1.5708,0.3,0
0.000000000,0,19,-10.2304,-1.5708,0.3,0
0.000000000,0,19,-10.2454,-1.5708,0.3,0
0.000000000,0,19,-10.2604,-1.5708,0.3,0
0.000000000,0,19,-10.2754,-1.5708,0.3,0
0.000000000,0,19,-10.2904,-1.5708,0.3,0
0.000000000,0,19,-10.3054,-1.5708,0.3,0
0.000000000,0,19,-10.3204,-1.5708,0.3,0
0.000000000,0,19,-10.3354,-1.5708,0.3,0
0.000000000,0,19,-10.3504,-1.5708,0.3,0
0.000000000,0,19,-10.3654,-1.5708,0.3,0
0.000000000,0,19,-10.3804,-1.5708,0.3,0
0.000000000,0,19,-10.3954,-1.5708,0.3,0
0.000000000,0,19,-10.4104,-1.5708,0.3,0
0.000000000,0,19,-10.4254,-1.5708,0.3,0
0.000000000,0,19,-10.4404,-1.5708,0.3,0
0.000000000,0,19,-10.4554,-1.5708,0.3,0
0.000000000,0,19,-10.4704,-1.5708,0.3,0
0.000000000,0,19,-10.4854,-1.5708,0.3,0
0.000000000,0,19,-10.5004,-1.5708,0.3,0
0.000000000,0,19,-10.5154,-1.5708,0.3,0
0.000000000,0,19,-10.5304,-1.5708,0.3,0
0.000000000,0,19,-10.5454,-1.5708,0.3,0
0.000000000,0,19,-10.5604,-1.5708,0.3,0
0.000000000,0,19,-10.5754,-1.5708,0.3,0
0.000000000,0,19,-10.5904,-1.5708,0.3,0
0.000000000,0,19,-10.6054,-1.5708,0.3,0
0.000000000,0,19,-10.6204,-1.5708,0.3,0
0.000000000,0,19,-10.6354,-1.5708,0.3,0
0.000000000,0,19,-10.6504,-1.5708,0.3,0
0.000000000,0,19,-10.6654,-1.5708,0.3,0
0.000000000,0,19,-10.6804,-1.5708,0.3,0
0.000000000,0,19,-10.6954,-1.5708,0.3,0
0.000000000,0,19,-10.7104,-1.5708,0.3,0
0.000000000,0,19,-10.7254,-1.5708,0.3,0
0.000000000,0,19,-10.7404,-1.5708,0.3,0
0.000000000,0,19,-10.7554,-1.5708,0.3,0
0.000000000,0,19,-10.7704,-1.5708,0.3,0
0.000000000,0,19,-10.7854,-1.5708,0.3,0
0.000000000,0,19,-10.8004,-1.5708,0.3,0
0.000000000,0,19,-10.8154,-1.5708,0.3,0
0.000000000,0,19,-10.8304,-1.5708,0.3,0
0.000000000,0,19,-10.8454,-1.5708,0.3,0
0.000000000,0,19,-10.8604,-1.5708,0.3,0
0.000000000,0,19,-10.8754,-1.5708,0.3,0
0.000000000,0,19,-10.8904,-1.5708,0.3,0
0.000000000,0,19,-10.9054,-1.5708,0.3,0
0.000000000,0,19,-10.9204,-1.5708,0.3,0
0.000000000,0,19,-10.9354,-1.5708,0.3,0
0.000000000,0,19,-10.9504,-1.5708,0.3,0
0.000000000,0,19,-10.9654,-1.5708,0.3,0
0.000000000,0,19,-10.9804,-1.5708,0.3,0
0.000000000,0,19,-10.9954,-1.5708,0.3,0
0.000000000,0,19,-11.0104,-1.5708,0.3,0
0.000000000,0,19,-11.0254,-1.5708,0.3,0
0.000000000,0,19,-11.0404,-1.5708,0.3,0
0.000000000,0,19,-11.0554,-1.5708,0.3,0
0.000000000,0,19,-11.0704,-1.5708,0.3,0
0.000000000,0,19,-11.0854,-1.5708,0.3,0
0.000000000,0,19,-11.1004,-1.5708,0.3,0
0.000000000,0,19,-11.1154,-1.5708,0.3,0
0.000000000,0,19,-11.1304,-1.5708,0.3,0
0.000000000,0,19,-11.1454,-1.5708,0.3,0
0.000000000,0,19,-11.1604,-1.5708,0.3,0
0.000000000,0,19,-11.1754,-1.5708,0.3,0
0.000000000,0,19,-11.1904,-1.5708,0.3,0
0.000000000,0,19,-11.2054,-1.5708,0.3,0
0.000000000,0,19,-11.2204,-1.5708,0.3,0
0.000000000,0,19,-11.2354,-1.5708,0.3,0
0.000000000,0,19,-11.2504,-1.5708,0.3,0
0.000000000,0,19,-11.2654,-1.5708,0.3,0
0.000000000,0,19,-11.2804,-1.5708,0.3,0
0.000000000,0,19,-11.2954,-1.5708,0.3,0
0.000000000,0,19,-11.3104,-1.5708,0.3,0
0.000000000,0,19,-11.3254,-1.5708,0.3,0
0.000000000,0,19,-11.3404,-1.5708,0.3,0
0.000000000,0,19,-11.3554,-1.5708,0.3,0
0.000000000,0,19,-11.3704,-1.5708,0.3,0
0.000000000,0,19,-11.3854,-1.5708,0.3,0
0.000000000,0,19,-11.4004,-1.5708,0.3,0
0.000000000,0,19,-11.4154,-1.5708,0.3,0
0.000000000,0,19,-11.4304,-1.5708,0.3,0
0.000000000,0,19,-11.4454,-1.5708,0.3,0
0.000000000,0,19,-11.4604,-1.5708,0.3,0
0.000000000,0,19,-11.4754,-1.5708,0.3,0
0.000000000,0,19,-11.4904,-1.5708,0.3,0
0.000000000,0,19,-11.5054,-1.5708,0.3,0
0.000000000,0,19,-11.5204,-1.5708,0.3,0
0.000000000,0,19,-11.5354,-1.5708,0.3,0
0.000000000,0,19,-11.5504,-1.5708,0.3,0
0.000000000,0,19,-11.5654,-1.5708,0.3,0
0.000000000,0,19,-11.5804,-1.5708,0.3,0
0.000000000,0,19,-11.5954,-1.5708,0.3,0
0.000000000,0,19,-11.6104,-1.5708,0.3,0
0.000000000,0,19,-11.6254,-1.5708,0.3,0
0.000000000,0,19,-11.6404,-1.5708,0.3,0
0.000000000,0,19,-11.6554,-1.5708,0.3,0
0.000000000,0,19,-11.6704,-1.5708,0.3,0
0.000000000,0,19,-11.6854,-1.5708,0.3,0
0.000000000,0,19,-11.7004,-1.5708,0.3,0
0.000000000,0,19,-11.7154,-1.5708,0.3,0
0.000000000,0,19,-11.7304,-1.5708,0.3,0
0.000000000,0,19,-11.7454,-1.5708,0.3,0
0.000000000,0,19,-11.7604,-1.5708,0.3,0
0.000000000,0,19,-11.7754,-1.5708,0.3,0
0.000000000,0,19,-11.7904,-1.5708,0.3,0
0.000000000,0,19,-11.8054,-1.5708,0.3,0
0.000000000,0,19,-11.8204,-1.5708,0.3,0
0.000000000,0,19,-11.8354,-1.5708,0.3,0
0.000000000,0,19,-11.8504,-1.5708,0.3,0
0.000000000,0,19,-11.8654,-1.5708,0.3,0
0.000000000,0,19,-11.8804,-1.5708,0.3,0
0.000000000,0,19,-11.8954,-1.5708,0.3,0
0.000000000,0,19,-11.9104,-1.5708,0.3,0
0.000000000,0,19,-11.9254,-1.5708,0.3,0
0.000000000,0,19,-11.9404,-1.5708,0.3,0
0.000000000,0,19,-11.9554,-1.5708,0.3,0
0.000000000,0,19,-11.9704,-1.5708,0.3,0
0.000000000,0,19,-11.9854,-1.5708,0.3,0
0.000000000,0,19,-12.0004,-1.5708,0.3,0
0.000000000,0,19,-12.0154,-1.5708,0.3,0
0.000000000,0,19,-12.0304,-1.5708,0.3,0
0.000000000,0,19,-12.0454,-1.5708,0.3,0
0.000000000,0,19,-12.0604,-1.5708,0.3,0
0.000000000,0,19,-12.0754,-1.5708,0.3,0
0.000000000,0,19,-12.0904,-1.5708,0.3,0
0.000000000,0,19,-12.1054,-1.5708,0.3,0
0.000000000,0,19,-12.1204,-1.5708,0.3,0
0.000000000,0,19,-12.1354,-1.5708,0.3,0
0.000000000,0,19,-12.1504,-1.5708,0.3,0
0.000000000,0,19,-12.1654,-1.5708,0.3,0
0.000000000,0,19,-12.1804,-1.5708,0.3,0
0.000000000,0,19,-12.1954,-1.5708,0.3,0
0.000000000,0,19,-12.2104,-1.5708,0.3,0
0.000000000,0,19,-12.2254,-1.5708,0.3,0
0.000000000,0,19,-12.2404,-1.5708,0.3,0
0.000000000,0,19,-12.2554,-1.5708,0.3,0
0.000000000,0,19,-12.2704,-1.5708,0.3,0
0.000000000,0,19,-12.2854,-1.5708,0.3,0
0.000000000,0,19,-12.3004,-1.5708,0.3,0
0.000000000,0,19,-12.3154,-1.5708,0.3,0
0.000000000,0,19,-12.3304,-1.5708,0.3,0
0.000000000,0,19,-12.3454,-1.5708,0.3,0
0.000000000,0,19,-12.3604,-1.5708,0.3,0
0.000000000,0,19,-12.3754,-1.5708,0.3,0
0.000000000,0,19,-12.3904,-1.5708,0.3,0
0.000000000,0,19,-12.4054,-1.5708,0.3,0
0.000000000,0,19,-12.4204,-1.5708,0.3,0
0.000000000,0,19,-12.4354,-1.5708,0.3,0
0.000000000,0,19,-12.4504,-1.5708,0.3,0
0.000000000,0,19,-12.4654,-1.5708,0.3,0
0.000000000,0,19,-12.4804,-1.5708,0.3,0
0.000000000,0,19,-12.4954,-1.5708,0.3,0
0.000000000,0,19,-12.5104,-1.5708,0.3,0
0.000000000,0,19,-12.5254,-1.5708,0.3,0
0.000000000,0,19,-12.5404,-1.5708,0.3,0
0.000000000,0,19,-12.5554,-1.5708,0.3,0
0.000000000,0,19,-12.5704,-1.5708,0.3,0
0.000000000,0,19,-12.5854,-1.5708,0.3,0
0.000000000,0,19,-12.6004,-1.5708,0.3,0
0.000000000,0,19,-12.6154,-1.5708,0.3,0
0.000000000,0,19,-12.6304,-1.5708,0.3,0
0.000000000,0,19,-12.6454,-1.5708,0.3,0
0.000000000,0,19,-12.6604,-1.5708,0.3,0
0.000000000,0,19,-12.6754,-1.5708,0.3,0
0.000000000,0,19,-12.6904,-1.5708,0.3,0
0.000000000,0,19,-12.7054,-1.5708,0.3,0
0.000000000,0,19,-12.7204,-1.5708,0.3,0
0.000000000,0,19,-12.7354,-1.5708,0.3,0
0.000000000,0,19,-12.7504,-1.5708,0.3,0
0.000000000,0,19,-12.7654,-1.5708,0.3,0
0.000000000,0,19,-12.7804,-1.5708,0.3,0
0.000000000,0,19,-12.7954,-1.5708,0.3,0
0.000000000,0,19,-12.8104,-1.5708,0.3,0
0.000000000,0,19,-12.8254,-1.5708,0.3,0
0.000000000,0,19,-12.8404,-1.5708,0.3,0
0.000000000,0,19,-12.8554,-1.5708,0.3,0
0.000000000,0,19,-12.8704,-1.5708,0.3,0
0.000000000,0,19,-12.8854,-1.5708,0.3,0
0.000000000,0,19,-12.9004,-1.5708,0.3,0
0.000000000,0,19,-12.9154,-1.5708,0.3,0
0.000000000,0,19,-12.9304,-1.5708,0.3,0
0.000000000,0,19,-12.9454,-1.5708,0.3,0
0.000000000,0,19,-12.9604,-1.5708,0.3,0
0.000000000,0,19,-12.9754,-1.5708,0.3,0
0.000000000,0,19,-12.9904,-1.5708,0.3,0
0.000000000,0,19,-13.0054,-1.5708,0.3,0
0.000000000,0,19,-13.0204,-1.5708,0.3,0
0.000000000,0,19,-13.0354,-1.5708,0.3,0
0.000000000,0,19,-13.0504,-1.5708,0.3,0
0.000000000,0,19,-13.0654,-1.5708,0.3,0
0.000000000,0,19,-13.0804,-1.5708,0.3,0
0.000000000,0,19,-13.0954,-1.5708,0.3,0
0.000000000,0,19,-13.1104,-1.5708,0.3,0
0.000000000,0,19,-13.1254,-1.5708,0.3,0
0.000000000,0,19,-13.1404,-1.5708,0.3,0
0.000000000,0,19,-13.1554,-1.5708,0.3,0
0.000000000,0,19,-13.1704,-1.5708,0.3,0
0.000000000,0,19,-13.1854,-1.5708,0.3,0
0.000000000,0,19,-13.2004,-1.5708,0.3,0
0.000000000,0,19,-13.2154,-1.5708,0.3,0
0.000000000,0,19,-13.2304,-1.5708,0.3,0
0.000000000,0,19,-13.2454,-1.5708,0.3,0
0.000000000,0,19,-13.2604,-1.5708,0.3,0
0.000000000,0,19,-13.2754,-1.5708,0.3,0
0.000000000,0,19,-13.2904,-1.5708,0.3,0
0.000000000,0,19,-13.3054,-1.5708,0.3,0
0.000000000,0,19,-13.3204,-1.5708,0.3,0
0.000000000,0,19,-13.3354,-1.5708,0.3,0
0.000000000,0,19,-13.3504,-1.5708,0.3,0
0.000000000,0,19,-13.3654,-1.5708,0.3,0
0.000000000,0,19,-13.3804,-1.5708,0.3,0
0.000000000,0,19,-13.3954,-1.5708,0.3,0
0.000000000,0,19,-13.4104,-1.5708,0.3,0
0.000000000,0,19,-13.4254,-1.5708,0.3,0
0.000000000,0,19,-13.4404,-1.5708,0.3,0
0.000000000,0,19,-13.4554,-1.5708,0.3,0
0.000000000,0,19,-13.4704,-1.5708,0.3,0
0.000000000,0,19,-13.4854,-1.5708,0.3,0
0.000000000,0,19,-13.5004,-1.5708,0.3,0
0.000000000,0,19,-13.5154,-1.5708,0.3,0
0.000000000,0,19,-13.5304,-1.5708,0.3,0
0.000000000,0,19,-13.5454,-1.5708,0.3,0
0.000000000,0,19,-13.5604,-1.5708,0.3,0
0.000000000,0,19,-13.5754,-1.5708,0.3,0
0.000000000,0,19,-13.5904,-1.5708,0.3,0
0.000000000,0,19,-13.6054,-1.5708,0.3,0
0.000000000,0,19,-13.6204,-1.5708,0.3,0
0.000000000,0,19,-13.6354,-1.5708,0.3,0
0.000000000,0,19,-13.6504,-1.5708,0.3,0
0.000000000,0,19,-13.6654,-1.5708,0.3,0
0.000000000,0,19,-13.6804,-1.5708,0.3,0
0.000000000,0,19,-13.6954,-1.5708,0.3,0
0.000000000,0,19,-13.7104,-1.5708,0.3,0
0.000000000,0,19,-13.7254,-1.5708,0.3,0
0.000000000,0,19,-13.7404,-1.5708,0.3,0
0.000000000,0,19,-13.7554,-1.5708,0.3,0
0.000000000,0,19,-13.7704,-1.5708,0.3,0
0.000000000,0,19,-13.7854,-1.5708,0.3,0
0.000000000,0,19,-13.8004,-1.5708,0.3,0
0.000000000,0,19,-13.8154,-1.5708,0.3,0
0.000000000,0,19,-13.8304,-1.5708,0.3,0
0.000000000,0,19,-13.8454,-1.5708,0.3,0
0.000000000,0,19,-13.8604,-1.5708,0.3,0
0.000000000,0,19,-13.8754,-1.5708,0.3,0
0.000000000,0,19,-13.8904,-1.5708,0.3,0
0.000000000,0,19,-13.9054,-1.5708,0.3,0
0.000000000,0,19,-13.9204,-1.5708,0.3,0
0.000000000,0,19,-13.9354,-1.5708,0.3,0
0.000000000,0,19,-13.9504,-1.5708,0.3,0
0.000000000,0,19,-13.9654,-1.5708,0.3,0
0.000000000,0,19,-13.9804,-1.5708,0.3,0
0.000000000,0,19,-13.9954,-1.5708,0.3,0
0.000000000,0,19,-14.0104,-1.5708,0.3,0
0.000000000,0,19,-14.0254,-1.5708,0.3,0
0.000000000,0,19,-14.0404,-1.5708,0.3,0
0.000000000,0,19,-14.0554,-1.5708,0.3,0
0.000000000,0,19,-14.0704,-1.5708,0.3,0
0.000000000,0,19,-14.0854,-1.5708,0.3,0
0.000000000,0,19,-14.1004,-1.5708,0.3,0
0.000000000,0,19,-14.1154,-1.5708,0.3,0
0.000000000,0,19,-14.1304,-1.5708,0.3,0
0.000000000,0,19,-14.1454,-1.5708,0.3,0
0.000000000,0,19,-14.1604,-1.5708,0.3,0
0.000000000,0,19,-14.1754,-1.5708,0.3,0
0.000000000,0,19,-14.1904,-1.5708,0.3,0
0.000000000,0,19,-14.2054,-1.5708,0.3,0
0.000000000,0,19,-14.2204,-1.5708,0.3,0
0.000000000,0,19,-14.2354,-1.5708,0.3,0
0.000000000,0,19,-14.2504,-1.5708,0.3,0
0.000000000,0,19,-14.2654,-1.5708,0.3,0
0.000000000,0,19,-14.2804,-1.5708,0.3,0
0.000000000,0,19,-14.2954,-1.5708,0.3,0
0.000000000,0,19,-14.3104,-1.5708,0.3,0
0.000000000,0,19,-14.3254,-1.5708,0.3,0
0.000000000,0,19,-14.3404,-1.5708,0.3,0
0.000000000,0,19,-14.3554,-1.5708,0.3,0
0.000000000,0,19,-14.3704,-1.5708,0.3,0
0.000000000,0,19,-14.3854,-1.5708,0.3,0
0.000000000,0,19,-14.4004,-1.5708,0.3,0
0.000000000,0,19,-14.4154,-1.5708,0.3,0
0.000000000,0,19,-14.4304,-1.5708,0.3,0
0.000000000,0,19,-14.4454,-1.5708,0.3,0
0.000000000,0,19,-14.4604,-1.5708,0.3,0
0.000000000,0,19,-14.4754,-1.5708,0.3,0
0.000000000,0,19,-14.4904,-1.5708,0.3,0
0.000000000,0,19,-14.5054,-1.5708,0.3,0
0.000000000,0,19,-14.5204,-1.5708,0.3,0
0.000000000,0,19,-14.5354,-1.5708,0.3,0
0.000000000,0,19,-14.5504,-1.5708,0.3,0
0.000000000,0,19,-14.5654,-1.5708,0.3,0
0.000000000,0,19,-14.5804,-1.5708,0.3,0
0.000000000,0,19,-14.5954,-1.5708,0.3,0
0.000000000,0,19,-14.6104,-1.5708,0.3,0
0.000000000,0,19,-14.6254,-1.5708,0.3,0
0.000000000,0,19,-14.6404,-1.5708,0.3,0
0.000000000,0,19,-14.6554,-1.5708,0.3,0
0.000000000,0,19,-14.6704,-1.5708,0.3,0
0.000000000,0,19,-14.6854,-1.5708,0.3,0
0.000000000,0,19,-14.7004,-1.5708,0.3,0
0.000000000,0,19,-14.7154,-1.5708,0.3,0
0.000000000,0,19,-14.7304,-1.5708,0.3,0
0.000000000,0,19,-14.7454,-1.5708,0.3,0
0.000000000,0,19,-14.7604,-1.5708,0.3,0
0.000000000,0,19,-14.7754,-1.5708,0.3,0
0.000000000,0,19,-14.7904,-1.5708,0.3,0
0.000000000,0,19,-14.8054,-1.5708,0.3,0
0.000000000,0,19,-14.8204,-1.5708,0.3,0
0.000000000,0,19,-14.8354,-1.5708,0.3,0
0.000000000,0,19,-14.8504,-1.5708,0.3,0
0.000000000,0,19,-14.8654,-1.5708,0.3,0
0.000000000,0,19,-14.8804,-1.5708,0.3,0
0.000000000,0,19,-14.8954,-1.5708,0.3,0
0.000000000,0,19,-14.9104,-1.5708,0.3,0
0.000000000,0,19,-14.9254,-1.5708,0.3,0
0.000000000,0,19,-14.9404,-1.5708,0.3,0
0.000000000,0,19,-14.9554,-1.5708,0.3,0
0.000000000,0,19,-14.9704,-1.5708,0.3,0
0.000000000,0,19,-14.9854,-1.5708,0.3,0
0.000000000,0,19,-15.0004,-1.5708,0.3,0
0.000000000,0,19,-15.0154,-1.5708,0.3,0
0.000000000,0,19,-15.0304,-1.5708,0.3,0
0.000000000,0,19,-15.0454,-1.5708,0.3,0
0.000000000,0,19,-15.0604,-1.5708,0.3,0
0.000000000,0,19,-15.0754,-1.5708,0.3,0
0.000000000,0,19,-15.0904,-1.5708,0.3,0
0.000000000,0,19,-15.1054,-1.5708,0.3,0
0.000000000,0,19,-15.1204,-1.5708,0.3,0
0.000000000,0,19,-15.1354,-1.5708,0.3,0
0.000000000,0,19,-15.1504,-1.5708,0.3,0
0.000000000,0,19,-15.1654,-1.5708,0.3,0
0.000000000,0,19,-15.1804,-1.5708,0.3,0
0.000000000,0,19,-15.1954,-1.5708,0.3,0
0.000000000,0,19,-15.2104,-1.5708,0.3,0
0.000000000,0,19,-15.2254,-1.5708,0.3,0
0.000000000,0,19,-15.2404,-1.5708,0.3,0
0.000000000,0,19,-15.2554,-1.5708,0.3,0
0.000000000,0,19,-15.2704,-1.5708,0.3,0
0.000000000,0,19,-15.2854,-1.5708,0.3,0
0.000000000,0,19,-15.3004,-1.5708,0.3,0
0.000000000,0,19,-15.3154,-1.5708,0.3,0
0.000000000,0,19,-15.3304,-1.5708,0.3,0
0.000000000,0,19,-15.3454,-1.5708,0.3,0
0.000000000,0,19,-15.3604,-1.5708,0.3,0
0.000000000,0,19,-15.3754,-1.5708,0.3,0
0.000000000,0,19,-15.3904,-1.5708,0.3,0
0.000000000,0,19,-15.4054,-1.5708,0.3,0
0.000000000,0,19,-15.4204,-1.5708,0.3,0
0.000000000,0,19,-15.4354,-1.5708,0.3,0
0.000000000,0,19,-15.4504,-1.5708,0.3,0
0.000000000,0,19,-15.4654,-1.5708,0.3,0
0.000000000,0,19,-15.4804,-1.5708,0.3,0
0.000000000,0,19,-15.4954,-1.5708,0.3,0
0.000000000,0,19,-15.5104,-1.5708,0.3,0
0.000000000,0,19,-15.5254,-1.5708,0.3,0
0.000000000,0,19,-15.5404,-1.5708,0.3,0
0.000000000,0,19,-15.5554,-1.5708,0.3,0
0.000000000,0,19,-15.5704,-1.5708,0.3,0
0.000000000,0,19,-15.5854,-1.5708,0.3,0
0.000000000,0,19,-15.6004,-1.5708,0.3,0
0.000000000,0,19,-15.6154,-1.5708,0.3,0
0.000000000,0,19,-15.6304,-1.5708,0.3,0
0.000000000,0,19,-15.6454,-1.5708,0.3,0
0.000000000,0,19,-15.6604,-1.5708,0.3,0
0.000000000,0,19,-15.6754,-1.5708,0.3,0
0.000000000,0,19,-15.6904,-1.5708,0.3,0
0.000000000,0,19,-15.7054,-1.5708,0.3,0
0.000000000,0,19,-15.7204,-1.5708,0.3,0
0.000000000,0,19,-15.7354,-1.5708,0.3,0
0.000000000,0,19,-15.7504,-1.5708,0.3,0
0.000000000,0,19,-15.7654,-1.5708,0.3,0
0.000000000,0,19,-15.7804,-1.5708,0.3,0
0.000000000,0,19,-15.7954,-1.5708,0.3,0
0.000000000,0,19,-15.8104,-1.5708,0.3,0
0.000000000,0,19,-15.8254,-1.5708,0.3,0
0.000000000,0,19,-15.8404,-1.5708,0.3,0
0.000000000,0,19,-15.8554,-1.5708,0.3,0
0.000000000,0,19,-15.8704,-1.5708,0.3,0
0.000000000,0,19,-15.8854,-1.5708,0.3,0
0.000000000,0,19,-15.9004,-1.5708,0.3,0
0.000000000,0,19,-15.9154,-1.5708,0.3,0
0.000000000,0,19,-15.9304,-1.5708,0.3,0
0.000000000,0,19,-15.9454,-1.5708,0.3,0
0.000000000,0,19,-15.9604,-1.5708,0.3,0
0.000000000,0,19,-15.9754,-1.5708,0.3,0
0.000000000,0,19,-15.9904,-1.5708,0.3,0
0.000000000,0,19,-16.0054,-1.5708,0.3,0
0.000000000,0,19,-16.0204,-1.5708,0.3,0
0.000000000,0,19,-16.0354,-1.5708,0.3,0
0.000000000,0,19,-16.0504,-1.5708,0.3,0
0.000000000,0,19,-16.0654,-1.5708,0.3,0
0.000000000,0,19,-16.0804,-1.5708,0.3,0
0.000000000,0,19,-16.0954,-1.5708,0.3,0
0.000000000,0,19,-16.1104,-1.5708,0.3,0
0.000000000,0,19,-16.1254,-1.5708,0.3,0
0.000000000,0,19,-16.1404,-1.5708,0.3,0
0.000000000,0,19,-16.1554,-1.5708,0.3,0
0.000000000,0,19,-16.1704,-1.5708,0.3,0
0.000000000,0,19,-16.1854,-1.5708,0.3,0
0.000000000,0,19,-16.2004,-1.5708,0.3,0
0.000000000,0,19,-16.2154,-1.5708,0.3,0
0.000000000,0,19,-16.2304,-1.5708,0.3,0
0.000000000,0,19,-16.2454,-1.5708,0.3,0
0.000000000,0,19,-16.2604,-1.5708,0.3,0
0.000000000,0,19,-16.2754,-1.5708,0.3,0
0.000000000,0,19,-16.2904,-1.5708,0.3,0
0.000000000,0,19,-16.3054,-1.5708,0.3,0
0.000000000,0,19,-16.3204,-1.5708,0.3,0
0.000000000,0,19,-16.3354,-1.5708,0.3,0
0.000000000,0,19,-16.3504,-1.5708,0.3,0
0.000000000,0,19,-16.3654,-1.5708,0.3,0
0.000000000,0,19,-16.3804,-1.5708,0.3,0
0.000000000,0,19,-16.3954,-1.5708,0.3,0
0.000000000,0,19,-16.4104,-1.5708,0.3,0
0.000000000,0,19,-16.4254,-1.5708,0.3,0
0.000000000,0,19,-16.4404,-1.5708,0.3,0
0.000000000,0,19,-16.4554,-1.5708,0.3,0
0.000000000,0,19,-16.4704,-1.5708,0.3,0
0.000000000,0,19,-16.4854,-1.5708,0.3,0
0.000000000,0,19,-16.5004,-1.5708,0.3,0
0.000000000,0,19,-16.5154,-1.5708,0.3,0
0.000000000,0,19,-16.5304,-1.5708,0.3,0
0.000000000,0,19,-16.5454,-1.5708,0.3,0
0.000000000,0,19,-16.5604,-1.5708,0.3,0
0.000000000,0,19,-16.5754,-1.5708,0.3,0
0.000000000,0,19,-16.5904,-1.5708,0.3,0
0.000000000,0,19,-16.6054,-1.5708,0.3,0
0.000000000,0,19,-16.6204,-1.5708,0.3,0
0.000000000,0,19,-16.6354,-1.5708,0.3,0
0.000000000,0,19,-16.6504,-1.5708,0.3,0
0.000000000,0,19,-16.6654,-1.5708,0.3,0
0.000000000,0,19,-16.6804,-1.5708,0.3,0
0.000000000,0,19,-16.6954,-1.5708,0.3,0
0.000000000,0,19,-16.7104,-1.5708,0.3,0
0.000000000,0,19,-16.7254,-1.5708,0.3,0
0.000000000,0,19,-16.7404,-1.5708,0.3,0
0.000000000,0,19,-16.7554,-1.5708,0.3,0
0.000000000,0,19,-16.7704,-1.5708,0.3,0
0.000000000,0,19,-16.7854,-1.5708,0.3,0
0.000000000,0,19,-16.8004,-1.5708,0.3,0
0.000000000,0,19,-16.8154,-1.5708,0.3,0
0.000000000,0,19,-16.8304,-1.5708,0.3,0
0.000000000,0,19,-16.8454,-1.5708,0.3,0
0.000000000,0,19,-16.8604,-1.5708,0.3,0
0.000000000,0,19,-16.8754,-1.5708,0.3,0
0.000000000,0,19,-16.8904,-1.5708,0.3,0
0.000000000,0,19,-16.9054,-1.5708,0.3,0
0.000000000,0,19,-16.9204,-1.5708,0.3,0
0.000000000,0,19,-16.9354,-1.5708,0.3,0
0.000000000,0,19,-16.9504,-1.5708,0.3,0
0.000000000,0,19,-16.9654,-1.5708,0.3,0
0.000000000,0,19,-16.9804,-1.5708,0.3,0
0.000000000,0,19,-16.9954,-1.5708,0.3,0
0.000000000,0,19,-17.0104,-1.5708,0.3,0
0.000000000,0,19,-17.0254,-1.5708,0.3,0
0.000000000,0,19,-17.0404,-1.5708,0.3,0
0.000000000,0,19,-17.0554,-1.5708,0.3,0
0.000000000,0,19,-17.0704,-1.5708,0.3,0
0.000000000,0,19,-17.0854,-1.5708,0.3,0
0.000000000,0,19,-17.1004,-1.5708,0.3,0
0.000000000,0,19,-17.1154,-1.5708,0.3,0
0.000000000,0,19,-17.1304,-1.5708,0.3,0
0.000000000,0,19,-17.1454,-1.5708,0.3,0
0.000000000,0,19,-17.1604,-1.5708,0.3,0
0.000000000,0,19,-17.1754,-1.5708,0.3,0
0.000000000,0,19,-17.1904,-1.5708,0.3,0
0.000000000,0,19,-17.2054,-1.5708,0.3,0
0.000000000,0,19,-17.2204,-1.5708,0.3,0
0.000000000,0,19,-17.2354,-1.5708,0.3,0
0.000000000,0,19,-17.2504,-1.5708,0.3,0
0.000000000,0,19,-17.2654,-1.5708,0.3,0
0.000000000,0,19,-17.2804,-1.5708,0.3,0
0.000000000,0,19,-17.2954,-1.5708,0.3,0
0.000000000,0,19,-17.3104,-1.5708,0.3,0
0.000000000,0,19,-17.3254,-1.5708,0.3,0
0.000000000,0,19,-17.3404,-1.5708,0.3,0
0.000000000,0,19,-17.3554,-1.5708,0.3,0
0.000000000,0,19,-17.3704,-1.5708,0.3,0
0.000000000,0,19,-17.3854,-1.5708,0.3,0
0.000000000,0,19,-17.4004,-1.5708,0.3,0
0.000000000,0,19,-17.4154,-1.5708,0.3,0
0.000000000,0,19,-17.4304,-1.5708,0.3,0
0.000000000,0,19,-17.4454,-1.5708,0.3,0
0.000000000,0,19,-17.4604,-1.5708,0.3,0
0.000000000,0,19,-17.4754,-1.5708,0.3,0
0.000000000,0,19,-17.4904,-1.5708,0.3,0
0.000000000,0,19,-17.5054,-1.5708,0.3,0
0.000000000,0,19,-17.5204,-1.5708,0.3,0
0.000000000,0,19,-17.5354,-1.5708,0.3,0
0.000000000,0,19,-17.5504,-1.5708,0.3,0
0.000000000,0,19,-17.5654,-1.5708,0.3,0
0.000000000,0,19,-17.5804,-1.5708,0.3,0
0.000000000,0,19,-17.5954,-1.5708,0.3,0
0.000000000,0,19,-17.6104,-1.5708,0.3,0
0.000000000,0,19,-17.6254,-1.5708,0.3,0
0.000000000,0,19,-17.6404,-1.5708,0.3,0
0.000000000,0,19,-17.6554,-1.5708,0.3,0
0.000000000,0,19,-17.6704,-1.5708,0.3,0
0.000000000,0,19,-17.6854,-1.5708,0.3,0
0.000000000,0,19,-17.7004,-1.5708,0.3,0
0.000000000,0,19,-17.7154,-1.5708,0.3,0
0.000000000,0,19,-17.7304,-1.5708,0.3,0
0.000000000,0,19,-17.7454,-1.5708,0.3,0
0.000000000,0,19,-17.7604,-1.5708,0.3,0
0.000000000,0,19,-17.7754,-1.5708,0.3,0
0.000000000,0,19,-17.7904,-1.5708,0.3,0
0.000000000,0,19,-17.8054,-1.5708,0.3,0
0.000000000,0,19,-17.8204,-1.5708,0.3,0
0.000000000,0,19,-17.8354,-1.5708,0.3,0
0.000000000,0,19,-17.8504,-1.5708,0.3,0
0.000000000,0,19,-17.8654,-1.5708,0.3,0
0.000000000,0,19,-17.8804,-1.5708,0.3,0
0.000000000,0,19,-17.8954,-1.5708,0.3,0
0.000000000,0,19,-17.9104,-1.5708,0.3,0
0.000000000,0,19,-17.9254,-1.5708,0.3,0
0.000000000,0,19,-17.9404,-1.5708,0.3,0
0.000000000,0,19,-17.9554,-1.5708,0.3,0
0.000000000,0,19,-17.9704,-1.5708,0.3,0
0.000000000,0,19,-17.9854,-1.5708,0.3,0
0.000000000,0,19,-18.0004,-1.5708,0.3,0
0.000000000,0,19,-18.0154,-1.5708,0.3,0
0.000000000,0,19,-18.0304,-1.5708,0.3,0
0.000000000,0,19,-18.0454,-1.5708,0.3,0
0.000000000,0,19,-18.0604,-1.5708,0.3,0
0.000000000,0,19,-18.0754,-1.5708,0.3,0
0.000000000,0,19,-18.0904,-1.5708,0.3,0
0.000000000,0,19,-18.1054,-1.5708,0.3,0
0.000000000,0,19,-18.1204,-1.5708,0.3,0
0.000000000,0,19,-18.1354,-1.5708,0.3,0
0.000000000,0,19,-18.1504,-1.5708,0.3,0
0.000000000,0,19,-18.1654,-1.5708,0.3,0
0.000000000,0,19,-18.1804,-1.5708,0.3,0
0.000000000,0,19,-18.1954,-1.5708,0.3,0
0.000000000,0,19,-18.2104,-1.5708,0.3,0
0.000000000,0,19,-18.2254,-1.5708,0.3,0
0.000000000,0,19,-18.2404,-1.5708,0.3,0
0.000000000,0,19,-18.2554,-1.5708,0.3,0
0.000000000,0,19,-18.2704,-1.5708,0.3,0
0.000000000,0,19,-18.2854,-1.5708,0.3,0
0.000000000,0,19,-18.3004,-1.5708,0.3,0
0.000000000,0,19,-18.3154,-1.5708,0.3,0
0.000000000,0,19,-18.3304,-1.5708,0.3,0
0.000000000,0,19,-18.3454,-1.5708,0.3,0
0.000000000,0,19,-18.3604,-1.5708,0.3,0
0.000000000,0,19,-18.3754,-1.5708,0.3,0
0.000000000,0,19,-18.3904,-1.5708,0.3,0
0.000000000,0,19,-18.4054,-1.5708,0.3,0
0.000000000,0,19,-18.4204,-1.5708,0.3,0
0.000000000,0,19,-18.4354,-1.5708,0.3,0
0.000000000,0,19,-18.4504,-1.5708,0.3,0
0.000000000,0,19,-18.4654,-1.5708,0.3,0
0.000000000,0,19,-18.4804,-1.5708,0.3,0
0.000000000,0,19,-18.4954,-1.5708,0.3,0
0.000000000,0,19,-18.5104,-1.5708,0.3,0
0.000000000,0,19,-18.5254,-1.5708,0.3,0
0.000000000,0,19,-18.5404,-1.5708,0.3,0
0.000000000,0,19,-18.5554,-1.5708,0.3,0
0.000000000,0,19,-18.5704,-1.5708,0.3,0
0.000000000,0,19,-18.5854,-1.5708,0.3,0
0.000000000,0,19,-18.6004,-1.5708,0.3,0
0.000000000,0,19,-18.6154,-1.5708,0.3,0
0.000000000,0,19,-18.6304,-1.5708,0.3,0
0.000000000,0,19,-18.6454,-1.5708,0.3,0
0.000000000,0,19,-18.6604,-1.5708,0.3,0
0.000000000,0,19,-18.6754,-1.5708,0.3,0
0.000000000,0,19,-18.6904,-1.5708,0.3,0
0.000000000,0,19,-18.7054,-1.5708,0.3,0
0.000000000,0,19,-18.7204,-1.5708,0.3,0
0.000000000,0,19,-18.7354,-1.5708,0.3,0
0.000000000,0,19,-18.7504,-1.5708,0.3,0
0.000000000,0,19,-18.7654,-1.5708,0.3,0
0.000000000,0,19,-18.7804,-1.5708,0.3,0
0.000000000,0,19,-18.7954,-1.5708,0.3,0
0.000000000,0,19,-18.8104,-1.5708,0.3,0
0.000000000,0,19,-18.8254,-1.5708,0.3,0
0.000000000,0,19,-18.8404,-1.5708,0.3,0
0.000000000,0,19,-18.8554,-1.5708,0.3,0
0.000000000,0,19,-18.8704,-1.5708,0.3,0
0.000000000,0,19,-18.8854,-1.5708,0.3,0
0.000000000,0,19,-18.9004,-1.5708,0.3,0
0.000000000,0,19,-18.9154,-1.5708,0.3,0
0.000000000,0,19,-18.9304,-1.5708,0.3,0
0.000000000,0,19,-18.9454,-1.5708,0.3,0
0.000000000,0,19,-18.9604,-1.5708,0.3,0
0.000000000,0,19,-18.9754,-1.5708,0.3,0
0.000000000,0,19,-18.9904,-1.5708,0.3,0
0.000000000,0,19,-19.0054,-1.5708,0.3,0
0.000000000,0,19,-19.0204,-1.5708,0.3,0
0.000000000,0,19,-19.0354,-1.5708,0.3,0
0.000000000,0,19,-19.0504,-1.5708,0.3,0
0.000000000,0,19,-19.0654,-1.5708,0.3,0
0.000000000,0,19,-19.0804,-1.5708,0.3,0
0.000000000,0,19,-19.0954,-1.5708,0.3,0
0.000000000,0,19,-19.1104,-1.5708,0.3,0
0.000000000,0,19,-19.1254,-1.5708,0.3,0
0.000000000,0,19,-19.1404,-1.5708,0.3,0
0.000000000,0,19,-19.1554,-1.5708,0.3,0
0.000000000,0,19,-19.1704,-1.5708,0.3,0
0.000000000,0,19,-19.1854,-1.5708,0.3,0
0.000000000,0,19,-19.2004,-1.5708,0.3,0
0.000000000,0,19,-19.2154,-1.5708,0.3,0
0.000000000,0,19,-19.2304,-1.5708,0.3,0
0.000000000,0,19,-19.2454,-1.5708,0.3,0
0.000000000,0,19,-19.2604,-1.5708,0.3,0
0.000000000,0,19,-19.2754,-1.5708,0.3,0
0.000000000,0,19,-19.2904,-1.5708,0.3,0
0.000000000,0,19,-19.3054,-1.5708,0.3,0
0.000000000,0,19,-19.3204,-1.5708,0.3,0
0.000000000,0,19,-19.3354,-1.5708,0.3,0
0.000000000,0,19,-19.3504,-1.5708,0.3,0
0.000000000,0,19,-19.3654,-1.5708,0.3,0
0.000000000,0,19,-19.3804,-1.5708,0.3,0
0.000000000,0,19,-19.3954,-1.5708,0.3,0
0.000000000,0,19,-19.4104,-1.5708,0.3,0
0.000000000,0,19,-19.4254,-1.5708,0.3,0
0.000000000,0,19,-19.4404,-1.5708,0.3,0
0.000000000,0,19,-19.4554,-1.5708,0.3,0
0.000000000,0,19,-19.4704,-1.5708,0.3,0
0.000000000,0,19,-19.4854,-1.5708,0.3,0
0.000000000,0,19,-19.5004,-1.5708,0.3,0
0.000000000,0,19,-19.5154,-1.5708,0.3,0
0.000000000,0,19,-19.5304,-1.5708,0.3,0
0.000000000,0,19,-19.5454,-1.5708,0.3,0
0.000000000,0,19,-19.5604,-1.5708,0.3,0
0.000000000,0,19,-19.5754,-1.5708,0.3,0
0.000000000,0,19,-19.5904,-1.5708,0.3,0
0.000000000,0,19,-19.6054,-1.5708,0.3,0
0.000000000,0,19,-19.6204,-1.5708,0.3,0
0.000000000,0,19,-19.6354,-1.5708,0.3,0
0.000000000,0,19,-19.6504,-1.5708,0.3,0
0.000000000,0,19,-19.6654,-1.5708,0.3,0
0.000000000,0,19,-19.6804,-1.5708,0.3,0
0.000000000,0,19,-19.6954,-1.5708,0.3,0
0.000000000,0,19,-19.7104,-1.5708,0.3,0
0.000000000,0,19,-19.7254,-1.5708,0.3,0
0.000000000,0,19,-19.7404,-1.5708,0.3,0
0.000000000,0,19,-19.7554,-1.5708,0.3,0
0.000000000,0,19,-19.7704,-1.5708,0.3,0
0.000000000,0,19,-19.7854,-1.5708,0.3,0
0.000000000,0,19,-19.8004,-1.5708,0.3,0
0.000000000,0,19,-19.8154,-1.5708,0.3,0
0.000000000,0,19,-19.8304,-1.5708,0.3,0
0.000000000,0,19,-19.8454,-1.5708,0.3,0
0.000000000,0,19,-19.8604,-1.5708,0.3,0
0.000000000,0,19,-19.8754,-1.5708,0.299674,0
0.000000000,0,19,-19.8903,-1.5708,0.296092,0
0.000000000,0,19,-19.9049,-1.5708,0.28856,0
0.000000000,0,19,-19.9191,-1.5708,0.277075,0
0.000000000,0,19,-19.9326,-1.5708,0.26164,0
0.000000000,0,19,-19.9452,-1.5708,0.242252,0
0.000000000,0,19,-19.9567,-1.5708,0.218914,0
0.000000000,0,19,-19.967,-1.5708,0.191624,0
0.000000000,0,19,-19.9758,-1.5708,0.160382,0
0.000000000,0,19,-19.983,-1.5708,0.127087,0
0.000000000,0,19,-19.9886,-1.5708,0.0973714,0
0.000000000,0,19,-19.9928,-1.5708,0.071607,0
0.000000000,0,19,-19.9958,-1.5708,0.049794,0
0.000000000,0,19,-19.9979,-1.5708,0.0319325,0
0.000000000,0,19,-19.9991,-1.5708,0.0180224,0
0.000000000,0,19,-19.9997,-1.5708,0.00806374,0
0.000000000,0,19,-20,-1.5708,0.00205655,0
0.000000000,0,19,-20,-1.5708,8.10129e-07,0
