x(m), y(m), heading(rad)  
0.000000, 0.000000, 0.000000 
0.000000, 0.000000, 0.000000 
0.000000, 0.000000, 0.000000 
0.000000, 0.000000, 0.000000 
0.000000, 0.000000, 0.000000 
0.000000, 0.000000, 0.000000 
0.000000, 0.000000, 0.000000 
0.000000, 0.000000, 0.000000 
0.000000, 0.000000, 0.000000 
0.000000, 0.000000, 0.000000 
0.000000, 0.000000, 0.000000 
0.000000, 0.000000, 0.000000 
0.000000, 0.000000, 0.000000 
0.000000, 0.000000, 0.000000 
0.000000, 0.000000, 0.000000 
0.000000, 0.000000, 0.000000 
0.000000, 0.000000, 0.000000 
0.000000, 0.000000, 0.000000 
0.000000, 0.000000, 0.000000 
0.000000, 0.000000, 0.000000 
0.000000, 0.000000, 0.000000 
0.000000, 0.000000, 0.000000 
0.000000, 0.000000, 0.000000 
0.000000, 0.000000, 0.000000 
0.000000, 0.000000, 0.000000 
0.000000, 0.000000, 0.000000 
0.000000, 0.000000, 0.000000 
0.000000, 0.000000, 0.000000 
0.000000, 0.000000, 0.000000 
0.000000, 0.000000, 0.000000 
0.000000, 0.000000, 0.000000 
0.000000, 0.000000, 0.000000 
0.000000, 0.000000, 0.000000 
0.000000, 0.000000, 0.000000 
-0.002726, 0.001909, 0.000907 
-0.002729, 0.001911, 0.000908 
-0.002732, 0.001913, 0.000909 
-0.002804, 0.001964, 0.000933 
-0.002875, 0.002013, 0.000956 
-0.002944, 0.002062, 0.000979 
-0.003015, 0.002111, 0.001003 
-0.003085, 0.002160, 0.001026 
-0.003154, 0.002209, 0.001049 
-0.003224, 0.002258, 0.001073 
-0.003295, 0.002307, 0.001096 
-0.003364, 0.002356, 0.001119 
-0.003435, 0.002405, 0.001143 
-0.003505, 0.002454, 0.001166 
-0.003575, 0.002504, 0.001189 
-0.003656, 0.002560, 0.001216 
-0.003716, 0.002602, 0.001236 
-0.003785, 0.002650, 0.001259 
-0.003855, 0.002699, 0.001282 
-0.003926, 0.002749, 0.001306 
-0.003995, 0.002798, 0.001329 
-0.004066, 0.002847, 0.001353 
-0.004137, 0.002897, 0.001376 
-0.004207, 0.002946, 0.001400 
-0.004277, 0.002995, 0.001423 
-0.004346, 0.003043, 0.001446 
-0.004416, 0.003092, 0.001469 
-0.004487, 0.003142, 0.001493 
-0.004557, 0.003191, 0.001516 
-0.004630, 0.003242, 0.001540 
-0.004701, 0.003292, 0.001564 
-0.004767, 0.003338, 0.001586 
-0.004837, 0.003387, 0.001609 
-0.004907, 0.003436, 0.001632 
-0.005336, 0.003185, 0.001935 
-0.005337, 0.003186, 0.001935 
-0.005391, 0.003213, 0.001956 
-0.005467, 0.003252, 0.001985 
-0.005544, 0.003292, 0.002015 
-0.005621, 0.003331, 0.002045 
-0.005698, 0.003371, 0.002075 
-0.005775, 0.003410, 0.002104 
-0.005852, 0.003450, 0.002135 
-0.005929, 0.003490, 0.002164 
-0.006007, 0.003529, 0.002194 
-0.006083, 0.003569, 0.002224 
-0.006161, 0.003608, 0.002254 
-0.006238, 0.003648, 0.002284 
-0.006314, 0.003687, 0.002313 
-0.006392, 0.003727, 0.002343 
-0.006469, 0.003767, 0.002373 
-0.006546, 0.003806, 0.002403 
-0.006622, 0.003845, 0.002432 
-0.006700, 0.003885, 0.002463 
-0.006778, 0.003925, 0.002493 
-0.006855, 0.003965, 0.002522 
-0.006931, 0.004004, 0.002552 
-0.007009, 0.004044, 0.002582 
-0.007086, 0.004083, 0.002612 
-0.007163, 0.004123, 0.002642 
-0.007241, 0.004163, 0.002672 
-0.007318, 0.004202, 0.002701 
-0.007395, 0.004242, 0.002731 
-0.007472, 0.004281, 0.002761 
-0.007548, 0.004321, 0.002791 
-0.007626, 0.004361, 0.002821 
-0.007703, 0.004400, 0.002851 
-0.007780, 0.004440, 0.002880 
-0.007857, 0.004479, 0.002910 
-0.007933, 0.004518, 0.002940 
-0.008011, 0.004558, 0.002970 
-0.008380, 0.003983, 0.002482 
-0.008408, 0.003990, 0.002488 
-0.008490, 0.004014, 0.002504 
-0.008578, 0.004039, 0.002521 
-0.008658, 0.004061, 0.002537 
-0.008739, 0.004084, 0.002553 
-0.008824, 0.004108, 0.002570 
-0.008906, 0.004132, 0.002586 
-0.008989, 0.004155, 0.002603 
-0.009073, 0.004179, 0.002619 
-0.009156, 0.004203, 0.002636 
-0.009239, 0.004226, 0.002652 
-0.009323, 0.004250, 0.002669 
-0.009405, 0.004273, 0.002685 
-0.009489, 0.004297, 0.002701 
-0.009571, 0.004320, 0.002718 
-0.009655, 0.004344, 0.002734 
-0.009738, 0.004368, 0.002751 
-0.009821, 0.004391, 0.002767 
-0.009904, 0.004415, 0.002783 
-0.009986, 0.004438, 0.002800 
-0.010070, 0.004462, 0.002816 
-0.010153, 0.004485, 0.002833 
-0.010235, 0.004509, 0.002849 
-0.010318, 0.004532, 0.002865 
-0.010401, 0.004556, 0.002882 
-0.010484, 0.004580, 0.002898 
-0.010567, 0.004603, 0.002915 
-0.010653, 0.004627, 0.002932 
-0.010736, 0.004651, 0.002948 
-0.010816, 0.004674, 0.002964 
-0.010900, 0.004697, 0.002980 
-0.010983, 0.004721, 0.002997 
-0.011067, 0.004745, 0.003014 
-0.011150, 0.004769, 0.003030 
-0.011234, 0.004792, 0.003046 
-0.011314, 0.004815, 0.003062 
-0.011398, 0.004839, 0.003079 
-0.011481, 0.004862, 0.003095 
-0.011565, 0.004886, 0.003112 
-0.011649, 0.004910, 0.003129 
-0.011730, 0.004933, 0.003145 
-0.009593, 0.002828, 0.002747 
-0.009623, 0.002807, 0.002753 
-0.009657, 0.002782, 0.002760 
-0.009689, 0.002758, 0.002767 
-0.009723, 0.002734, 0.002775 
-0.009758, 0.002709, 0.002782 
-0.009789, 0.002686, 0.002789 
-0.009823, 0.002661, 0.002796 
-0.009855, 0.002637, 0.002803 
-0.009889, 0.002613, 0.002810 
-0.009923, 0.002588, 0.002817 
-0.009955, 0.002565, 0.002824 
-0.009990, 0.002539, 0.002832 
-0.010023, 0.002515, 0.002839 
-0.010054, 0.002492, 0.002846 
-0.010088, 0.002468, 0.002853 
-0.010121, 0.002443, 0.002860 
-0.010154, 0.002419, 0.002867 
-0.010187, 0.002395, 0.002874 
-0.010220, 0.002371, 0.002881 
-0.010253, 0.002347, 0.002888 
-0.010287, 0.002322, 0.002896 
-0.010320, 0.002298, 0.002903 
-0.010353, 0.002274, 0.002910 
-0.010386, 0.002250, 0.002917 
-0.010418, 0.002226, 0.002924 
-0.010451, 0.002202, 0.002931 
-0.010485, 0.002178, 0.002938 
-0.010518, 0.002154, 0.002945 
-0.010552, 0.002129, 0.002952 
-0.010585, 0.002105, 0.002959 
-0.010618, 0.002081, 0.002967 
-0.010652, 0.002056, 0.002974 
-0.010684, 0.002032, 0.002981 
-0.010717, 0.002008, 0.002988 
-0.010750, 0.001984, 0.002995 
-0.010784, 0.001960, 0.003002 
-0.010816, 0.001936, 0.003009 
-0.010850, 0.001911, 0.003016 
-0.010883, 0.001887, 0.003023 
-0.010916, 0.001863, 0.003030 
-0.010949, 0.001839, 0.003038 
-0.009244, 0.000395, 0.002266 
-0.009241, 0.000365, 0.002261 
-0.009236, 0.000310, 0.002251 
-0.009231, 0.000254, 0.002241 
-0.009225, 0.000200, 0.002231 
-0.009220, 0.000145, 0.002221 
-0.009215, 0.000090, 0.002211 
-0.009210, 0.000034, 0.002201 
-0.009205, -0.000020, 0.002191 
-0.009200, -0.000076, 0.002181 
-0.009195, -0.000130, 0.002171 
-0.009189, -0.000185, 0.002161 
-0.009184, -0.000240, 0.002151 
-0.009179, -0.000295, 0.002141 
-0.009174, -0.000351, 0.002131 
-0.009169, -0.000405, 0.002121 
-0.009164, -0.000460, 0.002112 
-0.009158, -0.000515, 0.002101 
-0.009153, -0.000570, 0.002092 
-0.009148, -0.000625, 0.002081 
-0.009143, -0.000680, 0.002072 
-0.009138, -0.000735, 0.002062 
-0.009133, -0.000790, 0.002052 
-0.009127, -0.000845, 0.002042 
-0.009122, -0.000900, 0.002032 
-0.009117, -0.000955, 0.002022 
-0.009112, -0.001010, 0.002012 
-0.009107, -0.001065, 0.002002 
-0.009102, -0.001120, 0.001992 
-0.009097, -0.001174, 0.001982 
-0.009091, -0.001230, 0.001972 
-0.009086, -0.001285, 0.001962 
-0.009081, -0.001340, 0.001952 
-0.009076, -0.001395, 0.001942 
-0.009071, -0.001451, 0.001932 
-0.009065, -0.001505, 0.001922 
-0.009060, -0.001559, 0.001912 
-0.009055, -0.001614, 0.001902 
-0.009050, -0.001669, 0.001892 
-0.009045, -0.001725, 0.001882 
-0.009040, -0.001779, 0.001872 
-0.008177, -0.001636, 0.001642 
-0.008165, -0.001662, 0.001635 
-0.008141, -0.001712, 0.001620 
-0.008117, -0.001762, 0.001605 
-0.008093, -0.001811, 0.001590 
-0.008068, -0.001862, 0.001576 
-0.008043, -0.001914, 0.001560 
-0.008020, -0.001962, 0.001546 
-0.007996, -0.002012, 0.001531 
-0.007972, -0.002062, 0.001516 
-0.007948, -0.002112, 0.001502 
-0.007924, -0.002162, 0.001487 
-0.007899, -0.002212, 0.001472 
-0.007876, -0.002261, 0.001458 
-0.007852, -0.002312, 0.001443 
-0.007828, -0.002362, 0.001428 
-0.007804, -0.002411, 0.001414 
-0.007779, -0.002462, 0.001399 
-0.007755, -0.002512, 0.001384 
-0.007731, -0.002562, 0.001369 
-0.007707, -0.002611, 0.001355 
-0.007683, -0.002661, 0.001340 
-0.007659, -0.002711, 0.001325 
-0.007635, -0.002762, 0.001310 
-0.007611, -0.002812, 0.001296 
-0.007587, -0.002862, 0.001281 
-0.007563, -0.002912, 0.001266 
-0.007539, -0.002961, 0.001252 
-0.007515, -0.003011, 0.001237 
-0.007491, -0.003061, 0.001222 
-0.007466, -0.003112, 0.001207 
-0.007442, -0.003161, 0.001193 
-0.007418, -0.003212, 0.001178 
-0.007394, -0.003261, 0.001163 
-0.007370, -0.003311, 0.001149 
-0.007346, -0.003361, 0.001134 
-0.007322, -0.003411, 0.001119 
-0.007298, -0.003462, 0.001104 
-0.007274, -0.003511, 0.001090 
-0.007249, -0.003562, 0.001075 
-0.006673, -0.000675, 0.001368 
-0.006664, -0.000671, 0.001366 
-0.006627, -0.000653, 0.001359 
-0.006591, -0.000635, 0.001351 
-0.006555, -0.000618, 0.001344 
-0.006518, -0.000600, 0.001336 
-0.006482, -0.000582, 0.001329 
-0.006446, -0.000565, 0.001321 
-0.006410, -0.000547, 0.001314 
-0.006374, -0.000529, 0.001306 
-0.006338, -0.000512, 0.001299 
-0.006301, -0.000494, 0.001292 
-0.006265, -0.000476, 0.001284 
-0.006229, -0.000459, 0.001277 
-0.006193, -0.000441, 0.001269 
-0.006156, -0.000423, 0.001262 
-0.006120, -0.000405, 0.001254 
-0.006082, -0.000387, 0.001246 
-0.006047, -0.000370, 0.001239 
-0.006011, -0.000353, 0.001232 
-0.005975, -0.000335, 0.001224 
-0.005939, -0.000317, 0.001217 
-0.005903, -0.000300, 0.001209 
-0.005867, -0.000282, 0.001202 
-0.005830, -0.000264, 0.001194 
-0.005793, -0.000246, 0.001187 
-0.005757, -0.000229, 0.001179 
-0.005721, -0.000211, 0.001172 
-0.005685, -0.000193, 0.001165 
-0.005648, -0.000176, 0.001157 
-0.005613, -0.000158, 0.001150 
-0.005575, -0.000140, 0.001142 
-0.005540, -0.000123, 0.001135 
-0.005504, -0.000105, 0.001127 
-0.005468, -0.000087, 0.001120 
-0.005432, -0.000070, 0.001112 
-0.005395, -0.000052, 0.001105 
-0.005359, -0.000034, 0.001097 
-0.005322, -0.000017, 0.001090 
-0.006216, 0.000572, 0.001103 
-0.006203, 0.000602, 0.001096 
-0.006188, 0.000633, 0.001090 
-0.006174, 0.000666, 0.001082 
-0.006160, 0.000695, 0.001076 
-0.006146, 0.000727, 0.001069 
-0.006131, 0.000758, 0.001062 
-0.006117, 0.000789, 0.001055 
-0.006103, 0.000820, 0.001048 
-0.006089, 0.000851, 0.001041 
-0.006074, 0.000884, 0.001033 
-0.006060, 0.000913, 0.001027 
-0.006046, 0.000945, 0.001020 
-0.006032, 0.000976, 0.001013 
-0.006017, 0.001007, 0.001006 
-0.006003, 0.001038, 0.000999 
-0.005989, 0.001069, 0.000992 
-0.005975, 0.001100, 0.000985 
-0.005961, 0.001131, 0.000978 
-0.005946, 0.001162, 0.000971 
-0.005932, 0.001193, 0.000964 
-0.005918, 0.001224, 0.000957 
-0.005903, 0.001256, 0.000950 
-0.005889, 0.001287, 0.000943 
-0.005875, 0.001318, 0.000936 
-0.005861, 0.001349, 0.000929 
-0.005846, 0.001380, 0.000922 
-0.005832, 0.001412, 0.000915 
-0.005818, 0.001443, 0.000908 
-0.005804, 0.001474, 0.000901 
-0.005789, 0.001505, 0.000894 
-0.005775, 0.001536, 0.000888 
-0.005761, 0.001567, 0.000881 
-0.005747, 0.001599, 0.000873 
-0.005733, 0.001629, 0.000867 
-0.005718, 0.001661, 0.000859 
-0.005704, 0.001692, 0.000853 
-0.005690, 0.001723, 0.000846 
-0.005675, 0.001755, 0.000838 
-0.006218, 0.003093, 0.000937 
-0.006217, 0.003153, 0.000933 
-0.006216, 0.003216, 0.000928 
-0.006215, 0.003280, 0.000923 
-0.006213, 0.003340, 0.000919 
-0.006212, 0.003402, 0.000915 
-0.006211, 0.003484, 0.000909 
-0.006210, 0.003525, 0.000906 
-0.006209, 0.003587, 0.000901 
-0.006208, 0.003650, 0.000897 
-0.006207, 0.003713, 0.000892 
-0.006206, 0.003773, 0.000888 
-0.006205, 0.003835, 0.000883 
-0.006204, 0.003897, 0.000879 
-0.006203, 0.003959, 0.000874 
-0.006201, 0.004022, 0.000870 
-0.006200, 0.004084, 0.000865 
-0.006199, 0.004146, 0.000861 
-0.006198, 0.004208, 0.000857 
-0.006197, 0.004270, 0.000852 
-0.006196, 0.004332, 0.000848 
-0.006195, 0.004393, 0.000843 
-0.006194, 0.004456, 0.000839 
-0.006193, 0.004518, 0.000834 
-0.006192, 0.004579, 0.000830 
-0.006190, 0.004641, 0.000825 
-0.006189, 0.004703, 0.000821 
-0.006188, 0.004766, 0.000816 
-0.006187, 0.004828, 0.000812 
-0.006186, 0.004890, 0.000807 
-0.006185, 0.004952, 0.000803 
-0.006184, 0.005014, 0.000798 
-0.006183, 0.005076, 0.000794 
-0.006182, 0.005138, 0.000789 
-0.006181, 0.005200, 0.000785 
-0.006179, 0.005264, 0.000780 
-0.006178, 0.005324, 0.000776 
-0.006177, 0.005386, 0.000771 
-0.006176, 0.005448, 0.000767 
-0.006263, 0.005494, 0.000996 
-0.006264, 0.005497, 0.000997 
-0.006264, 0.005538, 0.000997 
-0.006265, 0.005598, 0.000998 
-0.006266, 0.005657, 0.000999 
-0.006267, 0.005717, 0.001000 
-0.006268, 0.005777, 0.001001 
-0.006269, 0.005837, 0.001002 
-0.006270, 0.005898, 0.001003 
-0.006271, 0.005957, 0.001004 
-0.006272, 0.006018, 0.001005 
-0.006273, 0.006078, 0.001006 
-0.006274, 0.006137, 0.001007 
-0.006275, 0.006197, 0.001008 
-0.006276, 0.006256, 0.001009 
-0.006277, 0.006316, 0.001010 
-0.006278, 0.006376, 0.001011 
-0.006279, 0.006436, 0.001012 
-0.006280, 0.006496, 0.001013 
-0.006280, 0.006555, 0.001014 
-0.006281, 0.006615, 0.001015 
-0.006282, 0.006676, 0.001016 
-0.006283, 0.006735, 0.001017 
-0.006284, 0.006795, 0.001018 
-0.006285, 0.006854, 0.001019 
-0.006286, 0.006914, 0.001020 
-0.006287, 0.006975, 0.001021 
-0.006288, 0.007034, 0.001022 
-0.006289, 0.007094, 0.001023 
-0.006290, 0.007157, 0.001025 
-0.006291, 0.007215, 0.001026 
-0.006292, 0.007274, 0.001027 
-0.006293, 0.007334, 0.001028 
-0.006294, 0.007394, 0.001029 
-0.006295, 0.007454, 0.001030 
-0.006296, 0.007513, 0.001031 
-0.006297, 0.007573, 0.001032 
-0.006298, 0.007633, 0.001033 
-0.006299, 0.007692, 0.001034 
-0.006315, 0.004922, 0.000682 
-0.006315, 0.004920, 0.000680 
-0.006317, 0.004912, 0.000673 
-0.006318, 0.004904, 0.000666 
-0.006319, 0.004897, 0.000658 
-0.006321, 0.004889, 0.000651 
-0.006322, 0.004881, 0.000644 
-0.006323, 0.004873, 0.000636 
-0.006325, 0.004865, 0.000629 
-0.006326, 0.004857, 0.000622 
-0.006327, 0.004849, 0.000614 
-0.006328, 0.004842, 0.000607 
-0.006330, 0.004834, 0.000600 
-0.006331, 0.004826, 0.000592 
-0.006332, 0.004818, 0.000585 
-0.006334, 0.004810, 0.000578 
-0.006335, 0.004802, 0.000571 
-0.006336, 0.004795, 0.000563 
-0.006338, 0.004787, 0.000556 
-0.006339, 0.004779, 0.000549 
-0.006340, 0.004771, 0.000541 
-0.006342, 0.004763, 0.000534 
-0.006343, 0.004755, 0.000527 
-0.006344, 0.004748, 0.000520 
-0.006345, 0.004740, 0.000512 
-0.006347, 0.004732, 0.000505 
-0.006348, 0.004724, 0.000498 
-0.006349, 0.004716, 0.000490 
-0.006351, 0.004708, 0.000483 
-0.006352, 0.004701, 0.000476 
-0.006353, 0.004693, 0.000468 
-0.006355, 0.004685, 0.000461 
-0.006356, 0.004677, 0.000454 
-0.006357, 0.004669, 0.000446 
-0.006358, 0.004661, 0.000439 
-0.006360, 0.004654, 0.000432 
-0.006361, 0.004646, 0.000425 
-0.006362, 0.004638, 0.000417 
-0.006364, 0.004630, 0.000410 
-0.007308, 0.002733, 0.000316 
-0.007318, 0.002710, 0.000312 
-0.007341, 0.002658, 0.000303 
-0.007365, 0.002606, 0.000294 
-0.007388, 0.002554, 0.000284 
-0.007412, 0.002501, 0.000275 
-0.007436, 0.002449, 0.000266 
-0.007459, 0.002396, 0.000256 
-0.007483, 0.002344, 0.000247 
-0.007506, 0.002291, 0.000238 
-0.007530, 0.002238, 0.000229 
-0.007553, 0.002187, 0.000219 
-0.007577, 0.002134, 0.000210 
-0.007600, 0.002082, 0.000201 
-0.007624, 0.002030, 0.000192 
-0.007647, 0.001978, 0.000183 
-0.007671, 0.001926, 0.000173 
-0.007694, 0.001873, 0.000164 
-0.007718, 0.001822, 0.000155 
-0.007741, 0.001769, 0.000146 
-0.007765, 0.001717, 0.000136 
-0.007788, 0.001665, 0.000127 
-0.007812, 0.001612, 0.000118 
-0.007835, 0.001560, 0.000109 
-0.007859, 0.001508, 0.000099 
-0.007883, 0.001455, 0.000090 
-0.007907, 0.001400, 0.000080 
-0.007930, 0.001350, 0.000071 
-0.007953, 0.001299, 0.000062 
-0.007976, 0.001246, 0.000053 
-0.008000, 0.001194, 0.000044 
-0.008024, 0.001140, 0.000034 
-0.008047, 0.001089, 0.000025 
-0.008071, 0.001036, 0.000016 
-0.008095, 0.000984, 0.000007 
-0.008118, 0.000932, -0.000002 
-0.008141, 0.000880, -0.000012 
-0.008165, 0.000828, -0.000021 
-0.008189, 0.000773, -0.000030 
-0.007496, 0.000558, -0.000103 
-0.007501, 0.000515, -0.000111 
-0.007508, 0.000458, -0.000122 
-0.007514, 0.000403, -0.000132 
-0.007521, 0.000346, -0.000143 
-0.007527, 0.000290, -0.000154 
-0.007533, 0.000234, -0.000165 
-0.007540, 0.000179, -0.000175 
-0.007546, 0.000123, -0.000186 
-0.007553, 0.000067, -0.000197 
-0.007559, 0.000011, -0.000207 
-0.007565, -0.000045, -0.000218 
-0.007572, -0.000100, -0.000229 
-0.007578, -0.000157, -0.000240 
-0.007585, -0.000213, -0.000250 
-0.007591, -0.000269, -0.000261 
-0.007598, -0.000325, -0.000272 
-0.007604, -0.000381, -0.000283 
-0.007610, -0.000437, -0.000293 
-0.007617, -0.000493, -0.000304 
-0.007623, -0.000549, -0.000315 
-0.007630, -0.000604, -0.000325 
-0.007636, -0.000661, -0.000336 
-0.007642, -0.000716, -0.000347 
-0.007649, -0.000772, -0.000357 
-0.007655, -0.000829, -0.000368 
-0.007662, -0.000884, -0.000379 
-0.007668, -0.000942, -0.000390 
-0.007674, -0.000996, -0.000400 
-0.007681, -0.001052, -0.000411 
-0.007687, -0.001108, -0.000421 
-0.007694, -0.001164, -0.000432 
-0.007700, -0.001219, -0.000443 
-0.007707, -0.001276, -0.000454 
-0.007713, -0.001332, -0.000464 
-0.007719, -0.001387, -0.000475 
-0.007726, -0.001443, -0.000486 
-0.007732, -0.001499, -0.000496 
-0.007739, -0.001558, -0.000508 
-0.007745, -0.001612, -0.000518 
-0.008502, 0.000128, -0.000253 
-0.008520, 0.000118, -0.000256 
-0.008544, 0.000103, -0.000260 
-0.008568, 0.000089, -0.000265 
-0.008592, 0.000075, -0.000269 
-0.008616, 0.000061, -0.000273 
-0.008640, 0.000047, -0.000277 
-0.008663, 0.000033, -0.000282 
-0.008687, 0.000019, -0.000286 
-0.008711, 0.000005, -0.000290 
-0.008734, -0.000009, -0.000294 
-0.008758, -0.000023, -0.000299 
-0.008783, -0.000037, -0.000303 
-0.008806, -0.000051, -0.000307 
-0.008830, -0.000065, -0.000311 
-0.008853, -0.000079, -0.000316 
-0.008877, -0.000093, -0.000320 
-0.008901, -0.000107, -0.000324 
-0.008926, -0.000122, -0.000329 
-0.008949, -0.000135, -0.000333 
-0.008973, -0.000149, -0.000337 
-0.008996, -0.000163, -0.000341 
-0.009020, -0.000177, -0.000345 
-0.009044, -0.000191, -0.000350 
-0.009068, -0.000205, -0.000354 
-0.009092, -0.000219, -0.000358 
-0.009116, -0.000234, -0.000363 
-0.009139, -0.000247, -0.000367 
-0.009163, -0.000261, -0.000371 
-0.009186, -0.000275, -0.000375 
-0.009210, -0.000289, -0.000379 
-0.009234, -0.000303, -0.000384 
-0.009258, -0.000317, -0.000388 
-0.009282, -0.000331, -0.000392 
-0.009306, -0.000345, -0.000396 
-0.009330, -0.000359, -0.000401 
-0.009353, -0.000373, -0.000405 
-0.009377, -0.000387, -0.000409 
-0.009401, -0.000401, -0.000413 
-0.010132, 0.001858, 0.000291 
-0.010160, 0.001885, 0.000300 
-0.010200, 0.001925, 0.000313 
-0.010240, 0.001964, 0.000325 
-0.010281, 0.002004, 0.000337 
-0.010321, 0.002044, 0.000350 
-0.010361, 0.002083, 0.000362 
-0.010401, 0.002122, 0.000375 
-0.010441, 0.002162, 0.000387 
-0.010482, 0.002201, 0.000400 
-0.010522, 0.002241, 0.000412 
-0.010562, 0.002280, 0.000425 
-0.010604, 0.002322, 0.000438 
-0.010643, 0.002359, 0.000450 
-0.010683, 0.002399, 0.000462 
-0.010723, 0.002438, 0.000474 
-0.010764, 0.002478, 0.000487 
-0.010804, 0.002518, 0.000499 
-0.010844, 0.002557, 0.000512 
-0.010884, 0.002596, 0.000524 
-0.010924, 0.002636, 0.000537 
-0.010965, 0.002676, 0.000549 
-0.011005, 0.002715, 0.000562 
-0.011046, 0.002755, 0.000574 
-0.011086, 0.002794, 0.000586 
-0.011128, 0.002836, 0.000600 
-0.011166, 0.002874, 0.000611 
-0.011206, 0.002913, 0.000624 
-0.011247, 0.002953, 0.000636 
-0.011287, 0.002992, 0.000649 
-0.011327, 0.003032, 0.000661 
-0.011368, 0.003072, 0.000674 
-0.011408, 0.003111, 0.000686 
-0.011448, 0.003150, 0.000699 
-0.011488, 0.003190, 0.000711 
-0.011529, 0.003230, 0.000724 
-0.011571, 0.003271, 0.000737 
-0.011609, 0.003309, 0.000748 
-0.011650, 0.003348, 0.000761 
-0.011689, 0.003387, 0.000773 
-0.010132, 0.002848, 0.000706 
-0.010135, 0.002875, 0.000716 
-0.010139, 0.002900, 0.000727 
-0.010142, 0.002927, 0.000737 
-0.010146, 0.002953, 0.000748 
-0.010149, 0.002979, 0.000759 
-0.010152, 0.003005, 0.000769 
-0.010156, 0.003032, 0.000780 
-0.010159, 0.003058, 0.000791 
-0.010162, 0.003084, 0.000801 
-0.010166, 0.003110, 0.000812 
-0.010169, 0.003136, 0.000822 
-0.010172, 0.003162, 0.000833 
-0.010176, 0.003189, 0.000844 
-0.010179, 0.003215, 0.000854 
-0.010182, 0.003241, 0.000865 
-0.010186, 0.003267, 0.000876 
-0.010189, 0.003295, 0.000887 
-0.010192, 0.003320, 0.000897 
-0.010196, 0.003346, 0.000907 
-0.010199, 0.003372, 0.000918 
-0.010202, 0.003398, 0.000929 
-0.010206, 0.003424, 0.000939 
-0.010209, 0.003450, 0.000950 
-0.010212, 0.003477, 0.000960 
-0.010216, 0.003503, 0.000971 
-0.010219, 0.003529, 0.000982 
-0.010222, 0.003555, 0.000992 
-0.010226, 0.003581, 0.001003 
-0.010229, 0.003607, 0.001013 
-0.010233, 0.003634, 0.001024 
-0.010236, 0.003659, 0.001034 
-0.010239, 0.003686, 0.001045 
-0.010243, 0.003712, 0.001056 
-0.010246, 0.003738, 0.001066 
-0.010249, 0.003765, 0.001077 
-0.010253, 0.003791, 0.001088 
-0.010256, 0.003817, 0.001098 
-0.008773, 0.003736, 0.001336 
-0.008756, 0.003748, 0.001344 
-0.008724, 0.003771, 0.001360 
-0.008692, 0.003794, 0.001376 
-0.008660, 0.003818, 0.001392 
-0.008628, 0.003841, 0.001408 
-0.008597, 0.003864, 0.001423 
-0.008564, 0.003888, 0.001440 
-0.008532, 0.003911, 0.001455 
-0.008500, 0.003934, 0.001471 
-0.008468, 0.003958, 0.001487 
-0.008436, 0.003981, 0.001503 
-0.008404, 0.004004, 0.001519 
-0.008371, 0.004028, 0.001535 
-0.008339, 0.004051, 0.001551 
-0.008307, 0.004074, 0.001567 
-0.008275, 0.004098, 0.001583 
-0.008243, 0.004121, 0.001598 
-0.008212, 0.004144, 0.001614 
-0.008180, 0.004167, 0.001630 
-0.008148, 0.004190, 0.001646 
-0.008115, 0.004214, 0.001662 
-0.008083, 0.004237, 0.001678 
-0.008051, 0.004261, 0.001694 
-0.008019, 0.004284, 0.001710 
-0.007987, 0.004307, 0.001725 
-0.007955, 0.004331, 0.001741 
-0.007923, 0.004354, 0.001757 
-0.007891, 0.004377, 0.001773 
-0.007859, 0.004400, 0.001789 
-0.007826, 0.004424, 0.001805 
-0.007795, 0.004447, 0.001821 
-0.007763, 0.004470, 0.001837 
-0.007731, 0.004494, 0.001852 
-0.007699, 0.004517, 0.001868 
-0.007666, 0.004541, 0.001884 
-0.007634, 0.004564, 0.001900 
-0.007602, 0.004587, 0.001916 
-0.007570, 0.004610, 0.001932 
-0.007538, 0.004634, 0.001948 
-0.008315, 0.002935, 0.001952 
-0.008309, 0.002927, 0.001959 
-0.008295, 0.002910, 0.001975 
-0.008283, 0.002893, 0.001990 
-0.008270, 0.002876, 0.002006 
-0.008257, 0.002859, 0.002021 
-0.008244, 0.002842, 0.002037 
-0.008231, 0.002825, 0.002052 
-0.008218, 0.002809, 0.002068 
-0.008205, 0.002792, 0.002083 
-0.008192, 0.002775, 0.002098 
-0.008179, 0.002758, 0.002114 
-0.008166, 0.002741, 0.002129 
-0.008153, 0.002724, 0.002145 
-0.008140, 0.002707, 0.002160 
-0.008127, 0.002690, 0.002176 
-0.008114, 0.002673, 0.002191 
-0.008101, 0.002657, 0.002206 
-0.008089, 0.002640, 0.002222 
-0.008076, 0.002623, 0.002237 
-0.008063, 0.002606, 0.002253 
-0.008050, 0.002589, 0.002268 
-0.008037, 0.002572, 0.002284 
-0.008024, 0.002556, 0.002299 
-0.008011, 0.002539, 0.002314 
-0.007998, 0.002522, 0.002330 
-0.007985, 0.002505, 0.002345 
-0.007972, 0.002488, 0.002361 
-0.007959, 0.002471, 0.002376 
-0.007946, 0.002454, 0.002391 
-0.007933, 0.002437, 0.002407 
-0.007921, 0.002421, 0.002422 
-0.007907, 0.002403, 0.002438 
-0.007894, 0.002386, 0.002453 
-0.007881, 0.002370, 0.002469 
-0.007868, 0.002352, 0.002485 
-0.007856, 0.002336, 0.002499 
-0.007843, 0.002319, 0.002515 
-0.007830, 0.002302, 0.002531 
-0.007674, 0.002166, 0.001970 
-0.007663, 0.002153, 0.001972 
-0.007647, 0.002134, 0.001973 
-0.007631, 0.002114, 0.001975 
-0.007615, 0.002094, 0.001977 
-0.007599, 0.002075, 0.001978 
-0.007582, 0.002056, 0.001980 
-0.007566, 0.002036, 0.001981 
-0.007550, 0.002016, 0.001983 
-0.007534, 0.001997, 0.001985 
-0.007517, 0.001977, 0.001986 
-0.007501, 0.001958, 0.001988 
-0.007485, 0.001938, 0.001990 
-0.007469, 0.001918, 0.001991 
-0.007452, 0.001899, 0.001993 
-0.007435, 0.001878, 0.001995 
-0.007420, 0.001860, 0.001996 
-0.007404, 0.001840, 0.001998 
-0.007388, 0.001821, 0.002000 
-0.007371, 0.001801, 0.002001 
-0.007355, 0.001781, 0.002003 
-0.007339, 0.001762, 0.002005 
-0.007323, 0.001742, 0.002006 
-0.007307, 0.001723, 0.002008 
-0.007290, 0.001703, 0.002010 
-0.007274, 0.001683, 0.002011 
-0.007258, 0.001664, 0.002013 
-0.007242, 0.001644, 0.002015 
-0.007225, 0.001625, 0.002016 
-0.007209, 0.001606, 0.002018 
-0.007193, 0.001586, 0.002020 
-0.007177, 0.001566, 0.002021 
-0.007161, 0.001547, 0.002023 
-0.007144, 0.001527, 0.002025 
-0.007128, 0.001508, 0.002026 
-0.007112, 0.001488, 0.002028 
-0.007096, 0.001468, 0.002030 
-0.007080, 0.001449, 0.002031 
-0.007063, 0.001429, 0.002033 
-0.007945, 0.002485, 0.001722 
-0.007950, 0.002491, 0.001717 
-0.007955, 0.002497, 0.001711 
-0.007960, 0.002503, 0.001706 
-0.007965, 0.002509, 0.001700 
-0.007970, 0.002515, 0.001694 
-0.007976, 0.002521, 0.001688 
-0.007981, 0.002528, 0.001682 
-0.007986, 0.002534, 0.001677 
-0.007991, 0.002540, 0.001671 
-0.007997, 0.002546, 0.001665 
-0.008002, 0.002552, 0.001659 
-0.008007, 0.002558, 0.001654 
-0.008012, 0.002564, 0.001648 
-0.008017, 0.002570, 0.001642 
-0.008023, 0.002576, 0.001636 
-0.008028, 0.002582, 0.001630 
-0.008033, 0.002588, 0.001625 
-0.008038, 0.002595, 0.001619 
-0.008043, 0.002601, 0.001613 
-0.008048, 0.002607, 0.001607 
-0.008054, 0.002613, 0.001602 
-0.008059, 0.002619, 0.001596 
-0.008064, 0.002625, 0.001590 
-0.008069, 0.002631, 0.001584 
-0.008074, 0.002637, 0.001579 
-0.008080, 0.002643, 0.001573 
-0.008085, 0.002649, 0.001567 
-0.008090, 0.002655, 0.001561 
-0.008095, 0.002661, 0.001555 
-0.008100, 0.002667, 0.001550 
-0.008106, 0.002674, 0.001544 
-0.008111, 0.002680, 0.001538 
-0.008116, 0.002686, 0.001532 
-0.008121, 0.002692, 0.001526 
-0.008127, 0.002698, 0.001521 
-0.008132, 0.002704, 0.001515 
-0.008137, 0.002710, 0.001509 
-0.008142, 0.002716, 0.001503 
-0.008147, 0.002722, 0.001498 
-0.008883, 0.002633, 0.001394 
-0.008890, 0.002634, 0.001392 
-0.008912, 0.002638, 0.001384 
-0.008934, 0.002642, 0.001376 
-0.008956, 0.002646, 0.001368 
-0.008979, 0.002650, 0.001360 
-0.009000, 0.002653, 0.001352 
-0.009022, 0.002657, 0.001344 
-0.009044, 0.002661, 0.001336 
-0.009066, 0.002665, 0.001328 
-0.009088, 0.002668, 0.001320 
-0.009110, 0.002672, 0.001313 
-0.009132, 0.002676, 0.001305 
-0.009153, 0.002680, 0.001297 
-0.009175, 0.002684, 0.001289 
-0.009197, 0.002687, 0.001281 
-0.009219, 0.002691, 0.001273 
-0.009241, 0.002695, 0.001265 
-0.009263, 0.002699, 0.001257 
-0.009286, 0.002703, 0.001249 
-0.009306, 0.002706, 0.001241 
-0.009328, 0.002710, 0.001233 
-0.009350, 0.002714, 0.001226 
-0.009373, 0.002718, 0.001217 
-0.009394, 0.002722, 0.001210 
-0.009416, 0.002725, 0.001202 
-0.009438, 0.002729, 0.001194 
-0.009460, 0.002733, 0.001186 
-0.009482, 0.002737, 0.001178 
-0.009504, 0.002741, 0.001170 
-0.009526, 0.002744, 0.001162 
-0.009548, 0.002748, 0.001154 
-0.009571, 0.002752, 0.001146 
-0.009591, 0.002756, 0.001138 
-0.009613, 0.002760, 0.001130 
-0.009635, 0.002763, 0.001122 
-0.009657, 0.002767, 0.001114 
-0.009679, 0.002771, 0.001107 
-0.009701, 0.002775, 0.001099 
-0.009677, 0.002035, 0.001226 
-0.009691, 0.002025, 0.001223 
-0.009712, 0.002012, 0.001218 
-0.009733, 0.001998, 0.001213 
-0.009754, 0.001984, 0.001209 
-0.009774, 0.001970, 0.001204 
-0.009795, 0.001956, 0.001199 
-0.009815, 0.001943, 0.001195 
-0.009836, 0.001929, 0.001190 
-0.009857, 0.001915, 0.001185 
-0.009878, 0.001902, 0.001181 
-0.009898, 0.001888, 0.001176 
-0.009920, 0.001874, 0.001171 
-0.009940, 0.001860, 0.001166 
-0.009960, 0.001847, 0.001162 
-0.009981, 0.001833, 0.001157 
-0.010002, 0.001819, 0.001152 
-0.010022, 0.001806, 0.001148 
-0.010043, 0.001792, 0.001143 
-0.010064, 0.001778, 0.001138 
-0.010084, 0.001764, 0.001134 
-0.010105, 0.001751, 0.001129 
-0.010125, 0.001737, 0.001124 
-0.010146, 0.001723, 0.001120 
-0.010167, 0.001710, 0.001115 
-0.010188, 0.001696, 0.001110 
-0.010208, 0.001682, 0.001106 
-0.010229, 0.001668, 0.001101 
-0.010249, 0.001655, 0.001096 
-0.010270, 0.001641, 0.001092 
-0.010292, 0.001627, 0.001087 
-0.010312, 0.001613, 0.001082 
-0.010333, 0.001600, 0.001077 
-0.010353, 0.001586, 0.001073 
-0.010374, 0.001572, 0.001068 
-0.010394, 0.001559, 0.001063 
-0.010415, 0.001545, 0.001059 
-0.010436, 0.001531, 0.001054 
-0.010456, 0.001518, 0.001049 
-0.010477, 0.001504, 0.001045 
-0.009910, 0.001836, 0.000901 
-0.009916, 0.001831, 0.000894 
-0.009923, 0.001825, 0.000886 
-0.009930, 0.001820, 0.000878 
-0.009937, 0.001814, 0.000870 
-0.009944, 0.001808, 0.000863 
-0.009951, 0.001803, 0.000855 
-0.009958, 0.001797, 0.000847 
-0.009965, 0.001791, 0.000839 
-0.009972, 0.001786, 0.000831 
-0.009979, 0.001780, 0.000823 
-0.009986, 0.001774, 0.000815 
-0.009993, 0.001768, 0.000807 
-0.010000, 0.001763, 0.000800 
-0.010007, 0.001757, 0.000792 
-0.010014, 0.001751, 0.000784 
-0.010022, 0.001746, 0.000776 
-0.010029, 0.001740, 0.000768 
-0.010036, 0.001734, 0.000760 
-0.010043, 0.001729, 0.000752 
-0.010050, 0.001723, 0.000744 
-0.010057, 0.001717, 0.000736 
-0.010064, 0.001712, 0.000729 
-0.010071, 0.001706, 0.000721 
-0.010078, 0.001700, 0.000713 
-0.010085, 0.001694, 0.000705 
-0.010092, 0.001689, 0.000697 
-0.010099, 0.001683, 0.000689 
-0.010106, 0.001677, 0.000681 
-0.010113, 0.001672, 0.000673 
-0.010120, 0.001666, 0.000666 
-0.010127, 0.001660, 0.000658 
-0.010134, 0.001655, 0.000650 
-0.010141, 0.001649, 0.000642 
-0.010148, 0.001643, 0.000634 
-0.010155, 0.001638, 0.000626 
-0.010162, 0.001632, 0.000618 
-0.010169, 0.001626, 0.000610 
-0.010176, 0.001621, 0.000603 
-0.009245, 0.002245, 0.000616 
-0.009229, 0.002254, 0.000609 
-0.009214, 0.002263, 0.000601 
-0.009199, 0.002273, 0.000594 
-0.009184, 0.002281, 0.000587 
-0.009169, 0.002290, 0.000579 
-0.009154, 0.002300, 0.000572 
-0.009139, 0.002309, 0.000564 
-0.009124, 0.002318, 0.000557 
-0.009109, 0.002327, 0.000550 
-0.009094, 0.002336, 0.000542 
-0.009079, 0.002345, 0.000535 
-0.009064, 0.002354, 0.000528 
-0.009049, 0.002363, 0.000520 
-0.009034, 0.002372, 0.000513 
-0.009019, 0.002381, 0.000506 
-0.009004, 0.002391, 0.000498 
-0.008989, 0.002400, 0.000491 
-0.008974, 0.002409, 0.000483 
-0.008959, 0.002418, 0.000476 
-0.008944, 0.002427, 0.000469 
-0.008929, 0.002436, 0.000461 
-0.008913, 0.002446, 0.000453 
-0.008899, 0.002455, 0.000446 
-0.008884, 0.002464, 0.000439 
-0.008869, 0.002473, 0.000432 
-0.008854, 0.002482, 0.000424 
-0.008839, 0.002491, 0.000417 
-0.008824, 0.002500, 0.000410 
-0.008809, 0.002509, 0.000402 
-0.008794, 0.002518, 0.000395 
-0.008779, 0.002527, 0.000387 
-0.008764, 0.002536, 0.000380 
-0.008748, 0.002546, 0.000373 
-0.008733, 0.002555, 0.000365 
-0.008718, 0.002564, 0.000358 
-0.008703, 0.002573, 0.000351 
-0.008688, 0.002582, 0.000343 
-0.008673, 0.002591, 0.000336 
-0.008835, 0.001947, 0.000708 
-0.008830, 0.001944, 0.000709 
-0.008819, 0.001937, 0.000710 
-0.008809, 0.001931, 0.000712 
-0.008798, 0.001925, 0.000713 
-0.008787, 0.001919, 0.000715 
-0.008776, 0.001913, 0.000716 
-0.008766, 0.001907, 0.000718 
-0.008755, 0.001901, 0.000719 
-0.008744, 0.001894, 0.000721 
-0.008733, 0.001888, 0.000722 
-0.008723, 0.001882, 0.000724 
-0.008712, 0.001876, 0.000725 
-0.008701, 0.001870, 0.000727 
-0.008690, 0.001864, 0.000728 
-0.008680, 0.001857, 0.000730 
-0.008669, 0.001851, 0.000731 
-0.008658, 0.001845, 0.000733 
-0.008647, 0.001839, 0.000734 
-0.008637, 0.001833, 0.000736 
-0.008626, 0.001827, 0.000738 
-0.008615, 0.001821, 0.000739 
-0.008604, 0.001814, 0.000741 
-0.008594, 0.001808, 0.000742 
-0.008583, 0.001802, 0.000744 
-0.008572, 0.001796, 0.000745 
-0.008561, 0.001790, 0.000747 
-0.008551, 0.001784, 0.000748 
-0.008540, 0.001777, 0.000750 
-0.008529, 0.001771, 0.000751 
-0.008518, 0.001765, 0.000753 
-0.008507, 0.001759, 0.000754 
-0.008497, 0.001753, 0.000756 
-0.008486, 0.001747, 0.000757 
-0.008475, 0.001741, 0.000759 
-0.008465, 0.001734, 0.000760 
-0.008454, 0.001728, 0.000762 
-0.008443, 0.001722, 0.000763 
-0.008432, 0.001716, 0.000765 
-0.006902, 0.002719, 0.000910 
-0.006900, 0.002720, 0.000911 
-0.006871, 0.002731, 0.000914 
-0.006824, 0.002749, 0.000919 
-0.006780, 0.002766, 0.000923 
-0.006734, 0.002783, 0.000928 
-0.006688, 0.002801, 0.000933 
-0.006642, 0.002818, 0.000938 
-0.006595, 0.002836, 0.000943 
-0.006549, 0.002854, 0.000948 
-0.006506, 0.002870, 0.000952 
-0.006460, 0.002888, 0.000957 
-0.006415, 0.002905, 0.000962 
-0.006369, 0.002923, 0.000967 
-0.006323, 0.002940, 0.000971 
-0.006278, 0.002957, 0.000976 
-0.006232, 0.002975, 0.000981 
-0.006187, 0.002992, 0.000986 
-0.006141, 0.003009, 0.000991 
-0.006096, 0.003027, 0.000995 
-0.006050, 0.003044, 0.001000 
-0.006004, 0.003062, 0.001005 
-0.005958, 0.003079, 0.001010 
-0.005912, 0.003097, 0.001015 
-0.005867, 0.003114, 0.001019 
-0.005821, 0.003132, 0.001024 
-0.005776, 0.003149, 0.001029 
-0.005731, 0.003166, 0.001034 
-0.005684, 0.003184, 0.001039 
-0.005639, 0.003201, 0.001043 
-0.005594, 0.003219, 0.001048 
-0.005548, 0.003236, 0.001053 
-0.005503, 0.003253, 0.001058 
-0.005457, 0.003271, 0.001063 
-0.005411, 0.003288, 0.001067 
-0.005366, 0.003306, 0.001072 
-0.005320, 0.003323, 0.001077 
-0.005275, 0.003340, 0.001082 
-0.005229, 0.003358, 0.001087 
-0.009389, 0.003535, 0.001126 
-0.009423, 0.003549, 0.001130 
-0.009478, 0.003570, 0.001136 
-0.009532, 0.003591, 0.001141 
-0.009586, 0.003612, 0.001147 
-0.009643, 0.003634, 0.001153 
-0.009695, 0.003654, 0.001158 
-0.009749, 0.003675, 0.001164 
-0.009804, 0.003696, 0.001169 
-0.009857, 0.003717, 0.001175 
-0.009911, 0.003738, 0.001180 
-0.009966, 0.003759, 0.001186 
-0.010019, 0.003780, 0.001191 
-0.010075, 0.003802, 0.001197 
-0.010129, 0.003823, 0.001203 
-0.010182, 0.003844, 0.001208 
-0.010237, 0.003865, 0.001214 
-0.010291, 0.003886, 0.001219 
-0.010345, 0.003907, 0.001225 
-0.010399, 0.003928, 0.001231 
-0.010454, 0.003949, 0.001236 
-0.010508, 0.003970, 0.001242 
-0.010563, 0.003991, 0.001247 
-0.010617, 0.004012, 0.001253 
-0.010671, 0.004033, 0.001259 
-0.010725, 0.004054, 0.001264 
-0.010779, 0.004075, 0.001270 
-0.010833, 0.004096, 0.001275 
-0.010887, 0.004117, 0.001281 
-0.010941, 0.004138, 0.001286 
-0.010995, 0.004159, 0.001292 
-0.011051, 0.004181, 0.001298 
-0.011105, 0.004202, 0.001303 
-0.011158, 0.004223, 0.001309 
-0.011213, 0.004244, 0.001314 
-0.011267, 0.004265, 0.001320 
-0.011322, 0.004286, 0.001326 
-0.011375, 0.004307, 0.001331 
-0.011430, 0.004328, 0.001337 
-0.011484, 0.004349, 0.001342 
-0.012276, 0.004107, 0.001200 
-0.012345, 0.004121, 0.001202 
-0.012417, 0.004136, 0.001204 
-0.012489, 0.004151, 0.001207 
-0.012561, 0.004166, 0.001209 
-0.012634, 0.004181, 0.001211 
-0.012704, 0.004196, 0.001213 
-0.012774, 0.004211, 0.001215 
-0.012847, 0.004226, 0.001217 
-0.012919, 0.004241, 0.001219 
-0.012989, 0.004256, 0.001222 
-0.013061, 0.004271, 0.001224 
-0.013132, 0.004286, 0.001226 
-0.013203, 0.004300, 0.001228 
-0.013275, 0.004315, 0.001230 
-0.013346, 0.004330, 0.001232 
-0.013417, 0.004345, 0.001234 
-0.013487, 0.004360, 0.001237 
-0.013564, 0.004376, 0.001239 
-0.013630, 0.004389, 0.001241 
-0.013702, 0.004405, 0.001243 
-0.013773, 0.004419, 0.001245 
-0.013845, 0.004434, 0.001247 
-0.013917, 0.004449, 0.001249 
-0.013989, 0.004464, 0.001252 
-0.014060, 0.004479, 0.001254 
-0.014135, 0.004495, 0.001256 
-0.014204, 0.004509, 0.001258 
-0.014275, 0.004524, 0.001260 
-0.014346, 0.004539, 0.001262 
-0.014417, 0.004554, 0.001264 
-0.014489, 0.004569, 0.001267 
-0.014560, 0.004584, 0.001269 
-0.014630, 0.004598, 0.001271 
-0.014703, 0.004613, 0.001273 
-0.014773, 0.004628, 0.001275 
-0.014845, 0.004643, 0.001277 
-0.014918, 0.004658, 0.001279 
-0.014987, 0.004673, 0.001282 
-0.014275, 0.002814, 0.000910 
-0.014324, 0.002787, 0.000904 
-0.014377, 0.002757, 0.000898 
-0.014430, 0.002727, 0.000891 
-0.014483, 0.002698, 0.000884 
-0.014536, 0.002669, 0.000877 
-0.014589, 0.002639, 0.000871 
-0.014641, 0.002610, 0.000864 
-0.014694, 0.002581, 0.000857 
-0.014747, 0.002551, 0.000851 
-0.014800, 0.002521, 0.000844 
-0.014852, 0.002492, 0.000837 
-0.014905, 0.002463, 0.000831 
-0.014958, 0.002433, 0.000824 
-0.015010, 0.002404, 0.000817 
-0.015063, 0.002375, 0.000811 
-0.015115, 0.002345, 0.000804 
-0.015169, 0.002315, 0.000797 
-0.015222, 0.002286, 0.000791 
-0.015276, 0.002256, 0.000784 
-0.015327, 0.002228, 0.000777 
-0.015380, 0.002198, 0.000771 
-0.015433, 0.002168, 0.000764 
-0.015485, 0.002139, 0.000757 
-0.015538, 0.002110, 0.000751 
-0.015591, 0.002080, 0.000744 
-0.015643, 0.002051, 0.000737 
-0.015696, 0.002022, 0.000730 
-0.015749, 0.001992, 0.000724 
-0.015802, 0.001963, 0.000717 
-0.015854, 0.001933, 0.000710 
-0.015907, 0.001904, 0.000704 
-0.015961, 0.001874, 0.000697 
-0.016013, 0.001845, 0.000690 
-0.016065, 0.001816, 0.000684 
-0.016118, 0.001786, 0.000677 
-0.016171, 0.001757, 0.000670 
-0.016224, 0.001727, 0.000664 
-0.016279, 0.001697, 0.000657 
-0.016329, 0.001669, 0.000650 
-0.015229, 0.001593, 0.000490 
-0.015246, 0.001574, 0.000484 
-0.015271, 0.001543, 0.000474 
-0.015297, 0.001513, 0.000464 
-0.015323, 0.001483, 0.000454 
-0.015349, 0.001452, 0.000443 
-0.015375, 0.001422, 0.000433 
-0.015401, 0.001392, 0.000423 
-0.015427, 0.001362, 0.000413 
-0.015453, 0.001332, 0.000403 
-0.015479, 0.001301, 0.000393 
-0.015504, 0.001271, 0.000383 
-0.015530, 0.001241, 0.000373 
-0.015556, 0.001211, 0.000362 
-0.015582, 0.001180, 0.000352 
-0.015608, 0.001151, 0.000342 
-0.015634, 0.001120, 0.000332 
-0.015660, 0.001090, 0.000322 
-0.015685, 0.001060, 0.000312 
-0.015711, 0.001030, 0.000302 
-0.015737, 0.000999, 0.000291 
-0.015763, 0.000969, 0.000281 
-0.015789, 0.000939, 0.000271 
-0.015815, 0.000908, 0.000261 
-0.015840, 0.000879, 0.000251 
-0.015866, 0.000848, 0.000241 
-0.015892, 0.000818, 0.000231 
-0.015918, 0.000787, 0.000220 
-0.015944, 0.000757, 0.000210 
-0.015970, 0.000727, 0.000200 
-0.015996, 0.000697, 0.000190 
-0.016022, 0.000667, 0.000180 
-0.016048, 0.000636, 0.000170 
-0.016073, 0.000606, 0.000160 
-0.016099, 0.000576, 0.000149 
-0.016125, 0.000546, 0.000139 
-0.016151, 0.000515, 0.000129 
-0.016177, 0.000485, 0.000119 
-0.016203, 0.000455, 0.000109 
-0.014468, 0.001463, 0.000308 
-0.014460, 0.001461, 0.000305 
-0.014445, 0.001455, 0.000300 
-0.014430, 0.001449, 0.000295 
-0.014414, 0.001443, 0.000290 
-0.014399, 0.001437, 0.000285 
-0.014384, 0.001432, 0.000279 
-0.014369, 0.001426, 0.000274 
-0.014353, 0.001420, 0.000269 
-0.014338, 0.001414, 0.000264 
-0.014323, 0.001409, 0.000259 
-0.014307, 0.001403, 0.000254 
-0.014292, 0.001397, 0.000248 
-0.014277, 0.001391, 0.000243 
-0.014261, 0.001386, 0.000238 
-0.014246, 0.001380, 0.000233 
-0.014231, 0.001374, 0.000228 
-0.014215, 0.001368, 0.000223 
-0.014200, 0.001363, 0.000217 
-0.014185, 0.001357, 0.000212 
-0.014170, 0.001351, 0.000207 
-0.014154, 0.001345, 0.000202 
-0.014139, 0.001340, 0.000197 
-0.014124, 0.001334, 0.000192 
-0.014108, 0.001328, 0.000186 
-0.014093, 0.001322, 0.000181 
-0.014078, 0.001316, 0.000176 
-0.014062, 0.001311, 0.000171 
-0.014047, 0.001305, 0.000166 
-0.014032, 0.001299, 0.000161 
-0.014017, 0.001293, 0.000155 
-0.014001, 0.001288, 0.000150 
-0.013986, 0.001282, 0.000145 
-0.013971, 0.001276, 0.000140 
-0.013955, 0.001270, 0.000135 
-0.013940, 0.001265, 0.000130 
-0.013924, 0.001259, 0.000124 
-0.013909, 0.001253, 0.000119 
-0.013894, 0.001247, 0.000114 
-0.013588, 0.002418, 0.000004 
-0.013587, 0.002419, 0.000004 
-0.013569, 0.002437, -0.000002 
-0.013548, 0.002458, -0.000009 
-0.013526, 0.002480, -0.000017 
-0.013505, 0.002501, -0.000024 
-0.013483, 0.002522, -0.000032 
-0.013461, 0.002544, -0.000039 
-0.013440, 0.002564, -0.000046 
-0.013418, 0.002586, -0.000054 
-0.013397, 0.002607, -0.000061 
-0.013375, 0.002629, -0.000069 
-0.013354, 0.002650, -0.000076 
-0.013332, 0.002671, -0.000084 
-0.013310, 0.002692, -0.000091 
-0.013289, 0.002714, -0.000098 
-0.013267, 0.002735, -0.000106 
-0.013246, 0.002756, -0.000113 
-0.013224, 0.002778, -0.000121 
-0.013203, 0.002799, -0.000128 
-0.013181, 0.002820, -0.000136 
-0.013160, 0.002841, -0.000143 
-0.013138, 0.002863, -0.000150 
-0.013116, 0.002884, -0.000158 
-0.013095, 0.002905, -0.000165 
-0.013073, 0.002927, -0.000173 
-0.013052, 0.002948, -0.000180 
-0.013030, 0.002969, -0.000188 
-0.013009, 0.002990, -0.000195 
-0.012987, 0.003012, -0.000202 
-0.012965, 0.003033, -0.000210 
-0.012944, 0.003054, -0.000217 
-0.012923, 0.003075, -0.000225 
-0.012901, 0.003097, -0.000232 
-0.012879, 0.003118, -0.000239 
-0.012858, 0.003139, -0.000247 
-0.012836, 0.003160, -0.000254 
-0.012815, 0.003182, -0.000262 
-0.012793, 0.003203, -0.000269 
-0.012107, 0.003095, -0.000203 
-0.012091, 0.003103, -0.000205 
-0.012053, 0.003121, -0.000211 
-0.012017, 0.003139, -0.000216 
-0.011980, 0.003157, -0.000222 
-0.011943, 0.003175, -0.000227 
-0.011906, 0.003193, -0.000233 
-0.011869, 0.003211, -0.000239 
-0.011832, 0.003229, -0.000244 
-0.011793, 0.003248, -0.000250 
-0.011758, 0.003265, -0.000255 
-0.011721, 0.003283, -0.000261 
-0.011684, 0.003301, -0.000267 
-0.011645, 0.003320, -0.000272 
-0.011609, 0.003338, -0.000278 
-0.011573, 0.003355, -0.000283 
-0.011536, 0.003373, -0.000289 
-0.011499, 0.003391, -0.000294 
-0.011462, 0.003409, -0.000300 
-0.011425, 0.003427, -0.000306 
-0.011389, 0.003445, -0.000311 
-0.011352, 0.003463, -0.000317 
-0.011314, 0.003481, -0.000322 
-0.011278, 0.003499, -0.000328 
-0.011241, 0.003517, -0.000334 
-0.011204, 0.003535, -0.000339 
-0.011167, 0.003553, -0.000345 
-0.011130, 0.003571, -0.000350 
-0.011093, 0.003589, -0.000356 
-0.011056, 0.003606, -0.000361 
-0.011019, 0.003625, -0.000367 
-0.010982, 0.003642, -0.000373 
-0.010945, 0.003660, -0.000378 
-0.010907, 0.003679, -0.000384 
-0.010871, 0.003696, -0.000389 
-0.010834, 0.003714, -0.000395 
-0.010797, 0.003732, -0.000401 
-0.010760, 0.003750, -0.000406 
-0.010723, 0.003768, -0.000412 
-0.011247, 0.003780, -0.000137 
-0.011241, 0.003785, -0.000137 
-0.011218, 0.003802, -0.000136 
-0.011194, 0.003819, -0.000135 
-0.011171, 0.003837, -0.000134 
-0.011148, 0.003854, -0.000133 
-0.011125, 0.003872, -0.000132 
-0.011102, 0.003890, -0.000131 
-0.011079, 0.003907, -0.000130 
-0.011056, 0.003924, -0.000129 
-0.011032, 0.003942, -0.000128 
-0.011009, 0.003959, -0.000126 
-0.010986, 0.003977, -0.000125 
-0.010962, 0.003995, -0.000124 
-0.010939, 0.004012, -0.000123 
-0.010916, 0.004030, -0.000122 
-0.010893, 0.004047, -0.000121 
-0.010870, 0.004064, -0.000120 
-0.010846, 0.004082, -0.000119 
-0.010823, 0.004100, -0.000118 
-0.010800, 0.004117, -0.000117 
-0.010777, 0.004135, -0.000116 
-0.010754, 0.004152, -0.000115 
-0.010731, 0.004170, -0.000114 
-0.010708, 0.004187, -0.000113 
-0.010684, 0.004205, -0.000112 
-0.010660, 0.004223, -0.000110 
-0.010638, 0.004240, -0.000109 
-0.010615, 0.004257, -0.000108 
-0.010591, 0.004275, -0.000107 
-0.010568, 0.004292, -0.000106 
-0.010545, 0.004310, -0.000105 
-0.010522, 0.004327, -0.000104 
-0.010498, 0.004345, -0.000103 
-0.010475, 0.004363, -0.000102 
-0.010452, 0.004380, -0.000101 
-0.010429, 0.004397, -0.000100 
-0.010406, 0.004415, -0.000099 
-0.010383, 0.004432, -0.000098 
-0.010359, 0.004450, -0.000097 
-0.012100, 0.004264, 0.000146 
-0.012106, 0.004269, 0.000149 
-0.012124, 0.004281, 0.000155 
-0.012142, 0.004294, 0.000162 
-0.012160, 0.004307, 0.000169 
-0.012177, 0.004319, 0.000175 
-0.012195, 0.004332, 0.000182 
-0.012213, 0.004345, 0.000189 
-0.012230, 0.004357, 0.000195 
-0.012248, 0.004370, 0.000202 
-0.012265, 0.004382, 0.000208 
-0.012283, 0.004395, 0.000215 
-0.012301, 0.004408, 0.000221 
-0.012318, 0.004420, 0.000228 
-0.012336, 0.004433, 0.000235 
-0.012353, 0.004445, 0.000241 
-0.012371, 0.004458, 0.000248 
-0.012389, 0.004470, 0.000254 
-0.012406, 0.004483, 0.000261 
-0.012424, 0.004496, 0.000268 
-0.012441, 0.004508, 0.000274 
-0.012459, 0.004521, 0.000281 
-0.012477, 0.004533, 0.000287 
-0.012494, 0.004546, 0.000294 
-0.012512, 0.004559, 0.000301 
-0.012530, 0.004571, 0.000307 
-0.012547, 0.004584, 0.000314 
-0.012565, 0.004597, 0.000320 
-0.012583, 0.004609, 0.000327 
-0.012600, 0.004622, 0.000334 
-0.012618, 0.004634, 0.000340 
-0.012636, 0.004647, 0.000347 
-0.012653, 0.004659, 0.000353 
-0.012671, 0.004672, 0.000360 
-0.012688, 0.004685, 0.000367 
-0.012706, 0.004697, 0.000373 
-0.012723, 0.004710, 0.000380 
-0.012741, 0.004722, 0.000386 
-0.012759, 0.004735, 0.000393 
-0.014016, 0.004572, 0.000599 
-0.014056, 0.004579, 0.000608 
-0.014102, 0.004588, 0.000620 
-0.014149, 0.004596, 0.000631 
-0.014196, 0.004605, 0.000642 
-0.014242, 0.004613, 0.000653 
-0.014290, 0.004621, 0.000665 
-0.014336, 0.004630, 0.000676 
-0.014383, 0.004638, 0.000687 
-0.014429, 0.004647, 0.000698 
-0.014477, 0.004655, 0.000710 
-0.014523, 0.004664, 0.000721 
-0.014573, 0.004672, 0.000733 
-0.014617, 0.004680, 0.000744 
-0.014664, 0.004689, 0.000755 
-0.014710, 0.004697, 0.000766 
-0.014757, 0.004706, 0.000777 
-0.014804, 0.004714, 0.000789 
-0.014851, 0.004723, 0.000800 
-0.014899, 0.004731, 0.000812 
-0.014944, 0.004739, 0.000823 
-0.014991, 0.004748, 0.000834 
-0.015038, 0.004756, 0.000845 
-0.015085, 0.004765, 0.000856 
-0.015132, 0.004773, 0.000868 
-0.015179, 0.004781, 0.000879 
-0.015225, 0.004790, 0.000890 
-0.015272, 0.004798, 0.000902 
-0.015319, 0.004807, 0.000913 
-0.015366, 0.004815, 0.000924 
-0.015412, 0.004823, 0.000935 
-0.015461, 0.004832, 0.000947 
-0.015506, 0.004840, 0.000958 
-0.015553, 0.004849, 0.000969 
-0.015600, 0.004857, 0.000980 
-0.015647, 0.004866, 0.000992 
-0.015694, 0.004874, 0.001003 
-0.015740, 0.004882, 0.001014 
-0.015788, 0.004891, 0.001026 
-0.015833, 0.004899, 0.001037 
-0.013655, 0.003810, 0.000909 
-0.013653, 0.003801, 0.000914 
-0.013648, 0.003784, 0.000922 
-0.013643, 0.003767, 0.000930 
-0.013639, 0.003750, 0.000938 
-0.013634, 0.003734, 0.000946 
-0.013630, 0.003717, 0.000954 
-0.013625, 0.003700, 0.000962 
-0.013620, 0.003683, 0.000970 
-0.013616, 0.003666, 0.000978 
-0.013611, 0.003649, 0.000986 
-0.013606, 0.003632, 0.000994 
-0.013602, 0.003616, 0.001002 
-0.013597, 0.003599, 0.001010 
-0.013593, 0.003582, 0.001018 
-0.013588, 0.003566, 0.001026 
-0.013583, 0.003549, 0.001034 
-0.013579, 0.003532, 0.001041 
-0.013574, 0.003515, 0.001049 
-0.013570, 0.003498, 0.001057 
-0.013565, 0.003482, 0.001065 
-0.013560, 0.003465, 0.001073 
-0.013556, 0.003448, 0.001081 
-0.013551, 0.003431, 0.001090 
-0.013547, 0.003414, 0.001097 
-0.013542, 0.003398, 0.001105 
-0.013537, 0.003381, 0.001113 
-0.013533, 0.003364, 0.001121 
-0.013528, 0.003347, 0.001129 
-0.013524, 0.003331, 0.001137 
-0.013519, 0.003313, 0.001146 
-0.013514, 0.003297, 0.001153 
-0.013510, 0.003280, 0.001161 
-0.013505, 0.003263, 0.001169 
-0.013501, 0.003247, 0.001177 
-0.013496, 0.003230, 0.001185 
-0.013491, 0.003213, 0.001193 
-0.013487, 0.003196, 0.001201 
-0.012671, 0.001855, 0.001110 
-0.012670, 0.001853, 0.001110 
-0.012645, 0.001804, 0.001116 
-0.012622, 0.001757, 0.001121 
-0.012599, 0.001710, 0.001127 
-0.012574, 0.001659, 0.001132 
-0.012551, 0.001614, 0.001138 
-0.012528, 0.001567, 0.001143 
-0.012504, 0.001519, 0.001149 
-0.012481, 0.001472, 0.001154 
-0.012456, 0.001421, 0.001160 
-0.012433, 0.001376, 0.001165 
-0.012409, 0.001328, 0.001171 
-0.012386, 0.001281, 0.001176 
-0.012362, 0.001233, 0.001182 
-0.012339, 0.001186, 0.001187 
-0.012315, 0.001139, 0.001192 
-0.012292, 0.001091, 0.001198 
-0.012268, 0.001043, 0.001203 
-0.012245, 0.000996, 0.001209 
-0.012221, 0.000948, 0.001214 
-0.012197, 0.000900, 0.001220 
-0.012173, 0.000852, 0.001225 
-0.012150, 0.000805, 0.001231 
-0.012126, 0.000757, 0.001236 
-0.012103, 0.000709, 0.001242 
-0.012079, 0.000662, 0.001247 
-0.012056, 0.000615, 0.001253 
-0.012032, 0.000567, 0.001258 
-0.012008, 0.000520, 0.001264 
-0.011985, 0.000472, 0.001269 
-0.011961, 0.000425, 0.001275 
-0.011938, 0.000377, 0.001280 
-0.011914, 0.000330, 0.001286 
-0.011891, 0.000282, 0.001291 
-0.011867, 0.000235, 0.001296 
-0.011844, 0.000187, 0.001302 
-0.011820, 0.000140, 0.001307 
-0.011796, 0.000092, 0.001313 
-0.010924, 0.000522, 0.001213 
-0.010893, 0.000497, 0.001215 
-0.010849, 0.000461, 0.001218 
-0.010806, 0.000425, 0.001221 
-0.010762, 0.000390, 0.001224 
-0.010718, 0.000354, 0.001227 
-0.010674, 0.000317, 0.001229 
-0.010631, 0.000282, 0.001232 
-0.010587, 0.000246, 0.001235 
-0.010543, 0.000210, 0.001238 
-0.010500, 0.000174, 0.001241 
-0.010456, 0.000138, 0.001244 
-0.010412, 0.000102, 0.001247 
-0.010369, 0.000067, 0.001250 
-0.010325, 0.000031, 0.001253 
-0.010281, -0.000005, 0.001256 
-0.010238, -0.000041, 0.001259 
-0.010194, -0.000077, 0.001262 
-0.010150, -0.000113, 0.001264 
-0.010107, -0.000149, 0.001267 
-0.010063, -0.000184, 0.001270 
-0.010020, -0.000220, 0.001273 
-0.009976, -0.000256, 0.001276 
-0.009931, -0.000293, 0.001279 
-0.009888, -0.000329, 0.001282 
-0.009845, -0.000364, 0.001285 
-0.009800, -0.000400, 0.001288 
-0.009756, -0.000436, 0.001291 
-0.009713, -0.000472, 0.001294 
-0.009669, -0.000508, 0.001297 
-0.009626, -0.000544, 0.001300 
-0.009583, -0.000579, 0.001302 
-0.009539, -0.000615, 0.001305 
-0.009495, -0.000651, 0.001308 
-0.009451, -0.000687, 0.001311 
-0.009405, -0.000725, 0.001314 
-0.009364, -0.000758, 0.001317 
-0.009320, -0.000795, 0.001320 
-0.009277, -0.000830, 0.001323 
-0.009233, -0.000866, 0.001326 
-0.009271, 0.000960, 0.001432 
-0.009259, 0.000962, 0.001433 
-0.009217, 0.000970, 0.001439 
-0.009177, 0.000977, 0.001444 
-0.009136, 0.000985, 0.001449 
-0.009094, 0.000993, 0.001454 
-0.009053, 0.001001, 0.001460 
-0.009012, 0.001008, 0.001465 
-0.008971, 0.001016, 0.001470 
-0.008930, 0.001024, 0.001475 
-0.008890, 0.001031, 0.001481 
-0.008848, 0.001039, 0.001486 
-0.008806, 0.001047, 0.001491 
-0.008766, 0.001054, 0.001496 
-0.008724, 0.001062, 0.001502 
-0.008682, 0.001070, 0.001507 
-0.008642, 0.001077, 0.001512 
-0.008601, 0.001085, 0.001517 
-0.008560, 0.001092, 0.001523 
-0.008519, 0.001100, 0.001528 
-0.008478, 0.001108, 0.001533 
-0.008437, 0.001115, 0.001538 
-0.008396, 0.001123, 0.001544 
-0.008355, 0.001131, 0.001549 
-0.008314, 0.001138, 0.001554 
-0.008273, 0.001146, 0.001559 
-0.008232, 0.001154, 0.001565 
-0.008190, 0.001161, 0.001570 
-0.008149, 0.001169, 0.001575 
-0.008108, 0.001177, 0.001580 
-0.008068, 0.001184, 0.001586 
-0.008027, 0.001192, 0.001591 
-0.007986, 0.001200, 0.001596 
-0.007944, 0.001207, 0.001601 
-0.007901, 0.001215, 0.001607 
-0.007862, 0.001223, 0.001612 
-0.007821, 0.001230, 0.001617 
-0.007780, 0.001238, 0.001622 
-0.007739, 0.001245, 0.001628 
-0.010258, 0.001037, 0.001412 
-0.010262, 0.001038, 0.001412 
-0.010282, 0.001040, 0.001412 
-0.010301, 0.001043, 0.001412 
-0.010321, 0.001045, 0.001412 
-0.010341, 0.001048, 0.001412 
-0.010360, 0.001050, 0.001412 
-0.010380, 0.001053, 0.001412 
-0.010399, 0.001055, 0.001412 
-0.010419, 0.001058, 0.001412 
-0.010438, 0.001060, 0.001412 
-0.010458, 0.001063, 0.001412 
-0.010477, 0.001065, 0.001412 
-0.010497, 0.001068, 0.001412 
-0.010517, 0.001070, 0.001411 
-0.010536, 0.001072, 0.001411 
-0.010556, 0.001075, 0.001411 
-0.010575, 0.001078, 0.001411 
-0.010595, 0.001080, 0.001411 
-0.010614, 0.001082, 0.001411 
-0.010633, 0.001085, 0.001411 
-0.010653, 0.001087, 0.001411 
-0.010672, 0.001090, 0.001411 
-0.010692, 0.001092, 0.001411 
-0.010712, 0.001095, 0.001411 
-0.010731, 0.001097, 0.001411 
-0.010751, 0.001100, 0.001411 
-0.010770, 0.001102, 0.001411 
-0.010790, 0.001105, 0.001411 
-0.010810, 0.001107, 0.001411 
-0.010829, 0.001110, 0.001411 
-0.010848, 0.001112, 0.001411 
-0.010868, 0.001115, 0.001411 
-0.010888, 0.001117, 0.001411 
-0.010907, 0.001120, 0.001411 
-0.010927, 0.001122, 0.001411 
-0.010947, 0.001124, 0.001411 
-0.010966, 0.001127, 0.001411 
-0.010986, 0.001129, 0.001411 
-0.011005, 0.001132, 0.001411 
-0.011416, 0.001866, 0.001520 
-0.011429, 0.001875, 0.001521 
-0.011457, 0.001894, 0.001524 
-0.011485, 0.001914, 0.001526 
-0.011514, 0.001933, 0.001529 
-0.011543, 0.001953, 0.001531 
-0.011571, 0.001972, 0.001534 
-0.011599, 0.001991, 0.001536 
-0.011627, 0.002010, 0.001539 
-0.011656, 0.002030, 0.001541 
-0.011684, 0.002049, 0.001544 
-0.011712, 0.002068, 0.001546 
-0.011740, 0.002087, 0.001549 
-0.011769, 0.002106, 0.001551 
-0.011797, 0.002126, 0.001554 
-0.011825, 0.002145, 0.001556 
-0.011853, 0.002164, 0.001559 
-0.011881, 0.002183, 0.001561 
-0.011910, 0.002203, 0.001564 
-0.011938, 0.002222, 0.001566 
-0.011966, 0.002241, 0.001569 
-0.011995, 0.002260, 0.001571 
-0.012023, 0.002280, 0.001574 
-0.012051, 0.002299, 0.001576 
-0.012080, 0.002318, 0.001579 
-0.012108, 0.002337, 0.001581 
-0.012136, 0.002357, 0.001584 
-0.012164, 0.002376, 0.001586 
-0.012193, 0.002395, 0.001589 
-0.012222, 0.002415, 0.001591 
-0.012249, 0.002434, 0.001594 
-0.012278, 0.002453, 0.001596 
-0.012306, 0.002473, 0.001599 
-0.012335, 0.002492, 0.001601 
-0.012363, 0.002511, 0.001604 
-0.012391, 0.002530, 0.001606 
-0.012419, 0.002550, 0.001609 
-0.012448, 0.002569, 0.001611 
-0.012476, 0.002588, 0.001614 
-0.013232, 0.002643, 0.001737 
-0.013247, 0.002650, 0.001739 
-0.013293, 0.002670, 0.001744 
-0.013338, 0.002690, 0.001749 
-0.013382, 0.002710, 0.001754 
-0.013427, 0.002730, 0.001760 
-0.013472, 0.002750, 0.001765 
-0.013516, 0.002769, 0.001770 
-0.013561, 0.002789, 0.001775 
-0.013606, 0.002809, 0.001781 
-0.013651, 0.002829, 0.001786 
-0.013696, 0.002849, 0.001791 
-0.013741, 0.002869, 0.001796 
-0.013786, 0.002888, 0.001802 
-0.013830, 0.002908, 0.001807 
-0.013875, 0.002928, 0.001812 
-0.013920, 0.002948, 0.001817 
-0.013965, 0.002968, 0.001823 
-0.014009, 0.002987, 0.001828 
-0.014054, 0.003007, 0.001833 
-0.014099, 0.003027, 0.001839 
-0.014144, 0.003047, 0.001844 
-0.014189, 0.003067, 0.001849 
-0.014234, 0.003087, 0.001854 
-0.014281, 0.003107, 0.001860 
-0.014324, 0.003126, 0.001865 
-0.014368, 0.003146, 0.001870 
-0.014413, 0.003166, 0.001875 
-0.014458, 0.003186, 0.001881 
-0.014503, 0.003206, 0.001886 
-0.014548, 0.003225, 0.001891 
-0.014592, 0.003245, 0.001896 
-0.014637, 0.003265, 0.001902 
-0.014682, 0.003285, 0.001907 
-0.014727, 0.003305, 0.001912 
-0.014772, 0.003324, 0.001918 
-0.014816, 0.003344, 0.001923 
-0.014862, 0.003364, 0.001928 
-0.014906, 0.003384, 0.001933 
-0.014951, 0.003404, 0.001939 
-0.012862, 0.002413, 0.001709 
-0.012861, 0.002412, 0.001709 
-0.012857, 0.002409, 0.001709 
-0.012853, 0.002405, 0.001709 
-0.012848, 0.002402, 0.001709 
-0.012844, 0.002398, 0.001709 
-0.012840, 0.002395, 0.001708 
-0.012835, 0.002391, 0.001708 
-0.012831, 0.002388, 0.001708 
-0.012827, 0.002385, 0.001708 
-0.012823, 0.002381, 0.001708 
-0.012818, 0.002378, 0.001708 
-0.012814, 0.002374, 0.001708 
-0.012810, 0.002371, 0.001707 
-0.012806, 0.002368, 0.001707 
-0.012801, 0.002364, 0.001707 
-0.012797, 0.002361, 0.001707 
-0.012793, 0.002357, 0.001707 
-0.012788, 0.002354, 0.001707 
-0.012784, 0.002350, 0.001707 
-0.012780, 0.002347, 0.001706 
-0.012776, 0.002344, 0.001706 
-0.012771, 0.002340, 0.001706 
-0.012767, 0.002337, 0.001706 
-0.012763, 0.002333, 0.001706 
-0.012758, 0.002330, 0.001706 
-0.012754, 0.002327, 0.001706 
-0.012750, 0.002323, 0.001705 
-0.012745, 0.002320, 0.001705 
-0.012741, 0.002316, 0.001705 
-0.012737, 0.002313, 0.001705 
-0.012733, 0.002309, 0.001705 
-0.012728, 0.002306, 0.001705 
-0.012724, 0.002303, 0.001705 
-0.012720, 0.002299, 0.001704 
-0.012716, 0.002296, 0.001704 
-0.012711, 0.002292, 0.001704 
-0.012707, 0.002289, 0.001704 
-0.012056, 0.001483, 0.001423 
-0.012055, 0.001482, 0.001423 
-0.012048, 0.001473, 0.001421 
-0.012028, 0.001451, 0.001414 
-0.012009, 0.001430, 0.001407 
-0.011990, 0.001408, 0.001401 
-0.011971, 0.001386, 0.001394 
-0.011952, 0.001364, 0.001387 
-0.011933, 0.001342, 0.001381 
-0.011914, 0.001320, 0.001374 
-0.011894, 0.001297, 0.001367 
-0.011875, 0.001276, 0.001361 
-0.011856, 0.001254, 0.001354 
-0.011837, 0.001232, 0.001348 
-0.011818, 0.001210, 0.001341 
-0.011799, 0.001188, 0.001334 
-0.011780, 0.001167, 0.001328 
-0.011761, 0.001145, 0.001321 
-0.011742, 0.001123, 0.001314 
-0.011722, 0.001101, 0.001308 
-0.011703, 0.001079, 0.001301 
-0.011684, 0.001057, 0.001295 
-0.011665, 0.001035, 0.001288 
-0.011646, 0.001013, 0.001281 
-0.011627, 0.000991, 0.001275 
-0.011608, 0.000970, 0.001268 
-0.011589, 0.000948, 0.001261 
-0.011570, 0.000926, 0.001255 
-0.011550, 0.000904, 0.001248 
-0.011531, 0.000882, 0.001241 
-0.011512, 0.000860, 0.001235 
-0.011493, 0.000838, 0.001228 
-0.011474, 0.000816, 0.001221 
-0.011454, 0.000794, 0.001215 
-0.011435, 0.000772, 0.001208 
-0.011416, 0.000750, 0.001202 
-0.011397, 0.000729, 0.001195 
-0.011378, 0.000707, 0.001188 
-0.011359, 0.000685, 0.001182 
-0.011224, 0.000876, 0.001305 
-0.011224, 0.000876, 0.001305 
-0.011215, 0.000869, 0.001303 
-0.011194, 0.000853, 0.001300 
-0.011172, 0.000837, 0.001297 
-0.011151, 0.000821, 0.001293 
-0.011130, 0.000804, 0.001290 
-0.011109, 0.000788, 0.001286 
-0.011088, 0.000772, 0.001283 
-0.011067, 0.000756, 0.001280 
-0.011046, 0.000740, 0.001276 
-0.011025, 0.000724, 0.001273 
-0.011004, 0.000707, 0.001269 
-0.010983, 0.000691, 0.001266 
-0.010961, 0.000675, 0.001263 
-0.010940, 0.000659, 0.001259 
-0.010919, 0.000643, 0.001256 
-0.010898, 0.000627, 0.001253 
-0.010877, 0.000610, 0.001249 
-0.010856, 0.000594, 0.001246 
-0.010835, 0.000578, 0.001242 
-0.010814, 0.000562, 0.001239 
-0.010793, 0.000546, 0.001236 
-0.010771, 0.000529, 0.001232 
-0.010750, 0.000513, 0.001229 
-0.010729, 0.000497, 0.001225 
-0.010708, 0.000481, 0.001222 
-0.010687, 0.000465, 0.001219 
-0.010666, 0.000448, 0.001215 
-0.010645, 0.000432, 0.001212 
-0.010624, 0.000416, 0.001208 
-0.010603, 0.000400, 0.001205 
-0.010581, 0.000384, 0.001202 
-0.010560, 0.000368, 0.001198 
-0.010539, 0.000351, 0.001195 
-0.010518, 0.000335, 0.001191 
-0.010497, 0.000319, 0.001188 
-0.010476, 0.000303, 0.001185 
-0.010455, 0.000287, 0.001181 
-0.010434, 0.000271, 0.001178 
-0.010306, 0.000902, 0.000990 
-0.010300, 0.000902, 0.000988 
-0.010277, 0.000901, 0.000980 
-0.010253, 0.000900, 0.000973 
-0.010230, 0.000899, 0.000965 
-0.010207, 0.000898, 0.000958 
-0.010184, 0.000897, 0.000950 
-0.010161, 0.000896, 0.000942 
-0.010137, 0.000895, 0.000935 
-0.010114, 0.000894, 0.000927 
-0.010091, 0.000893, 0.000920 
-0.010068, 0.000892, 0.000912 
-0.010044, 0.000891, 0.000904 
-0.010021, 0.000890, 0.000897 
-0.009998, 0.000889, 0.000889 
-0.009975, 0.000888, 0.000882 
-0.009952, 0.000887, 0.000874 
-0.009928, 0.000886, 0.000866 
-0.009905, 0.000885, 0.000859 
-0.009882, 0.000884, 0.000851 
-0.009859, 0.000883, 0.000844 
-0.009836, 0.000882, 0.000836 
-0.009813, 0.000881, 0.000829 
-0.009789, 0.000880, 0.000821 
-0.009766, 0.000879, 0.000813 
-0.009743, 0.000878, 0.000806 
-0.009720, 0.000877, 0.000798 
-0.009696, 0.000876, 0.000791 
-0.009673, 0.000875, 0.000783 
-0.009651, 0.000874, 0.000776 
-0.009627, 0.000873, 0.000768 
-0.009604, 0.000872, 0.000760 
-0.009580, 0.000871, 0.000753 
-0.009557, 0.000870, 0.000745 
-0.009534, 0.000869, 0.000737 
-0.009511, 0.000868, 0.000730 
-0.009488, 0.000867, 0.000722 
-0.009465, 0.000866, 0.000715 
-0.009441, 0.000865, 0.000707 
-0.010517, 0.000776, 0.000847 
-0.010519, 0.000774, 0.000844 
-0.010522, 0.000771, 0.000840 
-0.010525, 0.000768, 0.000836 
-0.010528, 0.000765, 0.000832 
-0.010531, 0.000762, 0.000828 
-0.010534, 0.000758, 0.000824 
-0.010536, 0.000755, 0.000820 
-0.010539, 0.000752, 0.000816 
-0.010542, 0.000749, 0.000812 
-0.010545, 0.000746, 0.000808 
-0.010548, 0.000743, 0.000804 
-0.010551, 0.000740, 0.000800 
-0.010554, 0.000737, 0.000796 
-0.010557, 0.000734, 0.000792 
-0.010560, 0.000731, 0.000787 
-0.010563, 0.000728, 0.000783 
-0.010566, 0.000725, 0.000779 
-0.010569, 0.000722, 0.000775 
-0.010572, 0.000719, 0.000771 
-0.010575, 0.000715, 0.000767 
-0.010578, 0.000712, 0.000763 
-0.010581, 0.000709, 0.000759 
-0.010583, 0.000706, 0.000755 
-0.010586, 0.000703, 0.000751 
-0.010589, 0.000700, 0.000747 
-0.010592, 0.000697, 0.000743 
-0.010595, 0.000694, 0.000739 
-0.010598, 0.000691, 0.000735 
-0.010601, 0.000688, 0.000731 
-0.010604, 0.000685, 0.000727 
-0.010607, 0.000682, 0.000723 
-0.010610, 0.000679, 0.000719 
-0.010613, 0.000676, 0.000715 
-0.010616, 0.000673, 0.000711 
-0.010619, 0.000669, 0.000707 
-0.010622, 0.000666, 0.000703 
-0.010625, 0.000663, 0.000698 
-0.010627, 0.000660, 0.000694 
-0.010630, 0.000657, 0.000690 
-0.012640, 0.001533, 0.000892 
-0.012676, 0.001545, 0.000892 
-0.012725, 0.001562, 0.000893 
-0.012774, 0.001580, 0.000894 
-0.012824, 0.001597, 0.000895 
-0.012872, 0.001614, 0.000895 
-0.012922, 0.001631, 0.000896 
-0.012972, 0.001649, 0.000897 
-0.013021, 0.001666, 0.000898 
-0.013071, 0.001683, 0.000898 
-0.013120, 0.001701, 0.000899 
-0.013169, 0.001718, 0.000900 
-0.013218, 0.001735, 0.000900 
-0.013268, 0.001752, 0.000901 
-0.013316, 0.001769, 0.000902 
-0.013366, 0.001787, 0.000903 
-0.013415, 0.001804, 0.000903 
-0.013464, 0.001821, 0.000904 
-0.013514, 0.001839, 0.000905 
-0.013563, 0.001856, 0.000906 
-0.013612, 0.001873, 0.000906 
-0.013662, 0.001890, 0.000907 
-0.013711, 0.001907, 0.000908 
-0.013760, 0.001925, 0.000908 
-0.013809, 0.001942, 0.000909 
-0.013859, 0.001959, 0.000910 
-0.013908, 0.001976, 0.000911 
-0.013957, 0.001994, 0.000911 
-0.014007, 0.002011, 0.000912 
-0.014057, 0.002029, 0.000913 
-0.014106, 0.002046, 0.000914 
-0.014155, 0.002063, 0.000914 
-0.014204, 0.002080, 0.000915 
-0.014255, 0.002098, 0.000916 
-0.014302, 0.002114, 0.000917 
-0.014352, 0.002132, 0.000917 
-0.014402, 0.002149, 0.000918 
-0.014450, 0.002166, 0.000919 
-0.014500, 0.002184, 0.000919 
-0.011650, 0.001943, 0.000845 
-0.011637, 0.001950, 0.000844 
-0.011618, 0.001961, 0.000843 
-0.011599, 0.001973, 0.000842 
-0.011580, 0.001983, 0.000841 
-0.011561, 0.001995, 0.000840 
-0.011542, 0.002006, 0.000839 
-0.011523, 0.002017, 0.000838 
-0.011504, 0.002028, 0.000837 
-0.011485, 0.002039, 0.000835 
-0.011465, 0.002050, 0.000834 
-0.011446, 0.002061, 0.000833 
-0.011427, 0.002072, 0.000832 
-0.011408, 0.002084, 0.000831 
-0.011389, 0.002094, 0.000830 
-0.011370, 0.002105, 0.000829 
-0.011351, 0.002116, 0.000828 
-0.011332, 0.002128, 0.000827 
-0.011313, 0.002139, 0.000826 
-0.011294, 0.002150, 0.000825 
-0.011275, 0.002161, 0.000824 
-0.011255, 0.002172, 0.000823 
-0.011237, 0.002183, 0.000822 
-0.011217, 0.002194, 0.000821 
-0.011198, 0.002205, 0.000820 
-0.011179, 0.002216, 0.000819 
-0.011160, 0.002227, 0.000818 
-0.011141, 0.002238, 0.000817 
-0.011122, 0.002250, 0.000816 
-0.011103, 0.002261, 0.000814 
-0.011084, 0.002272, 0.000813 
-0.011065, 0.002283, 0.000812 
-0.011046, 0.002294, 0.000811 
-0.011027, 0.002305, 0.000810 
-0.011008, 0.002316, 0.000809 
-0.010989, 0.002327, 0.000808 
-0.010969, 0.002338, 0.000807 
-0.010950, 0.002349, 0.000806 
-0.010932, 0.002360, 0.000805 
-0.012177, 0.003047, 0.000826 
-0.012179, 0.003053, 0.000826 
-0.012190, 0.003080, 0.000826 
-0.012200, 0.003106, 0.000825 
-0.012211, 0.003133, 0.000825 
-0.012221, 0.003160, 0.000824 
-0.012232, 0.003186, 0.000824 
-0.012242, 0.003212, 0.000823 
-0.012253, 0.003239, 0.000823 
-0.012264, 0.003266, 0.000822 
-0.012274, 0.003292, 0.000822 
-0.012285, 0.003318, 0.000821 
-0.012295, 0.003345, 0.000821 
-0.012306, 0.003372, 0.000820 
-0.012316, 0.003398, 0.000820 
-0.012327, 0.003425, 0.000819 
-0.012337, 0.003452, 0.000819 
-0.012348, 0.003478, 0.000818 
-0.012359, 0.003505, 0.000818 
-0.012369, 0.003531, 0.000817 
-0.012380, 0.003557, 0.000817 
-0.012390, 0.003584, 0.000816 
-0.012401, 0.003611, 0.000816 
-0.012411, 0.003637, 0.000815 
-0.012422, 0.003664, 0.000814 
-0.012432, 0.003690, 0.000814 
-0.012443, 0.003717, 0.000813 
-0.012454, 0.003743, 0.000813 
-0.012464, 0.003770, 0.000812 
-0.012475, 0.003796, 0.000812 
-0.012485, 0.003823, 0.000811 
-0.012496, 0.003849, 0.000811 
-0.012506, 0.003876, 0.000810 
-0.012517, 0.003903, 0.000810 
-0.012527, 0.003929, 0.000809 
-0.012538, 0.003956, 0.000809 
-0.012548, 0.003982, 0.000808 
-0.012559, 0.004009, 0.000808 
-0.012570, 0.004035, 0.000807 
-0.012721, 0.003508, 0.000741 
-0.012721, 0.003509, 0.000741 
-0.012726, 0.003514, 0.000740 
0.027473, 0.277498, 0.122140 
0.027458, 0.277509, 0.122138 
0.027444, 0.277520, 0.122136 
0.027428, 0.277532, 0.122134 
0.027414, 0.277543, 0.122132 
0.027399, 0.277555, 0.122130 
0.027384, 0.277566, 0.122128 
0.027369, 0.277577, 0.122126 
0.027354, 0.277588, 0.122124 
0.027339, 0.277600, 0.122122 
0.027325, 0.277611, 0.122120 
0.027310, 0.277622, 0.122118 
0.027295, 0.277633, 0.122116 
0.027280, 0.277645, 0.122114 
0.027265, 0.277656, 0.122112 
0.027250, 0.277667, 0.122110 
0.027236, 0.277679, 0.122108 
0.027221, 0.277690, 0.122106 
0.027206, 0.277701, 0.122104 
0.027191, 0.277712, 0.122102 
0.027176, 0.277724, 0.122100 
0.027161, 0.277735, 0.122098 
0.027146, 0.277746, 0.122096 
0.027132, 0.277758, 0.122094 
0.027117, 0.277769, 0.122092 
0.027102, 0.277780, 0.122090 
0.027087, 0.277791, 0.122088 
0.027072, 0.277803, 0.122086 
0.027057, 0.277814, 0.122084 
0.027043, 0.277825, 0.122082 
0.027028, 0.277836, 0.122080 
0.027013, 0.277848, 0.122078 
0.026998, 0.277859, 0.122076 
0.026983, 0.277870, 0.122074 
0.026968, 0.277882, 0.122072 
0.026953, 0.277893, 0.122070 
0.028536, 0.276477, 0.122164 
0.028537, 0.276476, 0.122164 
0.028555, 0.276459, 0.122165 
0.028577, 0.276437, 0.122165 
0.028600, 0.276414, 0.122165 
0.028623, 0.276392, 0.122165 
0.028646, 0.276370, 0.122166 
0.028669, 0.276347, 0.122166 
0.028691, 0.276325, 0.122166 
0.028714, 0.276303, 0.122167 
0.028737, 0.276281, 0.122167 
0.028760, 0.276258, 0.122167 
0.028783, 0.276236, 0.122168 
0.028805, 0.276214, 0.122168 
0.028828, 0.276191, 0.122168 
0.028851, 0.276169, 0.122169 
0.028874, 0.276147, 0.122169 
0.028896, 0.276125, 0.122169 
0.028919, 0.276102, 0.122169 
0.028942, 0.276080, 0.122170 
0.028965, 0.276058, 0.122170 
0.028988, 0.276035, 0.122170 
0.029011, 0.276013, 0.122171 
0.029034, 0.275991, 0.122171 
0.029056, 0.275969, 0.122171 
0.029079, 0.275946, 0.122172 
0.029101, 0.275924, 0.122172 
0.029125, 0.275902, 0.122172 
0.029148, 0.275878, 0.122173 
0.029170, 0.275857, 0.122173 
0.029193, 0.275835, 0.122173 
0.029216, 0.275813, 0.122173 
0.029238, 0.275790, 0.122174 
0.029261, 0.275768, 0.122174 
0.029284, 0.275746, 0.122174 
0.029307, 0.275723, 0.122175 
0.029330, 0.275701, 0.122175 
0.029353, 0.275679, 0.122175 
0.029375, 0.275656, 0.122176 
0.029378, 0.275108, 0.122387 
0.029379, 0.275107, 0.122387 
0.029393, 0.275085, 0.122391 
0.029415, 0.275051, 0.122396 
0.029436, 0.275017, 0.122401 
0.029458, 0.274983, 0.122406 
0.029479, 0.274950, 0.122412 
0.029501, 0.274916, 0.122417 
0.029523, 0.274882, 0.122422 
0.029544, 0.274848, 0.122427 
0.029566, 0.274815, 0.122432 
0.029588, 0.274781, 0.122437 
0.029609, 0.274747, 0.122443 
0.029631, 0.274713, 0.122448 
0.029652, 0.274680, 0.122453 
0.029674, 0.274646, 0.122458 
0.029696, 0.274611, 0.122463 
0.029718, 0.274577, 0.122469 
0.029739, 0.274543, 0.122474 
0.029761, 0.274510, 0.122479 
0.029782, 0.274476, 0.122484 
0.029804, 0.274443, 0.122489 
0.029825, 0.274409, 0.122495 
0.029847, 0.274375, 0.122500 
0.029869, 0.274341, 0.122505 
0.029890, 0.274307, 0.122510 
0.029912, 0.274274, 0.122515 
0.029934, 0.274239, 0.122521 
0.029955, 0.274206, 0.122526 
0.029977, 0.274172, 0.122531 
0.029998, 0.274138, 0.122536 
0.030020, 0.274104, 0.122541 
0.030042, 0.274071, 0.122547 
0.030063, 0.274037, 0.122552 
0.030085, 0.274003, 0.122557 
0.030107, 0.273969, 0.122562 
0.030128, 0.273935, 0.122567 
0.030150, 0.273902, 0.122573 
0.030172, 0.273868, 0.122578 
0.030193, 0.273834, 0.122583 
0.029815, 0.274161, 0.122737 
0.029822, 0.274148, 0.122741 
0.029834, 0.274123, 0.122750 
0.029846, 0.274098, 0.122758 
0.029858, 0.274073, 0.122767 
0.029870, 0.274048, 0.122775 
0.029882, 0.274023, 0.122784 
0.029895, 0.273998, 0.122792 
0.029907, 0.273973, 0.122801 
0.029919, 0.273947, 0.122810 
0.029931, 0.273922, 0.122818 
0.029943, 0.273897, 0.122827 
0.029956, 0.273872, 0.122835 
0.029968, 0.273847, 0.122844 
0.029980, 0.273822, 0.122852 
0.029992, 0.273797, 0.122861 
0.030004, 0.273772, 0.122870 
0.030016, 0.273746, 0.122878 
0.030029, 0.273721, 0.122887 
0.030041, 0.273696, 0.122895 
0.030053, 0.273671, 0.122904 
0.030065, 0.273646, 0.122912 
0.030077, 0.273621, 0.122921 
0.030089, 0.273596, 0.122930 
0.030101, 0.273571, 0.122938 
0.030114, 0.273545, 0.122947 
0.030126, 0.273520, 0.122955 
0.030138, 0.273495, 0.122964 
0.030150, 0.273470, 0.122973 
0.030162, 0.273445, 0.122981 
0.030174, 0.273420, 0.122990 
0.030187, 0.273395, 0.122998 
0.030199, 0.273370, 0.123007 
0.030211, 0.273345, 0.123015 
0.030223, 0.273320, 0.123024 
0.030235, 0.273294, 0.123032 
0.030247, 0.273269, 0.123041 
0.030259, 0.273244, 0.123050 
0.030272, 0.273219, 0.123058 
0.029577, 0.273221, 0.123139 
0.029575, 0.273210, 0.123143 
0.029570, 0.273186, 0.123153 
0.029566, 0.273162, 0.123163 
0.029561, 0.273138, 0.123173 
0.029557, 0.273114, 0.123183 
0.029552, 0.273090, 0.123194 
0.029547, 0.273065, 0.123204 
0.029543, 0.273042, 0.123214 
0.029538, 0.273017, 0.123224 
0.029534, 0.272993, 0.123234 
0.029529, 0.272969, 0.123244 
0.029525, 0.272945, 0.123255 
0.029520, 0.272921, 0.123265 
0.029516, 0.272897, 0.123275 
0.029511, 0.272872, 0.123285 
0.029506, 0.272848, 0.123295 
0.029502, 0.272824, 0.123305 
0.029497, 0.272800, 0.123315 
0.029493, 0.272776, 0.123326 
0.029488, 0.272752, 0.123336 
0.029484, 0.272728, 0.123346 
0.029479, 0.272704, 0.123356 
0.029474, 0.272680, 0.123366 
0.029470, 0.272656, 0.123376 
0.029465, 0.272631, 0.123386 
0.029461, 0.272607, 0.123396 
0.029456, 0.272583, 0.123406 
0.029452, 0.272559, 0.123417 
0.029447, 0.272535, 0.123427 
0.029442, 0.272511, 0.123437 
0.029438, 0.272486, 0.123447 
0.029433, 0.272462, 0.123457 
0.029429, 0.272438, 0.123467 
0.029424, 0.272414, 0.123478 
0.029420, 0.272389, 0.123488 
0.029415, 0.272365, 0.123498 
0.029410, 0.272341, 0.123508 
0.029406, 0.272317, 0.123518 
0.029401, 0.272293, 0.123528 
0.029081, 0.274045, 0.123432 
0.029081, 0.274046, 0.123432 
0.029071, 0.274059, 0.123438 
0.029060, 0.274076, 0.123446 
0.029048, 0.274093, 0.123453 
0.029037, 0.274109, 0.123461 
0.029025, 0.274126, 0.123468 
0.029013, 0.274142, 0.123476 
0.029002, 0.274159, 0.123483 
0.028990, 0.274175, 0.123491 
0.028979, 0.274192, 0.123498 
0.028967, 0.274208, 0.123506 
0.028956, 0.274225, 0.123513 
0.028944, 0.274241, 0.123521 
0.028933, 0.274258, 0.123528 
0.028921, 0.274274, 0.123536 
0.028910, 0.274291, 0.123543 
0.028898, 0.274307, 0.123550 
0.028886, 0.274324, 0.123558 
0.028875, 0.274341, 0.123565 
0.028863, 0.274357, 0.123573 
0.028852, 0.274374, 0.123580 
0.028840, 0.274390, 0.123588 
0.028829, 0.274407, 0.123595 
0.028817, 0.274423, 0.123603 
0.028805, 0.274440, 0.123610 
0.028794, 0.274456, 0.123618 
0.028782, 0.274473, 0.123625 
0.028771, 0.274490, 0.123633 
0.028759, 0.274506, 0.123640 
0.028748, 0.274522, 0.123648 
0.028736, 0.274539, 0.123655 
0.028725, 0.274556, 0.123663 
0.028713, 0.274572, 0.123670 
0.028702, 0.274589, 0.123678 
0.028690, 0.274605, 0.123685 
0.028678, 0.274622, 0.123693 
0.028667, 0.274638, 0.123700 
0.028655, 0.274655, 0.123707 
0.028092, 0.275129, 0.123507 
0.028074, 0.275150, 0.123509 
0.028049, 0.275177, 0.123512 
0.028025, 0.275204, 0.123514 
0.028000, 0.275231, 0.123517 
0.027975, 0.275259, 0.123519 
0.027951, 0.275286, 0.123522 
0.027927, 0.275313, 0.123524 
0.027902, 0.275340, 0.123527 
0.027878, 0.275367, 0.123530 
0.027852, 0.275396, 0.123532 
0.027829, 0.275422, 0.123535 
0.027805, 0.275449, 0.123537 
0.027780, 0.275476, 0.123540 
0.027756, 0.275503, 0.123542 
0.027731, 0.275530, 0.123545 
0.027707, 0.275558, 0.123548 
0.027682, 0.275585, 0.123550 
0.027658, 0.275612, 0.123553 
0.027633, 0.275639, 0.123555 
0.027609, 0.275666, 0.123558 
0.027585, 0.275693, 0.123560 
0.027560, 0.275721, 0.123563 
0.027536, 0.275748, 0.123565 
0.027511, 0.275775, 0.123568 
0.027487, 0.275802, 0.123571 
0.027462, 0.275830, 0.123573 
0.027437, 0.275857, 0.123576 
0.027413, 0.275884, 0.123578 
0.027389, 0.275911, 0.123581 
0.027364, 0.275938, 0.123583 
0.027340, 0.275965, 0.123586 
0.027316, 0.275993, 0.123589 
0.027291, 0.276020, 0.123591 
0.027267, 0.276047, 0.123594 
0.027242, 0.276074, 0.123596 
0.027218, 0.276102, 0.123599 
0.027194, 0.276128, 0.123601 
0.028110, 0.276150, 0.123510 
0.028110, 0.276159, 0.123511 
0.028108, 0.276185, 0.123511 
0.028106, 0.276212, 0.123511 
0.028104, 0.276240, 0.123512 
0.028102, 0.276265, 0.123512 
0.028101, 0.276292, 0.123512 
0.028099, 0.276318, 0.123512 
0.028097, 0.276345, 0.123513 
0.028096, 0.276372, 0.123513 
0.028094, 0.276399, 0.123513 
0.028092, 0.276425, 0.123514 
0.028090, 0.276452, 0.123514 
0.028089, 0.276478, 0.123514 
0.028087, 0.276505, 0.123515 
0.028085, 0.276532, 0.123515 
0.028083, 0.276558, 0.123515 
0.028082, 0.276585, 0.123515 
0.028080, 0.276612, 0.123516 
0.028078, 0.276638, 0.123516 
0.028076, 0.276665, 0.123516 
0.028075, 0.276691, 0.123517 
0.028073, 0.276718, 0.123517 
0.028071, 0.276745, 0.123517 
0.028069, 0.276771, 0.123518 
0.028068, 0.276798, 0.123518 
0.028066, 0.276824, 0.123518 
0.028064, 0.276851, 0.123519 
0.028062, 0.276878, 0.123519 
0.028061, 0.276904, 0.123519 
0.028059, 0.276931, 0.123519 
0.028057, 0.276958, 0.123520 
0.028055, 0.276984, 0.123520 
0.028054, 0.277011, 0.123520 
0.028052, 0.277037, 0.123521 
0.028050, 0.277064, 0.123521 
0.028048, 0.277091, 0.123521 
0.028047, 0.277117, 0.123522 
0.028045, 0.277144, 0.123522 
0.028043, 0.277171, 0.123522 
0.028656, 0.274947, 0.123498 
0.028656, 0.274946, 0.123498 
0.028669, 0.274920, 0.123498 
0.028681, 0.274894, 0.123497 
0.028694, 0.274868, 0.123497 
0.028706, 0.274842, 0.123497 
0.028719, 0.274817, 0.123497 
0.028731, 0.274791, 0.123496 
0.028743, 0.274765, 0.123496 
0.028756, 0.274740, 0.123496 
0.028768, 0.274714, 0.123496 
0.028781, 0.274688, 0.123495 
0.028793, 0.274662, 0.123495 
0.028806, 0.274636, 0.123495 
0.028818, 0.274610, 0.123494 
0.028831, 0.274585, 0.123494 
0.028843, 0.274559, 0.123494 
0.028855, 0.274533, 0.123494 
0.028868, 0.274507, 0.123493 
0.028880, 0.274482, 0.123493 
0.028893, 0.274456, 0.123493 
0.028905, 0.274430, 0.123493 
0.028918, 0.274404, 0.123492 
0.028930, 0.274379, 0.123492 
0.028943, 0.274353, 0.123492 
0.028955, 0.274327, 0.123492 
0.028967, 0.274301, 0.123491 
0.028980, 0.274275, 0.123491 
0.028992, 0.274250, 0.123491 
0.029005, 0.274224, 0.123490 
0.029017, 0.274198, 0.123490 
0.029030, 0.274172, 0.123490 
0.029042, 0.274147, 0.123490 
0.029054, 0.274121, 0.123489 
0.029067, 0.274095, 0.123489 
0.029079, 0.274069, 0.123489 
0.029092, 0.274044, 0.123489 
0.029104, 0.274018, 0.123488 
0.029117, 0.273992, 0.123488 
0.028774, 0.273678, 0.123156 
0.028775, 0.273667, 0.123153 
0.028779, 0.273635, 0.123145 
0.028783, 0.273601, 0.123136 
0.028787, 0.273570, 0.123128 
0.028791, 0.273538, 0.123120 
0.028794, 0.273506, 0.123112 
0.028798, 0.273475, 0.123104 
0.028802, 0.273442, 0.123096 
0.028806, 0.273410, 0.123088 
0.028810, 0.273378, 0.123080 
0.028814, 0.273345, 0.123072 
0.028818, 0.273313, 0.123064 
0.028822, 0.273281, 0.123056 
0.028825, 0.273249, 0.123048 
0.028829, 0.273217, 0.123039 
0.028833, 0.273185, 0.123031 
0.028837, 0.273153, 0.123023 
0.028841, 0.273121, 0.123015 
0.028845, 0.273088, 0.123007 
0.028849, 0.273056, 0.122999 
0.028853, 0.273024, 0.122991 
0.028856, 0.272992, 0.122983 
0.028860, 0.272960, 0.122975 
0.028864, 0.272928, 0.122967 
0.028868, 0.272895, 0.122959 
0.028872, 0.272863, 0.122950 
0.028876, 0.272831, 0.122943 
0.028880, 0.272799, 0.122934 
0.028884, 0.272767, 0.122926 
0.028887, 0.272735, 0.122918 
0.028891, 0.272702, 0.122910 
0.028895, 0.272670, 0.122902 
0.028899, 0.272638, 0.122894 
0.028903, 0.272605, 0.122886 
0.028907, 0.272573, 0.122878 
0.028911, 0.272541, 0.122869 
0.028915, 0.272509, 0.122861 
0.028919, 0.272477, 0.122853 
0.028554, 0.272164, 0.122834 
0.028554, 0.272162, 0.122833 
0.028550, 0.272125, 0.122825 
0.028545, 0.272088, 0.122817 
0.028540, 0.272051, 0.122809 
0.028535, 0.272014, 0.122801 
0.028531, 0.271977, 0.122794 
0.028526, 0.271939, 0.122785 
0.028521, 0.271902, 0.122778 
0.028517, 0.271865, 0.122769 
0.028512, 0.271828, 0.122762 
0.028507, 0.271791, 0.122754 
0.028503, 0.271754, 0.122746 
0.028498, 0.271717, 0.122738 
0.028493, 0.271679, 0.122730 
0.028489, 0.271642, 0.122721 
0.028484, 0.271606, 0.122714 
0.028479, 0.271569, 0.122706 
0.028475, 0.271532, 0.122698 
0.028470, 0.271495, 0.122690 
0.028465, 0.271458, 0.122682 
0.028461, 0.271420, 0.122674 
0.028456, 0.271383, 0.122666 
0.028451, 0.271346, 0.122658 
0.028447, 0.271309, 0.122650 
0.028442, 0.271272, 0.122642 
0.028437, 0.271235, 0.122634 
0.028433, 0.271198, 0.122626 
0.028428, 0.271160, 0.122618 
0.028423, 0.271123, 0.122610 
0.028419, 0.271087, 0.122602 
0.028414, 0.271050, 0.122594 
0.028409, 0.271012, 0.122586 
0.028404, 0.270975, 0.122578 
0.028400, 0.270938, 0.122570 
0.028395, 0.270901, 0.122562 
0.028390, 0.270864, 0.122554 
0.028386, 0.270827, 0.122546 
0.028381, 0.270790, 0.122538 
0.028270, 0.273098, 0.122678 
0.028267, 0.273107, 0.122676 
0.028260, 0.273124, 0.122671 
0.028253, 0.273142, 0.122667 
0.028245, 0.273159, 0.122662 
0.028238, 0.273176, 0.122658 
0.028231, 0.273194, 0.122653 
0.028224, 0.273211, 0.122649 
0.028217, 0.273228, 0.122645 
0.028210, 0.273246, 0.122640 
0.028203, 0.273263, 0.122636 
0.028196, 0.273280, 0.122631 
0.028189, 0.273298, 0.122627 
0.028182, 0.273315, 0.122622 
0.028175, 0.273333, 0.122618 
0.028168, 0.273350, 0.122613 
0.028161, 0.273367, 0.122609 
0.028154, 0.273385, 0.122604 
0.028146, 0.273402, 0.122600 
0.028139, 0.273419, 0.122595 
0.028132, 0.273436, 0.122591 
0.028125, 0.273454, 0.122586 
0.028118, 0.273471, 0.122582 
0.028111, 0.273488, 0.122577 
0.028104, 0.273506, 0.122573 
0.028097, 0.273524, 0.122568 
0.028090, 0.273541, 0.122564 
0.028083, 0.273558, 0.122559 
0.028076, 0.273576, 0.122555 
0.028069, 0.273593, 0.122550 
0.028061, 0.273610, 0.122546 
0.028054, 0.273628, 0.122541 
0.028047, 0.273645, 0.122537 
0.028040, 0.273662, 0.122532 
0.028033, 0.273679, 0.122528 
0.028026, 0.273697, 0.122524 
0.028019, 0.273714, 0.122519 
0.028012, 0.273731, 0.122515 
0.028005, 0.273749, 0.122510 
0.027929, 0.274746, 0.122492 
0.027920, 0.274784, 0.122487 
0.027912, 0.274825, 0.122482 
0.027903, 0.274865, 0.122478 
0.027894, 0.274906, 0.122473 
0.027886, 0.274946, 0.122468 
0.027877, 0.274986, 0.122463 
0.027868, 0.275027, 0.122458 
0.027860, 0.275067, 0.122454 
0.027851, 0.275108, 0.122449 
0.027842, 0.275148, 0.122444 
0.027833, 0.275189, 0.122439 
0.027825, 0.275229, 0.122434 
0.027816, 0.275269, 0.122430 
0.027807, 0.275310, 0.122425 
0.027799, 0.275351, 0.122420 
0.027790, 0.275391, 0.122415 
0.027781, 0.275431, 0.122410 
0.027773, 0.275472, 0.122406 
0.027764, 0.275513, 0.122401 
0.027755, 0.275553, 0.122396 
0.027747, 0.275593, 0.122391 
0.027738, 0.275634, 0.122386 
0.027729, 0.275674, 0.122382 
0.027721, 0.275714, 0.122377 
0.027712, 0.275755, 0.122372 
0.027703, 0.275795, 0.122367 
0.027694, 0.275836, 0.122362 
0.027686, 0.275877, 0.122358 
0.027677, 0.275918, 0.122353 
0.027668, 0.275958, 0.122348 
0.027659, 0.275999, 0.122343 
0.027651, 0.276038, 0.122338 
0.027642, 0.276079, 0.122334 
0.027633, 0.276120, 0.122329 
0.027625, 0.276160, 0.122324 
0.027616, 0.276200, 0.122319 
0.027607, 0.276241, 0.122314 
0.027599, 0.276282, 0.122310 
0.027316, 0.276433, 0.122310 
0.027315, 0.276435, 0.122310 
0.027302, 0.276471, 0.122306 
0.027287, 0.276513, 0.122302 
0.027272, 0.276556, 0.122297 
0.027258, 0.276598, 0.122292 
0.027243, 0.276639, 0.122288 
0.027228, 0.276682, 0.122283 
0.027213, 0.276726, 0.122279 
0.027199, 0.276766, 0.122274 
0.027184, 0.276807, 0.122270 
0.027169, 0.276850, 0.122265 
0.027154, 0.276892, 0.122261 
0.027139, 0.276934, 0.122256 
0.027124, 0.276976, 0.122251 
0.027110, 0.277018, 0.122247 
0.027095, 0.277059, 0.122242 
0.027080, 0.277102, 0.122238 
0.027065, 0.277144, 0.122233 
0.027051, 0.277186, 0.122229 
0.027036, 0.277228, 0.122224 
0.027021, 0.277269, 0.122220 
0.027006, 0.277312, 0.122215 
0.026992, 0.277354, 0.122211 
0.026977, 0.277396, 0.122206 
0.026962, 0.277438, 0.122201 
0.026947, 0.277480, 0.122197 
0.026932, 0.277522, 0.122192 
0.026918, 0.277564, 0.122188 
0.026903, 0.277606, 0.122183 
0.026888, 0.277649, 0.122179 
0.026873, 0.277691, 0.122174 
0.026858, 0.277732, 0.122170 
0.026843, 0.277774, 0.122165 
0.026829, 0.277816, 0.122160 
0.026814, 0.277858, 0.122156 
0.026799, 0.277900, 0.122151 
0.026784, 0.277943, 0.122147 
0.026769, 0.277985, 0.122142 
0.027607, 0.276600, 0.121906 
0.027607, 0.276600, 0.121906 
0.027608, 0.276602, 0.121904 
0.027614, 0.276609, 0.121894 
0.027619, 0.276617, 0.121884 
0.027625, 0.276625, 0.121874 
0.027630, 0.276632, 0.121865 
0.027635, 0.276639, 0.121855 
0.027641, 0.276647, 0.121845 
0.027646, 0.276654, 0.121835 
0.027652, 0.276662, 0.121826 
0.027657, 0.276669, 0.121816 
0.027663, 0.276676, 0.121806 
0.027668, 0.276684, 0.121796 
0.027674, 0.276691, 0.121787 
0.027679, 0.276699, 0.121777 
0.027684, 0.276706, 0.121767 
0.027690, 0.276714, 0.121758 
0.027695, 0.276721, 0.121748 
0.027701, 0.276729, 0.121738 
0.027706, 0.276736, 0.121729 
0.027712, 0.276743, 0.121719 
0.027717, 0.276751, 0.121709 
0.027723, 0.276758, 0.121699 
0.027728, 0.276766, 0.121689 
0.027734, 0.276773, 0.121680 
0.027739, 0.276781, 0.121670 
0.027744, 0.276788, 0.121660 
0.027750, 0.276796, 0.121651 
0.027755, 0.276803, 0.121641 
0.027761, 0.276810, 0.121631 
0.027766, 0.276818, 0.121622 
0.027772, 0.276825, 0.121612 
0.027777, 0.276833, 0.121602 
0.027782, 0.276840, 0.121593 
0.027788, 0.276848, 0.121583 
0.027793, 0.276855, 0.121573 
0.027799, 0.276862, 0.121563 
0.027804, 0.276870, 0.121554 
0.027651, 0.275972, 0.121741 
0.027653, 0.275962, 0.121737 
0.027654, 0.275948, 0.121732 
0.027656, 0.275934, 0.121727 
0.027658, 0.275920, 0.121723 
0.027659, 0.275905, 0.121717 
0.027661, 0.275891, 0.121713 
0.027662, 0.275877, 0.121708 
0.027664, 0.275863, 0.121703 
0.027666, 0.275848, 0.121698 
0.027667, 0.275834, 0.121693 
0.027669, 0.275820, 0.121688 
0.027671, 0.275806, 0.121683 
0.027672, 0.275791, 0.121678 
0.027674, 0.275777, 0.121673 
0.027676, 0.275763, 0.121668 
0.027677, 0.275749, 0.121663 
0.027679, 0.275735, 0.121658 
0.027681, 0.275721, 0.121653 
0.027682, 0.275706, 0.121648 
0.027684, 0.275692, 0.121643 
0.027685, 0.275678, 0.121638 
0.027687, 0.275664, 0.121633 
0.027689, 0.275650, 0.121628 
0.027690, 0.275636, 0.121623 
0.027692, 0.275621, 0.121618 
0.027694, 0.275607, 0.121613 
0.027695, 0.275593, 0.121608 
0.027697, 0.275579, 0.121603 
0.027699, 0.275565, 0.121599 
0.027700, 0.275551, 0.121594 
0.027702, 0.275536, 0.121589 
0.027703, 0.275522, 0.121584 
0.027705, 0.275508, 0.121579 
0.027707, 0.275494, 0.121574 
0.027708, 0.275480, 0.121569 
0.027710, 0.275465, 0.121564 
0.027712, 0.275451, 0.121559 
0.027713, 0.275437, 0.121554 
0.027715, 0.275423, 0.121549 
0.027776, 0.275614, 0.121625 
0.027778, 0.275608, 0.121623 
0.027781, 0.275599, 0.121620 
0.027784, 0.275589, 0.121617 
0.027787, 0.275580, 0.121614 
0.027790, 0.275571, 0.121611 
0.027793, 0.275561, 0.121608 
0.027796, 0.275552, 0.121605 
0.027800, 0.275543, 0.121602 
0.027803, 0.275533, 0.121599 
0.027806, 0.275524, 0.121596 
0.027809, 0.275515, 0.121593 
0.027812, 0.275505, 0.121590 
0.027815, 0.275496, 0.121587 
0.027818, 0.275487, 0.121584 
0.027821, 0.275477, 0.121580 
0.027824, 0.275468, 0.121577 
0.027827, 0.275459, 0.121574 
0.027830, 0.275449, 0.121571 
0.027833, 0.275440, 0.121568 
0.027836, 0.275431, 0.121565 
0.027839, 0.275422, 0.121562 
0.027842, 0.275412, 0.121559 
0.027845, 0.275403, 0.121556 
0.027848, 0.275394, 0.121553 
0.027851, 0.275385, 0.121550 
0.027854, 0.275375, 0.121547 
0.027857, 0.275366, 0.121544 
0.027860, 0.275357, 0.121541 
0.027863, 0.275347, 0.121538 
0.027866, 0.275338, 0.121535 
0.027869, 0.275329, 0.121532 
0.027872, 0.275320, 0.121529 
0.027875, 0.275310, 0.121526 
0.027878, 0.275301, 0.121523 
0.027881, 0.275292, 0.121520 
0.027884, 0.275282, 0.121517 
0.027887, 0.275273, 0.121514 
0.027890, 0.275263, 0.121511 
0.028747, 0.275813, 0.121962 
0.028748, 0.275813, 0.121962 
0.028770, 0.275817, 0.121969 
0.028793, 0.275821, 0.121977 
0.028815, 0.275824, 0.121984 
0.028837, 0.275828, 0.121992 
0.028859, 0.275832, 0.121999 
0.028881, 0.275835, 0.122006 
0.028903, 0.275839, 0.122014 
0.028925, 0.275843, 0.122021 
0.028947, 0.275847, 0.122028 
0.028970, 0.275851, 0.122036 
0.028992, 0.275854, 0.122043 
0.029014, 0.275858, 0.122051 
0.029036, 0.275862, 0.122058 
0.029059, 0.275866, 0.122065 
0.029081, 0.275870, 0.122073 
0.029104, 0.275873, 0.122080 
0.029125, 0.275877, 0.122088 
0.029147, 0.275881, 0.122095 
0.029170, 0.275885, 0.122102 
0.029192, 0.275888, 0.122110 
0.029214, 0.275892, 0.122117 
0.029236, 0.275896, 0.122125 
0.029259, 0.275900, 0.122132 
0.029281, 0.275904, 0.122139 
0.029303, 0.275907, 0.122147 
0.029325, 0.275911, 0.122154 
0.029347, 0.275915, 0.122162 
0.029370, 0.275919, 0.122169 
0.029392, 0.275923, 0.122176 
0.029414, 0.275926, 0.122184 
0.029436, 0.275930, 0.122191 
0.029459, 0.275934, 0.122199 
0.029481, 0.275938, 0.122206 
0.029503, 0.275942, 0.122213 
0.029525, 0.275945, 0.122221 
0.029547, 0.275949, 0.122228 
0.029429, 0.276006, 0.122326 
0.029440, 0.276008, 0.122332 
0.029459, 0.276013, 0.122341 
0.029478, 0.276018, 0.122351 
0.029496, 0.276023, 0.122360 
0.029515, 0.276028, 0.122369 
0.029534, 0.276033, 0.122379 
0.029552, 0.276038, 0.122388 
0.029572, 0.276043, 0.122398 
0.029590, 0.276048, 0.122407 
0.029609, 0.276053, 0.122417 
0.029627, 0.276058, 0.122426 
0.029646, 0.276063, 0.122436 
0.029664, 0.276068, 0.122445 
0.029683, 0.276073, 0.122455 
0.029702, 0.276078, 0.122464 
0.029721, 0.276083, 0.122473 
0.029739, 0.276088, 0.122483 
0.029758, 0.276093, 0.122492 
0.029777, 0.276098, 0.122502 
0.029796, 0.276103, 0.122511 
0.029814, 0.276108, 0.122521 
0.029833, 0.276113, 0.122530 
0.029852, 0.276118, 0.122540 
0.029870, 0.276123, 0.122549 
0.029889, 0.276128, 0.122558 
0.029907, 0.276133, 0.122568 
0.029926, 0.276138, 0.122577 
0.029946, 0.276143, 0.122587 
0.029964, 0.276148, 0.122596 
0.029982, 0.276153, 0.122605 
0.030001, 0.276158, 0.122615 
0.030020, 0.276163, 0.122625 
0.030039, 0.276168, 0.122634 
0.030057, 0.276173, 0.122643 
0.030076, 0.276178, 0.122653 
0.030094, 0.276183, 0.122662 
0.030113, 0.276188, 0.122672 
0.030132, 0.276193, 0.122681 
0.030151, 0.276198, 0.122691 
0.029682, 0.277185, 0.122867 
0.029690, 0.277213, 0.122880 
0.029697, 0.277240, 0.122894 
0.029705, 0.277268, 0.122907 
0.029712, 0.277296, 0.122920 
0.029720, 0.277323, 0.122934 
0.029727, 0.277351, 0.122947 
0.029735, 0.277379, 0.122960 
0.029742, 0.277407, 0.122974 
0.029750, 0.277434, 0.122987 
0.029757, 0.277462, 0.123000 
0.029764, 0.277489, 0.123013 
0.029772, 0.277517, 0.123027 
0.029780, 0.277545, 0.123040 
0.029787, 0.277572, 0.123053 
0.029794, 0.277600, 0.123067 
0.029802, 0.277628, 0.123080 
0.029809, 0.277656, 0.123094 
0.029817, 0.277683, 0.123107 
0.029824, 0.277711, 0.123120 
0.029832, 0.277738, 0.123133 
0.029839, 0.277766, 0.123146 
0.029846, 0.277793, 0.123160 
0.029854, 0.277821, 0.123173 
0.029861, 0.277848, 0.123186 
0.029869, 0.277876, 0.123199 
0.029876, 0.277904, 0.123213 
0.029884, 0.277932, 0.123226 
0.029891, 0.277959, 0.123239 
0.029899, 0.277987, 0.123253 
0.029906, 0.278015, 0.123266 
0.029914, 0.278042, 0.123279 
0.029921, 0.278070, 0.123293 
0.029928, 0.278097, 0.123306 
0.029936, 0.278125, 0.123319 
0.029943, 0.278153, 0.123333 
0.029951, 0.278180, 0.123346 
0.029958, 0.278208, 0.123359 
0.029878, 0.276722, 0.123189 
0.029880, 0.276719, 0.123192 
0.029885, 0.276710, 0.123201 
0.029890, 0.276702, 0.123210 
0.029896, 0.276693, 0.123219 
0.029901, 0.276685, 0.123227 
0.029906, 0.276676, 0.123236 
0.029911, 0.276667, 0.123245 
0.029917, 0.276658, 0.123254 
0.029922, 0.276650, 0.123263 
0.029927, 0.276641, 0.123271 
0.029932, 0.276633, 0.123280 
0.029938, 0.276624, 0.123289 
0.029943, 0.276616, 0.123297 
0.029948, 0.276607, 0.123306 
0.029953, 0.276598, 0.123315 
0.029959, 0.276590, 0.123324 
0.029964, 0.276581, 0.123333 
0.029969, 0.276572, 0.123341 
0.029974, 0.276564, 0.123350 
0.029980, 0.276555, 0.123359 
0.029985, 0.276547, 0.123368 
0.029990, 0.276538, 0.123376 
0.029996, 0.276530, 0.123385 
0.030001, 0.276521, 0.123394 
0.030006, 0.276512, 0.123403 
0.030011, 0.276504, 0.123411 
0.030017, 0.276495, 0.123420 
0.030022, 0.276486, 0.123429 
0.030027, 0.276478, 0.123438 
0.030032, 0.276469, 0.123446 
0.030038, 0.276461, 0.123455 
0.030043, 0.276452, 0.123464 
0.030048, 0.276443, 0.123473 
0.030053, 0.276435, 0.123481 
0.030059, 0.276426, 0.123490 
0.030064, 0.276418, 0.123499 
0.030069, 0.276409, 0.123508 
0.030075, 0.276400, 0.123517 
0.029617, 0.275210, 0.123431 
0.029616, 0.275208, 0.123431 
0.029612, 0.275181, 0.123436 
0.029606, 0.275145, 0.123442 
0.029601, 0.275109, 0.123449 
0.029595, 0.275073, 0.123455 
0.029589, 0.275037, 0.123461 
0.029584, 0.275001, 0.123468 
0.029578, 0.274964, 0.123474 
0.029572, 0.274930, 0.123480 
0.029567, 0.274894, 0.123487 
0.029561, 0.274858, 0.123493 
0.029555, 0.274822, 0.123499 
0.029550, 0.274786, 0.123506 
0.029544, 0.274750, 0.123512 
0.029538, 0.274714, 0.123518 
0.029533, 0.274678, 0.123524 
0.029527, 0.274643, 0.123531 
0.029521, 0.274606, 0.123537 
0.029515, 0.274570, 0.123543 
0.029510, 0.274535, 0.123550 
0.029504, 0.274499, 0.123556 
0.029498, 0.274463, 0.123562 
0.029493, 0.274427, 0.123569 
0.029487, 0.274391, 0.123575 
0.029481, 0.274355, 0.123581 
0.029476, 0.274319, 0.123588 
0.029470, 0.274283, 0.123594 
0.029464, 0.274247, 0.123600 
0.029459, 0.274211, 0.123607 
0.029453, 0.274176, 0.123613 
0.029447, 0.274140, 0.123619 
0.029442, 0.274104, 0.123625 
0.029436, 0.274068, 0.123632 
0.029430, 0.274032, 0.123638 
0.029425, 0.273996, 0.123644 
0.029419, 0.273959, 0.123651 
0.029413, 0.273925, 0.123657 
0.029408, 0.273888, 0.123663 
0.029402, 0.273853, 0.123670 
0.028710, 0.273583, 0.123614 
0.028690, 0.273544, 0.123618 
0.028668, 0.273502, 0.123623 
0.028647, 0.273462, 0.123628 
0.028625, 0.273421, 0.123633 
0.028603, 0.273379, 0.123638 
0.028582, 0.273338, 0.123643 
0.028560, 0.273297, 0.123647 
0.028538, 0.273255, 0.123652 
0.028517, 0.273214, 0.123657 
0.028495, 0.273173, 0.123662 
0.028473, 0.273131, 0.123667 
0.028452, 0.273090, 0.123672 
0.028430, 0.273048, 0.123677 
0.028408, 0.273007, 0.123681 
0.028386, 0.272966, 0.123686 
0.028364, 0.272924, 0.123691 
0.028343, 0.272883, 0.123696 
0.028321, 0.272841, 0.123701 
0.028299, 0.272800, 0.123706 
0.028277, 0.272759, 0.123711 
0.028256, 0.272718, 0.123715 
0.028234, 0.272676, 0.123720 
0.028212, 0.272635, 0.123725 
0.028191, 0.272594, 0.123730 
0.028169, 0.272553, 0.123735 
0.028147, 0.272511, 0.123740 
0.028126, 0.272470, 0.123745 
0.028104, 0.272429, 0.123749 
0.028082, 0.272387, 0.123754 
0.028060, 0.272346, 0.123759 
0.028039, 0.272304, 0.123764 
0.028017, 0.272264, 0.123769 
0.027995, 0.272222, 0.123774 
0.027974, 0.272181, 0.123779 
0.027952, 0.272139, 0.123783 
0.027930, 0.272098, 0.123788 
0.027908, 0.272056, 0.123793 
0.027886, 0.272014, 0.123798 
0.027629, 0.272726, 0.123449 
0.027612, 0.272711, 0.123447 
0.027585, 0.272688, 0.123443 
0.027558, 0.272665, 0.123440 
0.027531, 0.272642, 0.123436 
0.027504, 0.272619, 0.123433 
0.027477, 0.272595, 0.123429 
0.027449, 0.272572, 0.123425 
0.027423, 0.272549, 0.123422 
0.027395, 0.272525, 0.123418 
0.027369, 0.272503, 0.123415 
0.027341, 0.272479, 0.123411 
0.027313, 0.272455, 0.123408 
0.027287, 0.272433, 0.123404 
0.027260, 0.272409, 0.123401 
0.027233, 0.272386, 0.123397 
0.027206, 0.272363, 0.123394 
0.027179, 0.272340, 0.123390 
0.027151, 0.272316, 0.123387 
0.027125, 0.272293, 0.123383 
0.027097, 0.272270, 0.123379 
0.027070, 0.272247, 0.123376 
0.027043, 0.272224, 0.123372 
0.027016, 0.272200, 0.123369 
0.026989, 0.272177, 0.123365 
0.026961, 0.272153, 0.123362 
0.026935, 0.272130, 0.123358 
0.026908, 0.272107, 0.123355 
0.026881, 0.272084, 0.123351 
0.026854, 0.272061, 0.123348 
0.026827, 0.272038, 0.123344 
0.026799, 0.272014, 0.123341 
0.026773, 0.271991, 0.123337 
0.026745, 0.271968, 0.123334 
0.026719, 0.271945, 0.123330 
0.026691, 0.271922, 0.123326 
0.026664, 0.271898, 0.123323 
0.026637, 0.271875, 0.123319 
0.026610, 0.271852, 0.123316 
0.028318, 0.273297, 0.123620 
0.028319, 0.273298, 0.123621 
0.028332, 0.273308, 0.123624 
0.028345, 0.273319, 0.123627 
0.028358, 0.273330, 0.123631 
0.028371, 0.273340, 0.123634 
0.028384, 0.273351, 0.123638 
0.028397, 0.273362, 0.123641 
0.028410, 0.273373, 0.123645 
0.028423, 0.273383, 0.123648 
0.028436, 0.273394, 0.123652 
0.028449, 0.273405, 0.123655 
0.028462, 0.273415, 0.123659 
0.028476, 0.273427, 0.123662 
0.028488, 0.273437, 0.123666 
0.028501, 0.273448, 0.123669 
0.028514, 0.273458, 0.123673 
0.028527, 0.273469, 0.123676 
0.028540, 0.273480, 0.123680 
0.028553, 0.273490, 0.123683 
0.028566, 0.273501, 0.123687 
0.028579, 0.273512, 0.123690 
0.028592, 0.273523, 0.123694 
0.028605, 0.273533, 0.123697 
0.028618, 0.273544, 0.123701 
0.028631, 0.273555, 0.123704 
0.028644, 0.273566, 0.123708 
0.028657, 0.273576, 0.123711 
0.028670, 0.273587, 0.123714 
0.028683, 0.273598, 0.123718 
0.028696, 0.273608, 0.123721 
0.028709, 0.273619, 0.123725 
0.028722, 0.273630, 0.123728 
0.028735, 0.273640, 0.123732 
0.028748, 0.273651, 0.123735 
0.028761, 0.273662, 0.123739 
0.028774, 0.273673, 0.123742 
0.029401, 0.274518, 0.123624 
0.029426, 0.274546, 0.123625 
0.029453, 0.274576, 0.123626 
0.029480, 0.274606, 0.123626 
0.029508, 0.274637, 0.123627 
0.029535, 0.274667, 0.123627 
0.029562, 0.274697, 0.123628 
0.029590, 0.274727, 0.123629 
0.029617, 0.274757, 0.123629 
0.029644, 0.274787, 0.123630 
0.029671, 0.274817, 0.123631 
0.029698, 0.274847, 0.123631 
0.029726, 0.274878, 0.123632 
0.029753, 0.274908, 0.123632 
0.029780, 0.274938, 0.123633 
0.029807, 0.274968, 0.123634 
0.029835, 0.274999, 0.123634 
0.029862, 0.275029, 0.123635 
0.029890, 0.275059, 0.123636 
0.029917, 0.275089, 0.123636 
0.029944, 0.275119, 0.123637 
0.029972, 0.275150, 0.123638 
0.029999, 0.275180, 0.123638 
0.030026, 0.275210, 0.123639 
0.030054, 0.275240, 0.123639 
0.030081, 0.275270, 0.123640 
0.030108, 0.275301, 0.123641 
0.030136, 0.275331, 0.123641 
0.030163, 0.275361, 0.123642 
0.030190, 0.275391, 0.123643 
0.030218, 0.275421, 0.123643 
0.030245, 0.275451, 0.123644 
0.030272, 0.275482, 0.123645 
0.030300, 0.275512, 0.123645 
0.030326, 0.275542, 0.123646 
0.030354, 0.275572, 0.123646 
0.030381, 0.275602, 0.123647 
0.030408, 0.275632, 0.123648 
0.030436, 0.275663, 0.123648 
0.029191, 0.275736, 0.123509 
0.029189, 0.275755, 0.123508 
0.029186, 0.275786, 0.123505 
0.029183, 0.275817, 0.123503 
0.029180, 0.275848, 0.123500 
0.029177, 0.275878, 0.123497 
0.029174, 0.275909, 0.123495 
0.029171, 0.275942, 0.123492 
0.029169, 0.275971, 0.123489 
0.029166, 0.276003, 0.123487 
0.029163, 0.276034, 0.123484 
0.029160, 0.276064, 0.123481 
0.029157, 0.276095, 0.123479 
0.029154, 0.276126, 0.123476 
0.029151, 0.276157, 0.123473 
0.029148, 0.276188, 0.123471 
0.029145, 0.276219, 0.123468 
0.029142, 0.276250, 0.123465 
0.029139, 0.276281, 0.123463 
0.029136, 0.276312, 0.123460 
0.029134, 0.276343, 0.123457 
0.029131, 0.276374, 0.123455 
0.029128, 0.276405, 0.123452 
0.029125, 0.276435, 0.123449 
0.029122, 0.276466, 0.123447 
0.029119, 0.276497, 0.123444 
0.029116, 0.276528, 0.123441 
0.029113, 0.276559, 0.123439 
0.029110, 0.276590, 0.123436 
0.029107, 0.276622, 0.123433 
0.029104, 0.276652, 0.123431 
0.029101, 0.276683, 0.123428 
0.029099, 0.276714, 0.123425 
0.029096, 0.276745, 0.123423 
0.029093, 0.276776, 0.123420 
0.029090, 0.276806, 0.123418 
0.029087, 0.276837, 0.123415 
0.029084, 0.276869, 0.123412 
0.029081, 0.276899, 0.123410 
0.028503, 0.276461, 0.123338 
0.028486, 0.276480, 0.123334 
0.028470, 0.276500, 0.123330 
0.028453, 0.276520, 0.123325 
0.028437, 0.276540, 0.123321 
0.028420, 0.276560, 0.123317 
0.028404, 0.276579, 0.123313 
0.028387, 0.276599, 0.123308 
0.028370, 0.276618, 0.123304 
0.028354, 0.276638, 0.123300 
0.028337, 0.276658, 0.123295 
0.028321, 0.276678, 0.123291 
0.028304, 0.276698, 0.123287 
0.028288, 0.276718, 0.123283 
0.028271, 0.276737, 0.123278 
0.028254, 0.276757, 0.123274 
0.028238, 0.276777, 0.123270 
0.028221, 0.276797, 0.123265 
0.028205, 0.276817, 0.123261 
0.028188, 0.276836, 0.123257 
0.028172, 0.276856, 0.123253 
0.028155, 0.276876, 0.123248 
0.028138, 0.276896, 0.123244 
0.028122, 0.276916, 0.123240 
0.028105, 0.276935, 0.123235 
0.028089, 0.276955, 0.123231 
0.028073, 0.276974, 0.123227 
0.028056, 0.276995, 0.123223 
0.028039, 0.277014, 0.123218 
0.028023, 0.277034, 0.123214 
0.028006, 0.277054, 0.123210 
0.027990, 0.277074, 0.123205 
0.027973, 0.277094, 0.123201 
0.027956, 0.277113, 0.123197 
0.027940, 0.277133, 0.123193 
0.027923, 0.277153, 0.123188 
0.027907, 0.277173, 0.123184 
0.027890, 0.277192, 0.123180 
0.027874, 0.277212, 0.123175 
0.027857, 0.277232, 0.123171 
0.028974, 0.276743, 0.123240 
0.028983, 0.276750, 0.123238 
0.028992, 0.276758, 0.123236 
0.029002, 0.276766, 0.123233 
0.029012, 0.276774, 0.123230 
0.029021, 0.276782, 0.123228 
0.029031, 0.276790, 0.123225 
0.029041, 0.276798, 0.123223 
0.029051, 0.276806, 0.123220 
0.029060, 0.276814, 0.123217 
0.029070, 0.276822, 0.123215 
0.029080, 0.276830, 0.123212 
0.029089, 0.276838, 0.123210 
0.029099, 0.276846, 0.123207 
0.029109, 0.276854, 0.123205 
0.029118, 0.276862, 0.123202 
0.029128, 0.276870, 0.123199 
0.029138, 0.276878, 0.123197 
0.029148, 0.276886, 0.123194 
0.029157, 0.276894, 0.123192 
0.029167, 0.276902, 0.123189 
0.029177, 0.276910, 0.123187 
0.029186, 0.276918, 0.123184 
0.029196, 0.276926, 0.123181 
0.029206, 0.276934, 0.123179 
0.029215, 0.276942, 0.123176 
0.029225, 0.276950, 0.123174 
0.029235, 0.276958, 0.123171 
0.029244, 0.276966, 0.123169 
0.029254, 0.276974, 0.123166 
0.029264, 0.276982, 0.123163 
0.029273, 0.276990, 0.123161 
0.029283, 0.276997, 0.123158 
0.029293, 0.277006, 0.123156 
0.029302, 0.277013, 0.123153 
0.029312, 0.277021, 0.123151 
0.029322, 0.277030, 0.123148 
0.029332, 0.277037, 0.123145 
0.029341, 0.277045, 0.123143 
0.029556, 0.276307, 0.123015 
0.029570, 0.276298, 0.123009 
0.029584, 0.276288, 0.123004 
0.029599, 0.276279, 0.122998 
0.029613, 0.276269, 0.122993 
0.029628, 0.276259, 0.122987 
0.029643, 0.276250, 0.122981 
0.029657, 0.276240, 0.122976 
0.029671, 0.276231, 0.122970 
0.029686, 0.276221, 0.122965 
0.029701, 0.276211, 0.122959 
0.029715, 0.276202, 0.122954 
0.029729, 0.276192, 0.122948 
0.029744, 0.276183, 0.122943 
0.029758, 0.276173, 0.122937 
0.029773, 0.276164, 0.122932 
0.029787, 0.276154, 0.122926 
0.029802, 0.276144, 0.122921 
0.029816, 0.276135, 0.122915 
0.029831, 0.276125, 0.122910 
0.029846, 0.276116, 0.122904 
0.029860, 0.276106, 0.122898 
0.029875, 0.276096, 0.122893 
0.029889, 0.276087, 0.122887 
0.029903, 0.276077, 0.122882 
0.029918, 0.276068, 0.122876 
0.029933, 0.276058, 0.122871 
0.029947, 0.276049, 0.122865 
0.029962, 0.276039, 0.122860 
0.029976, 0.276029, 0.122854 
0.029991, 0.276020, 0.122849 
0.030005, 0.276010, 0.122843 
0.030020, 0.276000, 0.122838 
0.030034, 0.275991, 0.122832 
0.030049, 0.275981, 0.122827 
0.030063, 0.275972, 0.122821 
0.030078, 0.275962, 0.122816 
0.030092, 0.275953, 0.122810 
0.030107, 0.275943, 0.122804 
0.028437, 0.274919, 0.122761 
0.028436, 0.274917, 0.122761 
0.028428, 0.274906, 0.122759 
0.028404, 0.274874, 0.122752 
0.028379, 0.274842, 0.122746 
